sample_id,category,branch_used,is_dual,ground_truth,predicted,correct,used_fallback,vision_used,subset,config,error,subtype_used,initial_branch_used,vision_letter,vision_confidence,vision_triggered,vision_forced,vision_suppressed,viz_type,flags,expected_schema,predicted_value,numeric_quantity,numeric_note,rel_acc,evidence_json,qa_type,quality_score,propose_fired,propose_executed,propose_steps,propose_fallbacks,loop_used,loop_depth,refine_fired,refine_branches
16,seasonality analysis,periodicity,False,B,A,False,False,False,Base,baseline,,period_value,periodicity,,,False,,,,[],mcq,,,,,"{""branch"": ""periodicity"", ""dominant_period_fft"": 202.6, ""period_reconciled"": 202.6, ""seasonal_strength"": 0.826801}",a multiple choice question,,False,,,,,,False,
4,noise analysis,noise,False,A,A,True,False,True,Base,baseline,,variance_level,noise,D,high,True,,,spectrogram,"[""arch_effects""]",mcq,,,,,"{""branch"": ""noise"", ""is_stationary"": false, ""is_white_noise"": false, ""adf_pval"": 0.155646, ""kpss_pval"": 0.01, ""vision_confidence"": ""high""}",a multiple choice question,,False,,,,,,False,
15,noise analysis,noise,False,A,B,False,False,True,Base,baseline,,ar_ma_process,noise,B,high,True,,,spectrogram,"[""arch_effects""]",mcq,,,,,"{""branch"": ""noise"", ""is_stationary"": true, ""is_white_noise"": false, ""adf_pval"": 0.0, ""kpss_pval"": 0.1, ""vision_confidence"": ""high""}",a multiple choice question,,False,,,,,,False,
14,noise analysis,noise,False,C,B,False,False,True,Base,baseline,,ar_ma_process,noise,B,high,True,,,spectrogram,"[""arch_effects""]",mcq,,,,,"{""branch"": ""noise"", ""is_stationary"": false, ""is_white_noise"": false, ""adf_pval"": 0.224201, ""kpss_pval"": 0.01, ""vision_confidence"": ""high""}",a multiple choice question,,False,,,,,,False,
5,seasonality analysis,periodicity,False,B,D,False,False,True,Base,baseline,,waveform_type,periodicity,D,high,True,,,line_plot,[],mcq,,,,,"{""branch"": ""periodicity"", ""dominant_period_fft"": 405.6, ""period_reconciled"": 405.6, ""seasonal_strength"": 0.772112, ""vision_confidence"": ""high""}",a multiple choice question,,False,,,,,,False,
8,seasonality analysis,periodicity,False,A,A,True,False,True,Base,baseline,,waveform_type,periodicity,A,high,True,,,line_plot,[],mcq,,,,,"{""branch"": ""periodicity"", ""dominant_period_fft"": 60.0, ""period_reconciled"": 60.0, ""seasonal_strength"": 1.0, ""vision_confidence"": ""high""}",a multiple choice question,,False,,,,,,False,
9,trend analysis,trend,False,B,B,True,False,True,Base,baseline,,direction,trend,B,high,True,,,line_plot,"[""low_r2""]",mcq,,,,,"{""branch"": ""trend"", ""direction"": ""decreasing"", ""slope"": -0.649399, ""r2"": 0.601444, ""vision_confidence"": ""high""}",a multiple choice question,,False,,,,,,False,
6,trend analysis,trend,False,C,C,True,False,True,Base,baseline,,direction,trend,A,high,True,,,line_plot,"[""low_r2""]",mcq,,,,,"{""branch"": ""trend"", ""direction"": ""increasing"", ""slope"": 0.021535, ""r2"": 0.492911, ""vision_confidence"": ""high""}",a multiple choice question,,False,,,,,,False,
13,trend analysis,noise,False,B,C,False,False,True,Base,baseline,,autocorr_value,noise,C,high,True,,,spectrogram,"[""arch_effects""]",mcq,,,,,"{""branch"": ""noise"", ""is_stationary"": true, ""is_white_noise"": false, ""adf_pval"": 0.020621, ""kpss_pval"": 0.1, ""vision_confidence"": ""high""}",a multiple choice question,,False,,,,,,False,
7,noise analysis,noise,False,D,D,True,False,True,Base,baseline,,ar_ma_process,noise,D,high,True,,,spectrogram,"[""arch_effects""]",mcq,,,,,"{""branch"": ""noise"", ""is_stationary"": false, ""is_white_noise"": false, ""adf_pval"": 1.0, ""kpss_pval"": 0.01, ""vision_confidence"": ""high""}",a multiple choice question,,False,,,,,,False,
3,trend analysis,trend,False,C,C,True,False,True,Base,baseline,,direction,trend,C,high,True,,,line_plot,"[""low_r2""]",mcq,,,,,"{""branch"": ""trend"", ""direction"": ""decreasing"", ""slope"": -0.152562, ""r2"": 0.079063, ""vision_confidence"": ""high""}",a multiple choice question,,False,,,,,,False,
10,noise analysis,noise,False,C,A,False,False,True,Base,baseline,,variance_level,noise,D,high,True,,,spectrogram,"[""arch_effects""]",mcq,,,,,"{""branch"": ""noise"", ""is_stationary"": false, ""is_white_noise"": false, ""adf_pval"": 0.325405, ""kpss_pval"": 0.01, ""vision_confidence"": ""high""}",a multiple choice question,,False,,,,,,False,
12,seasonality analysis,periodicity,False,A,D,False,False,True,Base,baseline,,period_value,periodicity,D,high,True,,,spectrogram,"[""fft_unreliable""]",mcq,,,,,"{""branch"": ""periodicity"", ""dominant_period_fft"": 1807.0, ""period_reconciled"": 1807.0, ""seasonal_strength"": 0.053905, ""vision_confidence"": ""high""}",a multiple choice question,,False,,,,,,False,
2,seasonality analysis,periodicity,False,B,B,True,False,True,Base,baseline,,waveform_type,periodicity,B,high,True,,,line_plot,[],mcq,,,,,"{""branch"": ""periodicity"", ""dominant_period_fft"": 172.0, ""period_reconciled"": 172.0, ""seasonal_strength"": 0.999899, ""vision_confidence"": ""high""}",a multiple choice question,,False,,,,,,False,
11,seasonality analysis,periodicity,False,D,D,True,False,True,Base,baseline,,period_value,periodicity,D,high,True,,,spectrogram,"[""fft_unreliable""]",mcq,,,,,"{""branch"": ""periodicity"", ""dominant_period_fft"": 1556.0, ""period_reconciled"": 1556.0, ""seasonal_strength"": 0.0, ""vision_confidence"": ""high""}",a multiple choice question,,False,,,,,,False,
1,trend analysis,noise,False,A,C,False,False,True,Base,baseline,,autocorr_value,noise,C,high,True,,,spectrogram,"[""arch_effects""]",mcq,,,,,"{""branch"": ""noise"", ""is_stationary"": false, ""is_white_noise"": false, ""adf_pval"": 0.578684, ""kpss_pval"": 0.01, ""vision_confidence"": ""high""}",a multiple choice question,,False,,,,,,False,
17,seasonality analysis,periodicity,False,C,D,False,False,True,Base,baseline,,waveform_type,periodicity,D,high,True,,,line_plot,"[""fft_unreliable""]",mcq,,,,,"{""branch"": ""periodicity"", ""dominant_period_fft"": 914.0, ""period_reconciled"": 914.0, ""seasonal_strength"": 0.0, ""vision_confidence"": ""high""}",a multiple choice question,,False,,,,,,False,
30,seasonality analysis,periodicity,False,A,A,True,False,False,Base,baseline,,period_value,periodicity,,,False,,,,[],mcq,,,,,"{""branch"": ""periodicity"", ""dominant_period_fft"": 196.2, ""period_reconciled"": 196.2, ""seasonal_strength"": 0.998846}",a multiple choice question,,False,,,,,,False,
31,seasonality analysis,periodicity,False,B,A,False,False,False,Base,baseline,,period_value,periodicity,,,False,,,,[],mcq,,,,,"{""branch"": ""periodicity"", ""dominant_period_fft"": 152.4, ""period_reconciled"": 152.4, ""seasonal_strength"": 0.910769}",a multiple choice question,,False,,,,,,False,
32,seasonality analysis,periodicity,False,C,D,False,False,True,Base,baseline,,waveform_type,periodicity,D,high,True,,,line_plot,"[""fft_unreliable""]",mcq,,,,,"{""branch"": ""periodicity"", ""dominant_period_fft"": 914.0, ""period_reconciled"": 914.0, ""seasonal_strength"": 0.0, ""vision_confidence"": ""high""}",a multiple choice question,,False,,,,,,False,
18,seasonality analysis,periodicity,False,D,D,True,False,True,Base,baseline,,period_value,periodicity,D,high,True,,,spectrogram,"[""fft_unreliable""]",mcq,,,,,"{""branch"": ""periodicity"", ""dominant_period_fft"": 1138.0, ""period_reconciled"": 1138.0, ""seasonal_strength"": 0.035984, ""vision_confidence"": ""high""}",a multiple choice question,,False,,,,,,False,
24,seasonality analysis,periodicity,False,C,D,False,False,True,Base,baseline,,waveform_type,periodicity,D,high,True,,,line_plot,[],mcq,,,,,"{""branch"": ""periodicity"", ""dominant_period_fft"": 393.2, ""period_reconciled"": 393.2, ""seasonal_strength"": 0.999837, ""vision_confidence"": ""high""}",a multiple choice question,,False,,,,,,False,
27,seasonality analysis,periodicity,False,B,B,True,False,True,Base,baseline,,waveform_type,periodicity,B,high,True,,,line_plot,[],mcq,,,,,"{""branch"": ""periodicity"", ""dominant_period_fft"": 353.0, ""period_reconciled"": 353.0, ""seasonal_strength"": 0.999903, ""vision_confidence"": ""high""}",a multiple choice question,,False,,,,,,False,
21,seasonality analysis,periodicity,False,C,D,False,False,True,Base,baseline,,waveform_type,periodicity,D,high,True,,,line_plot,"[""fft_unreliable""]",mcq,,,,,"{""branch"": ""periodicity"", ""dominant_period_fft"": 1150.0, ""period_reconciled"": 1150.0, ""seasonal_strength"": 0.121961, ""vision_confidence"": ""high""}",a multiple choice question,,False,,,,,,False,
23,seasonality analysis,periodicity,False,B,B,True,False,True,Base,baseline,,waveform_type,periodicity,B,high,True,,,line_plot,[],mcq,,,,,"{""branch"": ""periodicity"", ""dominant_period_fft"": 385.8, ""period_reconciled"": 385.8, ""seasonal_strength"": 0.962999, ""vision_confidence"": ""high""}",a multiple choice question,,False,,,,,,False,
29,noise analysis,noise,False,D,A,False,False,True,Base,baseline,,variance_level,noise,D,high,True,,,spectrogram,"[""arch_effects""]",mcq,,,,,"{""branch"": ""noise"", ""is_stationary"": true, ""is_white_noise"": false, ""adf_pval"": 0.019419, ""kpss_pval"": 0.1, ""vision_confidence"": ""high""}",a multiple choice question,,False,,,,,,False,
19,trend analysis,noise,False,A,A,True,False,True,Base,baseline,,autocorr_value,noise,A,high,True,,,spectrogram,"[""arch_effects""]",mcq,,,,,"{""branch"": ""noise"", ""is_stationary"": false, ""is_white_noise"": false, ""adf_pval"": 0.989613, ""kpss_pval"": 0.01, ""vision_confidence"": ""high""}",a multiple choice question,,False,,,,,,False,
25,noise analysis,noise,False,D,A,False,False,True,Base,baseline,,variance_level,noise,D,high,True,,,spectrogram,"[""arch_effects""]",mcq,,,,,"{""branch"": ""noise"", ""is_stationary"": true, ""is_white_noise"": false, ""adf_pval"": 0.02195, ""kpss_pval"": 0.1, ""vision_confidence"": ""high""}",a multiple choice question,,False,,,,,,False,
22,trend analysis,noise,False,A,A,True,False,True,Base,baseline,,autocorr_value,noise,A,high,True,,,spectrogram,"[""arch_effects""]",mcq,,,,,"{""branch"": ""noise"", ""is_stationary"": false, ""is_white_noise"": false, ""adf_pval"": 0.483517, ""kpss_pval"": 0.01, ""vision_confidence"": ""high""}",a multiple choice question,,False,,,,,,False,
20,noise analysis,noise,False,B,B,True,False,True,Base,baseline,,ar_ma_process,noise,B,high,True,,,spectrogram,"[""arch_effects""]",mcq,,,,,"{""branch"": ""noise"", ""is_stationary"": false, ""is_white_noise"": false, ""adf_pval"": 0.662951, ""kpss_pval"": 0.01, ""vision_confidence"": ""high""}",a multiple choice question,,False,,,,,,False,
26,seasonality analysis,periodicity,False,A,A,True,False,True,Base,baseline,,waveform_type,periodicity,A,high,True,,,line_plot,[],mcq,,,,,"{""branch"": ""periodicity"", ""dominant_period_fft"": 394.2, ""period_reconciled"": 394.2, ""seasonal_strength"": 0.99995, ""vision_confidence"": ""high""}",a multiple choice question,,False,,,,,,False,
35,trend analysis,noise,False,C,A,False,False,True,Base,baseline,,autocorr_value,noise,A,high,True,,,spectrogram,"[""arch_effects""]",mcq,,,,,"{""branch"": ""noise"", ""is_stationary"": true, ""is_white_noise"": false, ""adf_pval"": 0.0, ""kpss_pval"": 0.1, ""vision_confidence"": ""high""}",a multiple choice question,,False,,,,,,False,
34,noise analysis,noise,False,B,B,True,False,True,Base,baseline,,ar_ma_process,noise,B,high,True,,,spectrogram,"[""adf_kpss_disagree"", ""arch_effects""]",mcq,,,,,"{""branch"": ""noise"", ""is_stationary"": false, ""is_white_noise"": false, ""adf_pval"": 1e-06, ""kpss_pval"": 0.039528, ""vision_confidence"": ""high""}",a multiple choice question,,False,,,,,,False,
33,trend analysis,trend,False,A,A,True,False,True,Base,baseline,,direction,trend,A,high,True,,,line_plot,"[""low_r2""]",mcq,,,,,"{""branch"": ""trend"", ""direction"": ""increasing"", ""slope"": 0.300778, ""r2"": 0.2448, ""vision_confidence"": ""high""}",a multiple choice question,,False,,,,,,False,
41,seasonality analysis,periodicity,False,B,B,True,False,True,Base,baseline,,waveform_type,periodicity,B,high,True,,,line_plot,[],mcq,,,,,"{""branch"": ""periodicity"", ""dominant_period_fft"": 79.2, ""period_reconciled"": 79.2, ""seasonal_strength"": 0.999463, ""vision_confidence"": ""high""}",a multiple choice question,,False,,,,,,False,
39,seasonality analysis,periodicity,False,D,D,True,False,True,Base,baseline,,waveform_type,periodicity,D,high,True,,,line_plot,"[""fft_unreliable""]",mcq,,,,,"{""branch"": ""periodicity"", ""dominant_period_fft"": 1557.0, ""period_reconciled"": 1557.0, ""seasonal_strength"": 0.028193, ""vision_confidence"": ""high""}",a multiple choice question,,False,,,,,,False,
48,seasonality analysis,periodicity,False,A,A,True,False,True,Base,baseline,,waveform_type,periodicity,A,high,True,,,line_plot,[],mcq,,,,,"{""branch"": ""periodicity"", ""dominant_period_fft"": 75.6, ""period_reconciled"": 75.6, ""seasonal_strength"": 0.999169, ""vision_confidence"": ""high""}",a multiple choice question,,False,,,,,,False,
50,seasonality analysis,periodicity,False,C,C,True,False,True,Base,baseline,,waveform_type,periodicity,C,high,True,,,line_plot,[],mcq,,,,,"{""branch"": ""periodicity"", ""dominant_period_fft"": 40.0, ""period_reconciled"": 40.0, ""seasonal_strength"": 0.99963, ""vision_confidence"": ""high""}",a multiple choice question,,False,,,,,,False,
47,seasonality analysis,periodicity,False,D,D,True,False,True,Base,baseline,,waveform_type,periodicity,D,high,True,,,line_plot,[],mcq,,,,,"{""branch"": ""periodicity"", ""dominant_period_fft"": 179.8, ""period_reconciled"": 179.8, ""seasonal_strength"": 0.973231, ""vision_confidence"": ""high""}",a multiple choice question,,False,,,,,,False,
43,seasonality analysis,periodicity,False,D,D,True,False,True,Base,baseline,,period_value,periodicity,D,high,True,,,spectrogram,"[""fft_unreliable""]",mcq,,,,,"{""branch"": ""periodicity"", ""dominant_period_fft"": 2048.0, ""period_reconciled"": 2048.0, ""seasonal_strength"": 0.023553, ""vision_confidence"": ""high""}",a multiple choice question,,False,,,,,,False,
51,seasonality analysis,periodicity,False,A,A,True,False,True,Base,baseline,,waveform_type,periodicity,A,high,True,,,line_plot,[],mcq,,,,,"{""branch"": ""periodicity"", ""dominant_period_fft"": 66.0, ""period_reconciled"": 66.0, ""seasonal_strength"": 0.998008, ""vision_confidence"": ""high""}",a multiple choice question,,False,,,,,,False,
55,seasonality analysis,periodicity,False,A,B,False,False,False,Base,baseline,,period_value,periodicity,,,False,,,,[],mcq,,,,,"{""branch"": ""periodicity"", ""dominant_period_fft"": 87.2, ""period_reconciled"": 87.2, ""seasonal_strength"": 0.790929}",a multiple choice question,,False,,,,,,False,
40,noise analysis,noise,False,A,A,True,False,True,Base,baseline,,variance_level,noise,D,high,True,,,spectrogram,"[""arch_effects""]",mcq,,,,,"{""branch"": ""noise"", ""is_stationary"": false, ""is_white_noise"": false, ""adf_pval"": 0.155646, ""kpss_pval"": 0.01, ""vision_confidence"": ""high""}",a multiple choice question,,False,,,,,,False,
46,seasonality analysis,periodicity,False,C,D,False,False,True,Base,baseline,,period_value,periodicity,D,high,True,,,spectrogram,"[""fft_unreliable""]",mcq,,,,,"{""branch"": ""periodicity"", ""dominant_period_fft"": 1643.0, ""period_reconciled"": 1643.0, ""seasonal_strength"": 0.131354, ""vision_confidence"": ""high""}",a multiple choice question,,False,,,,,,False,
38,trend analysis,trend,False,C,C,True,False,True,Base,baseline,,direction,trend,C,high,True,,,line_plot,"[""low_r2""]",mcq,,,,,"{""branch"": ""trend"", ""direction"": ""decreasing"", ""slope"": -0.152562, ""r2"": 0.079063, ""vision_confidence"": ""high""}",a multiple choice question,,False,,,,,,False,
45,trend analysis,trend,False,B,C,False,False,True,Base,baseline,,direction,trend,C,high,True,,,line_plot,"[""low_r2""]",mcq,,,,,"{""branch"": ""trend"", ""direction"": ""decreasing"", ""slope"": -0.029224, ""r2"": 0.035829, ""vision_confidence"": ""high""}",a multiple choice question,,False,,,,,,False,
49,trend analysis,noise,False,B,C,False,False,True,Base,baseline,,autocorr_value,noise,C,high,True,,,spectrogram,"[""adf_kpss_disagree"", ""arch_effects""]",mcq,,,,,"{""branch"": ""noise"", ""is_stationary"": false, ""is_white_noise"": false, ""adf_pval"": 2e-06, ""kpss_pval"": 0.026879, ""vision_confidence"": ""high""}",a multiple choice question,,False,,,,,,False,
36,trend analysis,trend,False,A,A,True,False,False,Base,baseline,,direction,trend,,,False,,,,[],mcq,,,,,"{""branch"": ""trend"", ""direction"": ""increasing"", ""slope"": 0.630578, ""r2"": 0.823696}",a multiple choice question,,False,,,,,,False,
52,seasonality analysis,periodicity,False,B,B,True,False,True,Base,baseline,,waveform_type,periodicity,B,high,True,,,line_plot,[],mcq,,,,,"{""branch"": ""periodicity"", ""dominant_period_fft"": 385.8, ""period_reconciled"": 385.8, ""seasonal_strength"": 0.962999, ""vision_confidence"": ""high""}",a multiple choice question,,False,,,,,,False,
53,noise analysis,noise,False,C,B,False,False,True,Base,baseline,,ar_ma_process,noise,B,high,True,,,spectrogram,"[""arch_effects""]",mcq,,,,,"{""branch"": ""noise"", ""is_stationary"": false, ""is_white_noise"": false, ""adf_pval"": 0.409641, ""kpss_pval"": 0.01, ""vision_confidence"": ""high""}",a multiple choice question,,False,,,,,,False,
44,noise analysis,noise,False,A,A,True,False,True,Base,baseline,,variance_level,noise,D,high,True,,,spectrogram,"[""arch_effects""]",mcq,,,,,"{""branch"": ""noise"", ""is_stationary"": false, ""is_white_noise"": false, ""adf_pval"": 0.272863, ""kpss_pval"": 0.01, ""vision_confidence"": ""high""}",a multiple choice question,,False,,,,,,False,
37,trend analysis,trend,False,B,B,True,False,True,Base,baseline,,direction,trend,B,high,True,,,line_plot,"[""low_r2""]",mcq,,,,,"{""branch"": ""trend"", ""direction"": ""decreasing"", ""slope"": -0.291498, ""r2"": 0.166935, ""vision_confidence"": ""high""}",a multiple choice question,,False,,,,,,False,
54,seasonality analysis,periodicity,False,D,D,True,False,True,Base,baseline,,period_value,periodicity,D,high,True,,,spectrogram,"[""fft_unreliable""]",mcq,,,,,"{""branch"": ""periodicity"", ""dominant_period_fft"": 520.0, ""period_reconciled"": 520.0, ""seasonal_strength"": 0.086291, ""vision_confidence"": ""high""}",a multiple choice question,,False,,,,,,False,
42,trend analysis,trend,False,C,C,True,False,True,Base,baseline,,direction,trend,A,high,True,,,line_plot,"[""low_r2""]",mcq,,,,,"{""branch"": ""trend"", ""direction"": ""increasing"", ""slope"": 0.035715, ""r2"": 0.008917, ""vision_confidence"": ""high""}",a multiple choice question,,False,,,,,,False,
56,trend analysis,noise,False,B,C,False,False,True,Base,baseline,,autocorr_value,noise,C,high,True,,,spectrogram,"[""adf_kpss_disagree"", ""arch_effects""]",mcq,,,,,"{""branch"": ""noise"", ""is_stationary"": false, ""is_white_noise"": false, ""adf_pval"": 0.517487, ""kpss_pval"": 0.1, ""vision_confidence"": ""high""}",a multiple choice question,,False,,,,,,False,
62,seasonality analysis,periodicity,False,A,A,True,False,False,Base,baseline,,period_value,periodicity,,,False,,,,[],mcq,,,,,"{""branch"": ""periodicity"", ""dominant_period_fft"": 250.6, ""period_reconciled"": 250.6, ""seasonal_strength"": 0.985217}",a multiple choice question,,False,,,,,,False,
60,trend analysis,noise,False,B,C,False,False,True,Base,baseline,,autocorr_value,noise,C,high,True,,,spectrogram,"[""arch_effects""]",mcq,,,,,"{""branch"": ""noise"", ""is_stationary"": true, ""is_white_noise"": false, ""adf_pval"": 0.0, ""kpss_pval"": 0.1, ""vision_confidence"": ""high""}",a multiple choice question,,False,,,,,,False,
58,noise analysis,noise,False,D,A,False,False,True,Base,baseline,,variance_level,noise,D,high,True,,,spectrogram,"[""arch_effects""]",mcq,,,,,"{""branch"": ""noise"", ""is_stationary"": true, ""is_white_noise"": false, ""adf_pval"": 1e-06, ""kpss_pval"": 0.1, ""vision_confidence"": ""high""}",a multiple choice question,,False,,,,,,False,
57,noise analysis,noise,False,C,B,False,False,True,Base,baseline,,ar_ma_process,noise,B,high,True,,,spectrogram,"[""arch_effects""]",mcq,,,,,"{""branch"": ""noise"", ""is_stationary"": false, ""is_white_noise"": false, ""adf_pval"": 0.176418, ""kpss_pval"": 0.01, ""vision_confidence"": ""high""}",a multiple choice question,,False,,,,,,False,
69,seasonality analysis,periodicity,False,A,A,True,False,False,Base,baseline,,period_value,periodicity,,,False,,,,[],mcq,,,,,"{""branch"": ""periodicity"", ""dominant_period_fft"": 39.2, ""period_reconciled"": 39.0, ""seasonal_strength"": 0.999943}",a multiple choice question,,False,,,,,,False,
61,seasonality analysis,periodicity,False,C,D,False,False,True,Base,baseline,,waveform_type,periodicity,D,high,True,,,line_plot,[],mcq,,,,,"{""branch"": ""periodicity"", ""dominant_period_fft"": 186.8, ""period_reconciled"": 186.8, ""seasonal_strength"": 0.963721, ""vision_confidence"": ""high""}",a multiple choice question,,False,,,,,,False,
65,seasonality analysis,periodicity,False,D,D,True,False,True,Base,baseline,,period_value,periodicity,D,high,True,,,spectrogram,"[""fft_unreliable""]",mcq,,,,,"{""branch"": ""periodicity"", ""dominant_period_fft"": 1888.0, ""period_reconciled"": 1888.0, ""seasonal_strength"": 0.0, ""vision_confidence"": ""high""}",a multiple choice question,,False,,,,,,False,
59,trend analysis,trend,False,A,A,True,False,False,Base,baseline,,direction,trend,,,False,,,,[],mcq,,,,,"{""branch"": ""trend"", ""direction"": ""increasing"", ""slope"": 0.191189, ""r2"": 0.969794}",a multiple choice question,,False,,,,,,False,
67,noise analysis,noise,False,C,A,False,False,True,Base,baseline,,variance_level,noise,D,high,True,,,spectrogram,"[""arch_effects""]",mcq,,,,,"{""branch"": ""noise"", ""is_stationary"": false, ""is_white_noise"": false, ""adf_pval"": 0.325405, ""kpss_pval"": 0.01, ""vision_confidence"": ""high""}",a multiple choice question,,False,,,,,,False,
72,seasonality analysis,periodicity,False,A,A,True,False,True,Base,baseline,,waveform_type,periodicity,A,high,True,,,line_plot,[],mcq,,,,,"{""branch"": ""periodicity"", ""dominant_period_fft"": 360.4, ""period_reconciled"": 360.4, ""seasonal_strength"": 0.999995, ""vision_confidence"": ""high""}",a multiple choice question,,False,,,,,,False,
73,noise analysis,noise,False,B,A,False,False,True,Base,baseline,,variance_level,noise,D,high,True,,,spectrogram,"[""arch_effects""]",mcq,,,,,"{""branch"": ""noise"", ""is_stationary"": false, ""is_white_noise"": false, ""adf_pval"": 0.12126, ""kpss_pval"": 0.01, ""vision_confidence"": ""high""}",a multiple choice question,,False,,,,,,False,
64,trend analysis,noise,False,C,C,True,False,True,Base,baseline,,autocorr_value,noise,C,high,True,,,spectrogram,"[""arch_effects""]",mcq,,,,,"{""branch"": ""noise"", ""is_stationary"": false, ""is_white_noise"": false, ""adf_pval"": 0.176418, ""kpss_pval"": 0.01, ""vision_confidence"": ""high""}",a multiple choice question,,False,,,,,,False,
76,noise analysis,noise,False,A,A,True,False,True,Base,baseline,,variance_level,noise,D,high,True,,,spectrogram,"[""adf_kpss_disagree"", ""arch_effects""]",mcq,,,,,"{""branch"": ""noise"", ""is_stationary"": false, ""is_white_noise"": false, ""adf_pval"": 0.073668, ""kpss_pval"": 0.01, ""vision_confidence"": ""high""}",a multiple choice question,,False,,,,,,False,
74,seasonality analysis,periodicity,False,C,A,False,False,True,Base,baseline,,waveform_type,periodicity,A,high,True,,,line_plot,"[""fft_unreliable""]",mcq,,,,,"{""branch"": ""periodicity"", ""dominant_period_fft"": 1205.0, ""period_reconciled"": 1205.0, ""seasonal_strength"": 0.078411, ""vision_confidence"": ""high""}",a multiple choice question,,False,,,,,,False,
66,trend analysis,noise,False,A,A,True,False,True,Base,baseline,,autocorr_value,noise,A,high,True,,,spectrogram,"[""arch_effects""]",mcq,,,,,"{""branch"": ""noise"", ""is_stationary"": false, ""is_white_noise"": false, ""adf_pval"": 0.995438, ""kpss_pval"": 0.01, ""vision_confidence"": ""high""}",a multiple choice question,,False,,,,,,False,
75,seasonality analysis,periodicity,False,D,D,True,False,True,Base,baseline,,waveform_type,periodicity,D,high,True,,,line_plot,[],mcq,,,,,"{""branch"": ""periodicity"", ""dominant_period_fft"": 140.8, ""period_reconciled"": 140.8, ""seasonal_strength"": 0.928474, ""vision_confidence"": ""high""}",a multiple choice question,,False,,,,,,False,
63,trend analysis,noise,False,B,A,False,False,True,Base,baseline,,autocorr_value,noise,A,high,True,,,spectrogram,"[""arch_effects""]",mcq,,,,,"{""branch"": ""noise"", ""is_stationary"": false, ""is_white_noise"": false, ""adf_pval"": 0.982437, ""kpss_pval"": 0.015042, ""vision_confidence"": ""high""}",a multiple choice question,,False,,,,,,False,
68,noise analysis,noise,False,D,B,False,False,True,Base,baseline,,ar_ma_process,noise,B,high,True,,,spectrogram,"[""arch_effects""]",mcq,,,,,"{""branch"": ""noise"", ""is_stationary"": true, ""is_white_noise"": false, ""adf_pval"": 1e-06, ""kpss_pval"": 0.098979, ""vision_confidence"": ""high""}",a multiple choice question,,False,,,,,,False,
77,noise analysis,noise,False,C,B,False,False,True,Base,baseline,,ar_ma_process,noise,B,high,True,,,spectrogram,"[""adf_kpss_disagree"", ""arch_effects""]",mcq,,,,,"{""branch"": ""noise"", ""is_stationary"": false, ""is_white_noise"": false, ""adf_pval"": 0.008646, ""kpss_pval"": 0.025121, ""vision_confidence"": ""high""}",a multiple choice question,,False,,,,,,False,
78,noise analysis,noise,False,A,A,True,False,True,Base,baseline,,variance_level,noise,D,high,True,,,spectrogram,"[""adf_kpss_disagree"", ""arch_effects""]",mcq,,,,,"{""branch"": ""noise"", ""is_stationary"": false, ""is_white_noise"": false, ""adf_pval"": 0.053158, ""kpss_pval"": 0.01, ""vision_confidence"": ""high""}",a multiple choice question,,False,,,,,,False,
71,trend analysis,trend,False,C,C,True,False,True,Base,baseline,,direction,trend,A,high,True,,,line_plot,"[""low_r2""]",mcq,,,,,"{""branch"": ""trend"", ""direction"": ""increasing"", ""slope"": 0.067743, ""r2"": 0.040501, ""vision_confidence"": ""high""}",a multiple choice question,,False,,,,,,False,
70,trend analysis,noise,False,B,A,False,False,True,Base,baseline,,autocorr_value,noise,A,high,True,,,spectrogram,"[""adf_kpss_disagree"", ""arch_effects""]",mcq,,,,,"{""branch"": ""noise"", ""is_stationary"": false, ""is_white_noise"": false, ""adf_pval"": 2e-06, ""kpss_pval"": 0.01, ""vision_confidence"": ""high""}",a multiple choice question,,False,,,,,,False,
79,trend analysis,trend,False,B,A,False,False,True,Base,baseline,,direction,trend,A,high,True,,,line_plot,"[""low_r2""]",mcq,,,,,"{""branch"": ""trend"", ""direction"": ""increasing"", ""slope"": 0.112418, ""r2"": 0.106925, ""vision_confidence"": ""high""}",a multiple choice question,,False,,,,,,False,
28,trend analysis,trend,False,C,C,True,False,True,Base,baseline,,direction,trend,C,high,True,,,line_plot,"[""low_r2""]",mcq,,,,,"{""branch"": ""trend"", ""direction"": ""increasing"", ""slope"": 0.191276, ""r2"": 0.055696, ""vision_confidence"": ""high""}",a multiple choice question,,False,,,,,,False,
80,trend analysis,noise,False,C,A,False,False,True,Base,baseline,,autocorr_value,noise,A,high,True,,,spectrogram,"[""arch_effects""]",mcq,,,,,"{""branch"": ""noise"", ""is_stationary"": false, ""is_white_noise"": false, ""adf_pval"": 0.393824, ""kpss_pval"": 0.01, ""vision_confidence"": ""high""}",a multiple choice question,,False,,,,,,False,
81,noise analysis,noise,False,D,A,False,False,True,Base,baseline,,variance_level,noise,D,high,True,,,spectrogram,"[""adf_kpss_disagree"", ""arch_effects""]",mcq,,,,,"{""branch"": ""noise"", ""is_stationary"": false, ""is_white_noise"": false, ""adf_pval"": 0.007717, ""kpss_pval"": 0.024165, ""vision_confidence"": ""high""}",a multiple choice question,,False,,,,,,False,
83,seasonality analysis,periodicity,False,B,A,False,False,False,Base,baseline,,period_value,periodicity,,,False,,,,[],mcq,,,,,"{""branch"": ""periodicity"", ""dominant_period_fft"": 152.4, ""period_reconciled"": 152.4, ""seasonal_strength"": 0.910769}",a multiple choice question,,False,,,,,,False,
87,seasonality analysis,periodicity,False,B,A,False,False,False,Base,baseline,,period_value,periodicity,,,False,,,,[],mcq,,,,,"{""branch"": ""periodicity"", ""dominant_period_fft"": 202.6, ""period_reconciled"": 202.6, ""seasonal_strength"": 0.826801}",a multiple choice question,,False,,,,,,False,
92,noise analysis,noise,False,A,D,False,False,True,Base,baseline,,ar_ma_process,noise,D,high,True,,,spectrogram,"[""arch_effects""]",mcq,,,,,"{""branch"": ""noise"", ""is_stationary"": false, ""is_white_noise"": false, ""adf_pval"": 0.989613, ""kpss_pval"": 0.01, ""vision_confidence"": ""high""}",a multiple choice question,,False,,,,,,False,
82,trend analysis,noise,False,A,C,False,False,True,Base,baseline,,autocorr_value,noise,C,high,True,,,spectrogram,"[""arch_effects""]",mcq,,,,,"{""branch"": ""noise"", ""is_stationary"": false, ""is_white_noise"": false, ""adf_pval"": 1.0, ""kpss_pval"": 0.01, ""vision_confidence"": ""high""}",a multiple choice question,,False,,,,,,False,
84,seasonality analysis,periodicity,False,C,D,False,False,True,Base,baseline,,period_value,periodicity,D,high,True,,,spectrogram,"[""fft_unreliable""]",mcq,,,,,"{""branch"": ""periodicity"", ""dominant_period_fft"": 1643.0, ""period_reconciled"": 1643.0, ""seasonal_strength"": 0.131354, ""vision_confidence"": ""high""}",a multiple choice question,,False,,,,,,False,
96,noise analysis,noise,False,A,A,True,False,True,Base,baseline,,variance_level,noise,D,high,True,,,spectrogram,"[""arch_effects""]",mcq,,,,,"{""branch"": ""noise"", ""is_stationary"": false, ""is_white_noise"": false, ""adf_pval"": 0.155646, ""kpss_pval"": 0.01, ""vision_confidence"": ""high""}",a multiple choice question,,False,,,,,,False,
99,seasonality analysis,periodicity,False,D,A,False,False,False,Base,baseline,,period_value,periodicity,,,False,,,,[],mcq,,,,,"{""branch"": ""periodicity"", ""dominant_period_fft"": 150.0, ""period_reconciled"": 150.0, ""seasonal_strength"": 0.910568}",a multiple choice question,,False,,,,,,False,
90,trend analysis,trend,False,B,C,False,False,True,Base,baseline,,direction,trend,C,high,True,,,line_plot,"[""low_r2""]",mcq,,,,,"{""branch"": ""trend"", ""direction"": ""decreasing"", ""slope"": -0.029224, ""r2"": 0.035829, ""vision_confidence"": ""high""}",a multiple choice question,,False,,,,,,False,
85,noise analysis,noise,False,D,B,False,False,True,Base,baseline,,ar_ma_process,noise,B,high,True,,,spectrogram,"[""arch_effects""]",mcq,,,,,"{""branch"": ""noise"", ""is_stationary"": false, ""is_white_noise"": false, ""adf_pval"": 0.804844, ""kpss_pval"": 0.01, ""vision_confidence"": ""high""}",a multiple choice question,,False,,,,,,False,
89,noise analysis,noise,False,A,A,True,False,True,Base,baseline,,variance_level,noise,D,high,True,,,spectrogram,"[""arch_effects""]",mcq,,,,,"{""branch"": ""noise"", ""is_stationary"": false, ""is_white_noise"": false, ""adf_pval"": 0.409641, ""kpss_pval"": 0.01, ""vision_confidence"": ""high""}",a multiple choice question,,False,,,,,,False,
86,noise analysis,noise,False,A,B,False,False,True,Base,baseline,,ar_ma_process,noise,B,high,True,,,spectrogram,"[""arch_effects""]",mcq,,,,,"{""branch"": ""noise"", ""is_stationary"": true, ""is_white_noise"": false, ""adf_pval"": 0.0, ""kpss_pval"": 0.1, ""vision_confidence"": ""high""}",a multiple choice question,,False,,,,,,False,
93,trend analysis,trend,False,B,B,True,False,True,Base,baseline,,direction,trend,B,high,True,,,line_plot,"[""low_r2""]",mcq,,,,,"{""branch"": ""trend"", ""direction"": ""decreasing"", ""slope"": -0.239421, ""r2"": 0.13702, ""vision_confidence"": ""high""}",a multiple choice question,,False,,,,,,False,
94,trend analysis,noise,False,C,A,False,False,True,Base,baseline,,autocorr_value,noise,A,high,True,,,spectrogram,"[""arch_effects""]",mcq,,,,,"{""branch"": ""noise"", ""is_stationary"": false, ""is_white_noise"": false, ""adf_pval"": 0.998657, ""kpss_pval"": 0.01, ""vision_confidence"": ""high""}",a multiple choice question,,False,,,,,,False,
95,noise analysis,noise,False,D,D,True,False,True,Base,baseline,,ar_ma_process,noise,D,high,True,,,spectrogram,"[""adf_kpss_disagree"", ""arch_effects""]",mcq,,,,,"{""branch"": ""noise"", ""is_stationary"": false, ""is_white_noise"": false, ""adf_pval"": 0.097861, ""kpss_pval"": 0.01, ""vision_confidence"": ""high""}",a multiple choice question,,False,,,,,,False,
88,trend analysis,trend,False,C,C,True,False,True,Base,baseline,,direction,trend,A,high,True,,,line_plot,"[""low_r2""]",mcq,,,,,"{""branch"": ""trend"", ""direction"": ""increasing"", ""slope"": 0.082426, ""r2"": 0.62515, ""vision_confidence"": ""high""}",a multiple choice question,,False,,,,,,False,
91,noise analysis,noise,False,C,A,False,False,True,Base,baseline,,variance_level,noise,D,high,True,,,spectrogram,"[""adf_kpss_disagree"", ""arch_effects""]",mcq,,,,,"{""branch"": ""noise"", ""is_stationary"": false, ""is_white_noise"": false, ""adf_pval"": 0.022802, ""kpss_pval"": 0.018563, ""vision_confidence"": ""high""}",a multiple choice question,,False,,,,,,False,
97,noise analysis,noise,False,B,B,True,False,True,Base,baseline,,ar_ma_process,noise,B,high,True,,,spectrogram,"[""arch_effects""]",mcq,,,,,"{""branch"": ""noise"", ""is_stationary"": true, ""is_white_noise"": false, ""adf_pval"": 0.0, ""kpss_pval"": 0.054851, ""vision_confidence"": ""high""}",a multiple choice question,,False,,,,,,False,
105,seasonality analysis,periodicity,False,B,B,True,False,False,Base,baseline,,period_value,periodicity,,,False,,,,[],mcq,,,,,"{""branch"": ""periodicity"", ""dominant_period_fft"": 63.0, ""period_reconciled"": 63.0, ""seasonal_strength"": 0.619502}",a multiple choice question,,False,,,,,,False,
98,seasonality analysis,periodicity,False,C,C,True,False,True,Base,baseline,,waveform_type,periodicity,C,high,True,,,line_plot,[],mcq,,,,,"{""branch"": ""periodicity"", ""dominant_period_fft"": 226.6, ""period_reconciled"": 226.6, ""seasonal_strength"": 0.999588, ""vision_confidence"": ""high""}",a multiple choice question,,False,,,,,,False,
109,seasonality analysis,periodicity,False,B,B,True,False,False,Base,baseline,,period_value,periodicity,,,False,,,,[],mcq,,,,,"{""branch"": ""periodicity"", ""dominant_period_fft"": 63.0, ""period_reconciled"": 63.0, ""seasonal_strength"": 0.619502}",a multiple choice question,,False,,,,,,False,
111,seasonality analysis,periodicity,False,A,A,True,False,False,Base,baseline,,period_value,periodicity,,,False,,,,[],mcq,,,,,"{""branch"": ""periodicity"", ""dominant_period_fft"": 152.8, ""period_reconciled"": 152.8, ""seasonal_strength"": 0.928083}",a multiple choice question,,False,,,,,,False,
101,trend analysis,trend,False,B,B,True,False,False,Base,baseline,,direction,trend,,,False,,,,[],mcq,,,,,"{""branch"": ""trend"", ""direction"": ""decreasing"", ""slope"": -1.177972, ""r2"": 0.891038}",a multiple choice question,,False,,,,,,False,
103,seasonality analysis,periodicity,False,D,D,True,False,True,Base,baseline,,period_value,periodicity,D,high,True,,,spectrogram,"[""fft_unreliable""]",mcq,,,,,"{""branch"": ""periodicity"", ""dominant_period_fft"": 1888.0, ""period_reconciled"": 1888.0, ""seasonal_strength"": 0.0, ""vision_confidence"": ""high""}",a multiple choice question,,False,,,,,,False,
102,seasonality analysis,periodicity,False,C,D,False,False,True,Base,baseline,,period_value,periodicity,D,high,True,,,spectrogram,"[""fft_unreliable""]",mcq,,,,,"{""branch"": ""periodicity"", ""dominant_period_fft"": 1988.0, ""period_reconciled"": 1988.0, ""seasonal_strength"": 0.1559, ""vision_confidence"": ""high""}",a multiple choice question,,False,,,,,,False,
114,trend analysis,noise,False,A,A,True,False,True,Base,baseline,,autocorr_value,noise,A,high,True,,,spectrogram,"[""arch_effects""]",mcq,,,,,"{""branch"": ""noise"", ""is_stationary"": false, ""is_white_noise"": false, ""adf_pval"": 1.0, ""kpss_pval"": 0.01, ""vision_confidence"": ""high""}",a multiple choice question,,False,,,,,,False,
104,noise analysis,noise,False,A,D,False,False,True,Base,baseline,,ar_ma_process,noise,D,high,True,,,spectrogram,"[""arch_effects""]",mcq,,,,,"{""branch"": ""noise"", ""is_stationary"": false, ""is_white_noise"": false, ""adf_pval"": 0.989613, ""kpss_pval"": 0.01, ""vision_confidence"": ""high""}",a multiple choice question,,False,,,,,,False,
108,trend analysis,noise,False,A,A,True,False,True,Base,baseline,,autocorr_value,noise,A,high,True,,,spectrogram,"[""arch_effects""]",mcq,,,,,"{""branch"": ""noise"", ""is_stationary"": false, ""is_white_noise"": false, ""adf_pval"": 0.961855, ""kpss_pval"": 0.01, ""vision_confidence"": ""high""}",a multiple choice question,,False,,,,,,False,
106,trend analysis,noise,False,C,C,True,False,True,Base,baseline,,autocorr_value,noise,C,high,True,,,spectrogram,"[""arch_effects""]",mcq,,,,,"{""branch"": ""noise"", ""is_stationary"": false, ""is_white_noise"": false, ""adf_pval"": 0.28159, ""kpss_pval"": 0.01, ""vision_confidence"": ""high""}",a multiple choice question,,False,,,,,,False,
119,seasonality analysis,periodicity,False,C,B,False,False,False,Base,baseline,,period_value,periodicity,,,False,,,,[],mcq,,,,,"{""branch"": ""periodicity"", ""dominant_period_fft"": 299.8, ""period_reconciled"": 299.8, ""seasonal_strength"": 0.43065}",a multiple choice question,,False,,,,,,False,
112,seasonality analysis,periodicity,False,C,D,False,False,True,Base,baseline,,period_value,periodicity,D,high,True,,,spectrogram,"[""fft_unreliable""]",mcq,,,,,"{""branch"": ""periodicity"", ""dominant_period_fft"": 1988.0, ""period_reconciled"": 1988.0, ""seasonal_strength"": 0.1559, ""vision_confidence"": ""high""}",a multiple choice question,,False,,,,,,False,
113,seasonality analysis,periodicity,False,D,D,True,False,True,Base,baseline,,waveform_type,periodicity,D,high,True,,,line_plot,[],mcq,,,,,"{""branch"": ""periodicity"", ""dominant_period_fft"": 126.2, ""period_reconciled"": 126.2, ""seasonal_strength"": 0.993896, ""vision_confidence"": ""high""}",a multiple choice question,,False,,,,,,False,
107,noise analysis,noise,False,D,B,False,False,True,Base,baseline,,ar_ma_process,noise,B,high,True,,,spectrogram,"[""arch_effects""]",mcq,,,,,"{""branch"": ""noise"", ""is_stationary"": false, ""is_white_noise"": false, ""adf_pval"": 1.0, ""kpss_pval"": 0.01, ""vision_confidence"": ""high""}",a multiple choice question,,False,,,,,,False,
115,seasonality analysis,periodicity,False,B,B,True,False,True,Base,baseline,,waveform_type,periodicity,B,high,True,,,line_plot,[],mcq,,,,,"{""branch"": ""periodicity"", ""dominant_period_fft"": 78.8, ""period_reconciled"": 78.8, ""seasonal_strength"": 0.959005, ""vision_confidence"": ""high""}",a multiple choice question,,False,,,,,,False,
117,seasonality analysis,periodicity,False,A,A,True,False,True,Base,baseline,,waveform_type,periodicity,A,high,True,,,line_plot,[],mcq,,,,,"{""branch"": ""periodicity"", ""dominant_period_fft"": 60.0, ""period_reconciled"": 60.0, ""seasonal_strength"": 1.0, ""vision_confidence"": ""high""}",a multiple choice question,,False,,,,,,False,
110,trend analysis,noise,False,C,A,False,False,True,Base,baseline,,autocorr_value,noise,A,high,True,,,spectrogram,"[""adf_kpss_disagree"", ""arch_effects""]",mcq,,,,,"{""branch"": ""noise"", ""is_stationary"": false, ""is_white_noise"": false, ""adf_pval"": 0.012265, ""kpss_pval"": 0.01, ""vision_confidence"": ""high""}",a multiple choice question,,False,,,,,,False,
118,noise analysis,noise,False,B,A,False,False,True,Base,baseline,,variance_level,noise,D,high,True,,,spectrogram,"[""arch_effects""]",mcq,,,,,"{""branch"": ""noise"", ""is_stationary"": false, ""is_white_noise"": false, ""adf_pval"": 0.643581, ""kpss_pval"": 0.01, ""vision_confidence"": ""high""}",a multiple choice question,,False,,,,,,False,
116,trend analysis,trend,False,C,C,True,False,True,Base,baseline,,direction,trend,C,high,True,,,line_plot,"[""low_r2""]",mcq,,,,,"{""branch"": ""trend"", ""direction"": ""decreasing"", ""slope"": -0.086211, ""r2"": 0.01696, ""vision_confidence"": ""high""}",a multiple choice question,,False,,,,,,False,
100,trend analysis,trend,False,A,A,True,False,True,Base,baseline,,direction,trend,A,high,True,,,line_plot,"[""low_r2""]",mcq,,,,,"{""branch"": ""trend"", ""direction"": ""increasing"", ""slope"": 0.283324, ""r2"": 0.366905, ""vision_confidence"": ""high""}",a multiple choice question,,False,,,,,,False,
134,seasonality analysis,periodicity,False,41,41.0,True,False,False,Base,baseline,,period_value,periodicity,,,,,,,[],numerical,41.0,period,method_sensitive:branch:period_reconciled,1.0,"{""branch"": ""periodicity"", ""dominant_period_fft"": 41.6, ""period_reconciled"": 41.0, ""seasonal_strength"": 1.0}",numerical,,False,,,,,,False,
129,seasonality analysis,periodicity,False,136,136.8,True,False,False,Base,baseline,,period_value,periodicity,,,,,,,[],numerical,136.8,period,method_sensitive:branch:period_reconciled,0.9941176470588234,"{""branch"": ""periodicity"", ""dominant_period_fft"": 136.8, ""period_reconciled"": 136.8, ""seasonal_strength"": 0.999849}",numerical,,False,,,,,,False,
128,seasonality analysis,periodicity,False,179,899.0,False,False,False,Base,baseline,,period_value,periodicity,,,,,,,"[""fft_unreliable""]",numerical,899.0,period,method_sensitive:branch:period_reconciled,0.0,"{""branch"": ""periodicity"", ""dominant_period_fft"": 899.0, ""period_reconciled"": 899.0, ""seasonal_strength"": 0.103931}",numerical,,False,,,,,,False,
133,seasonality analysis,periodicity,False,336,335.99999999999994,True,False,False,Base,baseline,,period_value,periodicity,,,,,,,[],numerical,335.99999999999994,period,method_sensitive:branch:period_reconciled,0.9999999999999998,"{""branch"": ""periodicity"", ""dominant_period_fft"": 336.0, ""period_reconciled"": 336.0, ""seasonal_strength"": 0.999093}",numerical,,False,,,,,,False,
136,seasonality analysis,periodicity,False,169,169.0,True,False,False,Base,baseline,,period_value,periodicity,,,,,,,[],numerical,169.0,period,method_sensitive:branch:period_reconciled,1.0,"{""branch"": ""periodicity"", ""dominant_period_fft"": 169.0, ""period_reconciled"": 169.0, ""seasonal_strength"": 0.995165}",numerical,,False,,,,,,False,
138,seasonality analysis,periodicity,False,33,33.0,True,False,False,Base,baseline,,period_value,periodicity,,,,,,,[],numerical,33.0,period,method_sensitive:branch:period_reconciled,1.0,"{""branch"": ""periodicity"", ""dominant_period_fft"": 33.6, ""period_reconciled"": 33.0, ""seasonal_strength"": 0.999999}",numerical,,False,,,,,,False,
120,seasonality analysis,periodicity,False,A,A,True,False,True,Base,baseline,,waveform_type,periodicity,A,high,True,,,line_plot,[],mcq,,,,,"{""branch"": ""periodicity"", ""dominant_period_fft"": 336.0, ""period_reconciled"": 336.0, ""seasonal_strength"": 0.999093, ""vision_confidence"": ""high""}",a multiple choice question,,False,,,,,,False,
140,seasonality analysis,periodicity,False,179,179.79999999999998,True,False,False,Base,baseline,,period_value,periodicity,,,,,,,[],numerical,179.79999999999998,period,method_sensitive:branch:period_reconciled,0.9955307262569834,"{""branch"": ""periodicity"", ""dominant_period_fft"": 179.8, ""period_reconciled"": 179.8, ""seasonal_strength"": 0.973231}",numerical,,False,,,,,,False,
137,seasonality analysis,periodicity,False,385,385.8,True,False,False,Base,baseline,,period_value,periodicity,,,,,,,[],numerical,385.8,period,method_sensitive:branch:period_reconciled,0.9979220779220779,"{""branch"": ""periodicity"", ""dominant_period_fft"": 385.8, ""period_reconciled"": 385.8, ""seasonal_strength"": 0.962999}",numerical,,False,,,,,,False,
126,trend analysis,trend,False,-0.55,-0.6493988883936158,False,False,False,Base,baseline,,direction,trend,,,,,,,"[""low_r2""]",numerical,-0.6493988883936158,slope,regression:branch,0.819274748375244,"{""branch"": ""trend"", ""direction"": ""decreasing"", ""slope"": -0.649399, ""r2"": 0.601444}",numerical,,False,,,,,,False,
130,trend analysis,trend,False, 0.63,0.7193225657722968,False,False,False,Base,baseline,,direction,trend,,,,,,,[],numerical,0.7193225657722968,slope,regression:branch,0.8582181495677829,"{""branch"": ""trend"", ""direction"": ""increasing"", ""slope"": 0.719323, ""r2"": 0.965334}",numerical,,False,,,,,,False,
122,noise analysis,noise,False,A,D,False,False,True,Base,baseline,,ar_ma_process,noise,D,high,True,,,spectrogram,"[""arch_effects""]",mcq,,,,,"{""branch"": ""noise"", ""is_stationary"": true, ""is_white_noise"": false, ""adf_pval"": 0.014707, ""kpss_pval"": 0.1, ""vision_confidence"": ""high""}",a multiple choice question,,False,,,,,,False,
121,noise analysis,noise,False,B,A,False,False,True,Base,baseline,,variance_level,noise,D,high,True,,,spectrogram,"[""arch_effects""]",mcq,,,,,"{""branch"": ""noise"", ""is_stationary"": false, ""is_white_noise"": false, ""adf_pval"": 0.658474, ""kpss_pval"": 0.01, ""vision_confidence"": ""high""}",a multiple choice question,,False,,,,,,False,
144,seasonality analysis,periodicity,False,288,288.8,True,False,False,Base,baseline,,period_value,periodicity,,,,,,,[],numerical,288.8,period,method_sensitive:branch:period_reconciled,0.9972222222222222,"{""branch"": ""periodicity"", ""dominant_period_fft"": 288.8, ""period_reconciled"": 288.8, ""seasonal_strength"": 0.999983}",numerical,,False,,,,,,False,
145,seasonality analysis,periodicity,False,151,151.79999999999998,True,False,False,Base,baseline,,period_value,periodicity,,,,,,,[],numerical,151.79999999999998,period,method_sensitive:branch:period_reconciled,0.994701986754967,"{""branch"": ""periodicity"", ""dominant_period_fft"": 151.8, ""period_reconciled"": 151.8, ""seasonal_strength"": 0.999824}",numerical,,False,,,,,,False,
143,seasonality analysis,periodicity,False,393,393.2,True,False,False,Base,baseline,,period_value,periodicity,,,,,,,[],numerical,393.2,period,method_sensitive:branch:period_reconciled,0.9994910941475827,"{""branch"": ""periodicity"", ""dominant_period_fft"": 393.2, ""period_reconciled"": 393.2, ""seasonal_strength"": 0.999837}",numerical,,False,,,,,,False,
146,seasonality analysis,periodicity,False,186,186.79999999999998,True,False,False,Base,baseline,,period_value,periodicity,,,,,,,[],numerical,186.79999999999998,period,method_sensitive:branch:period_reconciled,0.9956989247311829,"{""branch"": ""periodicity"", ""dominant_period_fft"": 186.8, ""period_reconciled"": 186.8, ""seasonal_strength"": 0.963721}",numerical,,False,,,,,,False,
148,seasonality analysis,periodicity,False,208,1044.0,False,False,False,Base,baseline,,period_value,periodicity,,,,,,,"[""fft_unreliable""]",numerical,1044.0,period,method_sensitive:branch:period_reconciled,0.0,"{""branch"": ""periodicity"", ""dominant_period_fft"": 1044.0, ""period_reconciled"": 1044.0, ""seasonal_strength"": 0.035181}",numerical,,False,,,,,,False,
147,seasonality analysis,periodicity,False,253,253.79999999999998,True,False,False,Base,baseline,,period_value,periodicity,,,,,,,[],numerical,253.79999999999998,period,method_sensitive:branch:period_reconciled,0.9968379446640316,"{""branch"": ""periodicity"", ""dominant_period_fft"": 253.8, ""period_reconciled"": 253.8, ""seasonal_strength"": 0.939631}",numerical,,False,,,,,,False,
135,trend analysis,trend,False,-0.24,-0.22988722435204817,True,False,False,Base,baseline,,direction,trend,,,,,,,"[""low_r2""]",numerical,-0.22988722435204817,slope,regression:branch,0.9578634348002008,"{""branch"": ""trend"", ""direction"": ""decreasing"", ""slope"": -0.229887, ""r2"": 0.048589}",numerical,,False,,,,,,False,
123,trend analysis,trend,False,-0.19,-0.2394210921970869,False,False,False,Base,baseline,,direction,trend,,,,,,,"[""low_r2""]",numerical,-0.2394210921970869,slope,regression:branch,0.7398889884363847,"{""branch"": ""trend"", ""direction"": ""decreasing"", ""slope"": -0.239421, ""r2"": 0.13702}",numerical,,False,,,,,,False,
149,trend analysis,trend,False,-0.15,-0.22467822090736164,False,False,False,Base,baseline,,direction,trend,,,,,,,"[""low_r2""]",numerical,-0.22467822090736164,slope,regression:branch,0.5021451939509223,"{""branch"": ""trend"", ""direction"": ""decreasing"", ""slope"": -0.224678, ""r2"": 0.176575}",numerical,,False,,,,,,False,
139,trend analysis,trend,False,-0.52,-0.5313623252916415,True,False,False,Base,baseline,,direction,trend,,,,,,,[],numerical,-0.5313623252916415,slope,regression:branch,0.978149374439151,"{""branch"": ""trend"", ""direction"": ""decreasing"", ""slope"": -0.531362, ""r2"": 0.896306}",numerical,,False,,,,,,False,
124,trend analysis,trend,False,-0.36,-0.30786619023126977,False,False,False,Base,baseline,,direction,trend,,,,,,,[],numerical,-0.30786619023126977,slope,regression:branch,0.8551838617535271,"{""branch"": ""trend"", ""direction"": ""decreasing"", ""slope"": -0.307866, ""r2"": 0.659993}",numerical,,False,,,,,,False,
142,trend analysis,trend,False,-0.36,-0.30786619023126977,False,False,False,Base,baseline,,direction,trend,,,,,,,[],numerical,-0.30786619023126977,slope,regression:branch,0.8551838617535271,"{""branch"": ""trend"", ""direction"": ""decreasing"", ""slope"": -0.307866, ""r2"": 0.659993}",numerical,,False,,,,,,False,
131,trend analysis,trend,False,-0.11,-0.09248522543814663,False,False,False,Base,baseline,,direction,trend,,,,,,,"[""low_r2""]",numerical,-0.09248522543814663,slope,regression:branch,0.8407747767104239,"{""branch"": ""trend"", ""direction"": ""decreasing"", ""slope"": -0.092485, ""r2"": 0.017381}",numerical,,False,,,,,,False,
127,trend analysis,trend,False, 0.48,0.5231974118880485,True,False,False,Base,baseline,,direction,trend,,,,,,,[],numerical,0.5231974118880485,slope,regression:branch,0.9100053918998989,"{""branch"": ""trend"", ""direction"": ""increasing"", ""slope"": 0.523197, ""r2"": 0.770209}",numerical,,False,,,,,,False,
125,trend analysis,trend,False, 0.48,0.5231974118880485,True,False,False,Base,baseline,,direction,trend,,,,,,,[],numerical,0.5231974118880485,slope,regression:branch,0.9100053918998989,"{""branch"": ""trend"", ""direction"": ""increasing"", ""slope"": 0.523197, ""r2"": 0.770209}",numerical,,False,,,,,,False,
150,trend analysis,trend,False,-0.56,-0.6480803030444172,False,False,False,Base,baseline,,direction,trend,,,,,,,[],numerical,-0.6480803030444172,slope,regression:branch,0.8427137445635408,"{""branch"": ""trend"", ""direction"": ""decreasing"", ""slope"": -0.64808, ""r2"": 0.783318}",numerical,,False,,,,,,False,
132,trend analysis,trend,False, 0.21,0.20831165859705397,True,False,False,Base,baseline,,direction,trend,,,,,,,"[""low_r2""]",numerical,0.20831165859705397,slope,regression:branch,0.9919602790335904,"{""branch"": ""trend"", ""direction"": ""increasing"", ""slope"": 0.208312, ""r2"": 0.377256}",numerical,,False,,,,,,False,
141,trend analysis,trend,False,-0.19,-0.29149780154823357,False,False,False,Base,baseline,,direction,trend,,,,,,,"[""low_r2""]",numerical,-0.29149780154823357,slope,regression:branch,0.4658010444829812,"{""branch"": ""trend"", ""direction"": ""decreasing"", ""slope"": -0.291498, ""r2"": 0.166935}",numerical,,False,,,,,,False,
155,trend analysis,trend,False,B,B,True,False,False,Base,baseline,,direction,trend,,,False,,,,[],mcq,,,,,"{""branch"": ""trend"", ""direction"": ""decreasing"", ""slope"": -0.225218, ""r2"": 0.929021}",a multiple choice question,,False,,,,,,False,
152,trend analysis,noise,False,B,C,False,False,True,Base,baseline,,autocorr_value,noise,C,high,True,,,spectrogram,"[""adf_kpss_disagree"", ""arch_effects""]",mcq,,,,,"{""branch"": ""noise"", ""is_stationary"": false, ""is_white_noise"": false, ""adf_pval"": 0.997773, ""kpss_pval"": 0.1, ""vision_confidence"": ""high""}",a multiple choice question,,False,,,,,,False,
151,trend analysis,noise,False,A,A,True,False,True,Base,baseline,,autocorr_value,noise,A,high,True,,,spectrogram,"[""arch_effects""]",mcq,,,,,"{""branch"": ""noise"", ""is_stationary"": false, ""is_white_noise"": false, ""adf_pval"": 0.426553, ""kpss_pval"": 0.01, ""vision_confidence"": ""high""}",a multiple choice question,,False,,,,,,False,
154,trend analysis,noise,False,A,A,True,False,True,Base,baseline,,autocorr_value,noise,A,high,True,,,spectrogram,"[""arch_effects""]",mcq,,,,,"{""branch"": ""noise"", ""is_stationary"": false, ""is_white_noise"": false, ""adf_pval"": 0.426553, ""kpss_pval"": 0.01, ""vision_confidence"": ""high""}",a multiple choice question,,False,,,,,,False,
157,trend analysis,noise,False,A,A,True,False,True,Base,baseline,,autocorr_value,noise,A,high,True,,,spectrogram,"[""arch_effects""]",mcq,,,,,"{""branch"": ""noise"", ""is_stationary"": false, ""is_white_noise"": false, ""adf_pval"": 0.996476, ""kpss_pval"": 0.01, ""vision_confidence"": ""high""}",a multiple choice question,,False,,,,,,False,
156,trend analysis,noise,False,C,A,False,False,True,Base,baseline,,autocorr_value,noise,C,high,True,,,spectrogram,"[""arch_effects""]",mcq,,,,,"{""branch"": ""noise"", ""is_stationary"": false, ""is_white_noise"": false, ""adf_pval"": 0.211853, ""kpss_pval"": 0.01, ""vision_confidence"": ""high""}",a multiple choice question,,False,,,,,,False,
153,trend analysis,noise,False,C,A,False,False,True,Base,baseline,,autocorr_value,noise,A,high,True,,,spectrogram,"[""arch_effects""]",mcq,,,,,"{""branch"": ""noise"", ""is_stationary"": false, ""is_white_noise"": false, ""adf_pval"": 0.237164, ""kpss_pval"": 0.01, ""vision_confidence"": ""high""}",a multiple choice question,,False,,,,,,False,
164,trend analysis,noise,False,B,C,False,False,True,Base,baseline,,autocorr_value,noise,C,high,True,,,spectrogram,"[""arch_effects""]",mcq,,,,,"{""branch"": ""noise"", ""is_stationary"": false, ""is_white_noise"": false, ""adf_pval"": 0.731362, ""kpss_pval"": 0.01, ""vision_confidence"": ""high""}",a multiple choice question,,False,,,,,,False,
163,trend analysis,noise,False,A,A,True,False,True,Base,baseline,,autocorr_value,noise,A,high,True,,,spectrogram,"[""adf_kpss_disagree"", ""arch_effects""]",mcq,,,,,"{""branch"": ""noise"", ""is_stationary"": false, ""is_white_noise"": false, ""adf_pval"": 1e-06, ""kpss_pval"": 0.01, ""vision_confidence"": ""high""}",a multiple choice question,,False,,,,,,False,
162,trend analysis,noise,False,C,C,True,False,True,Base,baseline,,autocorr_value,noise,C,high,True,,,spectrogram,"[""adf_kpss_disagree"", ""arch_effects""]",mcq,,,,,"{""branch"": ""noise"", ""is_stationary"": false, ""is_white_noise"": false, ""adf_pval"": 0.001865, ""kpss_pval"": 0.01, ""vision_confidence"": ""high""}",a multiple choice question,,False,,,,,,False,
160,trend analysis,noise,False,A,A,True,False,True,Base,baseline,,autocorr_value,noise,A,high,True,,,spectrogram,"[""adf_kpss_disagree"", ""arch_effects""]",mcq,,,,,"{""branch"": ""noise"", ""is_stationary"": false, ""is_white_noise"": false, ""adf_pval"": 1e-06, ""kpss_pval"": 0.01, ""vision_confidence"": ""high""}",a multiple choice question,,False,,,,,,False,
158,trend analysis,noise,False,B,C,False,False,True,Base,baseline,,autocorr_value,noise,C,high,True,,,spectrogram,"[""arch_effects""]",mcq,,,,,"{""branch"": ""noise"", ""is_stationary"": true, ""is_white_noise"": false, ""adf_pval"": 0.0, ""kpss_pval"": 0.1, ""vision_confidence"": ""high""}",a multiple choice question,,False,,,,,,False,
161,trend analysis,noise,False,B,C,False,False,True,Base,baseline,,autocorr_value,noise,C,high,True,,,spectrogram,"[""arch_effects""]",mcq,,,,,"{""branch"": ""noise"", ""is_stationary"": true, ""is_white_noise"": false, ""adf_pval"": 0.008314, ""kpss_pval"": 0.1, ""vision_confidence"": ""high""}",a multiple choice question,,False,,,,,,False,
168,trend analysis,trend,False,C,B,False,False,False,Base,baseline,,direction,trend,,,False,,,,[],mcq,,,,,"{""branch"": ""trend"", ""direction"": ""decreasing"", ""slope"": -0.116765, ""r2"": 0.836862}",a multiple choice question,,False,,,,,,False,
165,trend analysis,trend,False,C,C,True,False,True,Base,baseline,,direction,trend,A,high,True,,,line_plot,"[""low_r2""]",mcq,,,,,"{""branch"": ""trend"", ""direction"": ""increasing"", ""slope"": 0.057611, ""r2"": 0.30582, ""vision_confidence"": ""high""}",a multiple choice question,,False,,,,,,False,
166,trend analysis,noise,False,A,C,False,False,True,Base,baseline,,autocorr_value,noise,C,high,True,,,spectrogram,"[""arch_effects""]",mcq,,,,,"{""branch"": ""noise"", ""is_stationary"": false, ""is_white_noise"": false, ""adf_pval"": 0.159203, ""kpss_pval"": 0.01, ""vision_confidence"": ""high""}",a multiple choice question,,False,,,,,,False,
167,trend analysis,trend,False,B,B,True,False,True,Base,baseline,,direction,trend,B,high,True,,,line_plot,"[""low_r2""]",mcq,,,,,"{""branch"": ""trend"", ""direction"": ""decreasing"", ""slope"": -0.167912, ""r2"": 0.372742, ""vision_confidence"": ""high""}",a multiple choice question,,False,,,,,,False,
169,trend analysis,trend,False,A,A,True,False,False,Base,baseline,,direction,trend,,,False,,,,[],mcq,,,,,"{""branch"": ""trend"", ""direction"": ""increasing"", ""slope"": 0.715571, ""r2"": 0.98561}",a multiple choice question,,False,,,,,,False,
159,trend analysis,trend,False,C,C,True,False,True,Base,baseline,,direction,trend,A,high,True,,,line_plot,"[""low_r2""]",mcq,,,,,"{""branch"": ""trend"", ""direction"": ""increasing"", ""slope"": 0.043092, ""r2"": 0.281981, ""vision_confidence"": ""high""}",a multiple choice question,,False,,,,,,False,
172,trend analysis,trend,False,A,C,False,False,True,Base,baseline,,direction,trend,C,high,True,,,line_plot,"[""low_r2""]",mcq,,,,,"{""branch"": ""trend"", ""direction"": ""increasing"", ""slope"": 0.036472, ""r2"": 0.005772, ""vision_confidence"": ""high""}",a multiple choice question,,False,,,,,,False,
181,trend analysis,trend,False,A,A,True,False,False,Base,baseline,,direction,trend,,,False,,,,[],mcq,,,,,"{""branch"": ""trend"", ""direction"": ""increasing"", ""slope"": 0.199397, ""r2"": 0.81111}",a multiple choice question,,False,,,,,,False,
170,trend analysis,trend,False,B,B,True,False,True,Base,baseline,,direction,trend,B,high,True,,,line_plot,"[""low_r2""]",mcq,,,,,"{""branch"": ""trend"", ""direction"": ""decreasing"", ""slope"": -0.804553, ""r2"": 0.373917, ""vision_confidence"": ""high""}",a multiple choice question,,False,,,,,,False,
179,trend analysis,noise,False,B,C,False,False,True,Base,baseline,,autocorr_value,noise,C,high,True,,,spectrogram,"[""arch_effects""]",mcq,,,,,"{""branch"": ""noise"", ""is_stationary"": true, ""is_white_noise"": false, ""adf_pval"": 0.001482, ""kpss_pval"": 0.1, ""vision_confidence"": ""high""}",a multiple choice question,,False,,,,,,False,
173,trend analysis,noise,False,B,C,False,False,True,Base,baseline,,autocorr_value,noise,C,high,True,,,spectrogram,"[""arch_effects""]",mcq,,,,,"{""branch"": ""noise"", ""is_stationary"": true, ""is_white_noise"": false, ""adf_pval"": 0.0, ""kpss_pval"": 0.1, ""vision_confidence"": ""high""}",a multiple choice question,,False,,,,,,False,
176,trend analysis,noise,False,B,A,False,False,True,Base,baseline,,autocorr_value,noise,A,high,True,,,spectrogram,"[""arch_effects""]",mcq,,,,,"{""branch"": ""noise"", ""is_stationary"": false, ""is_white_noise"": false, ""adf_pval"": 0.986237, ""kpss_pval"": 0.01, ""vision_confidence"": ""high""}",a multiple choice question,,False,,,,,,False,
177,trend analysis,noise,False,C,A,False,False,True,Base,baseline,,autocorr_value,noise,A,high,True,,,spectrogram,"[""arch_effects""]",mcq,,,,,"{""branch"": ""noise"", ""is_stationary"": false, ""is_white_noise"": false, ""adf_pval"": 0.35773, ""kpss_pval"": 0.01, ""vision_confidence"": ""high""}",a multiple choice question,,False,,,,,,False,
178,trend analysis,noise,False,A,A,True,False,True,Base,baseline,,autocorr_value,noise,A,high,True,,,spectrogram,"[""arch_effects""]",mcq,,,,,"{""branch"": ""noise"", ""is_stationary"": false, ""is_white_noise"": false, ""adf_pval"": 0.781247, ""kpss_pval"": 0.01, ""vision_confidence"": ""high""}",a multiple choice question,,False,,,,,,False,
188,trend analysis,trend,False,-0.43,-0.5141619182058639,False,False,False,Base,baseline,,direction,trend,,,,,,,[],numerical,-0.5141619182058639,slope,regression:branch,0.8042746088235724,"{""branch"": ""trend"", ""direction"": ""decreasing"", ""slope"": -0.514162, ""r2"": 0.867358}",numerical,,False,,,,,,False,
174,trend analysis,noise,False,C,C,True,False,True,Base,baseline,,autocorr_value,noise,C,high,True,,,spectrogram,"[""arch_effects""]",mcq,,,,,"{""branch"": ""noise"", ""is_stationary"": false, ""is_white_noise"": false, ""adf_pval"": 0.127839, ""kpss_pval"": 0.01, ""vision_confidence"": ""high""}",a multiple choice question,,False,,,,,,False,
180,trend analysis,noise,False,C,A,False,False,True,Base,baseline,,autocorr_value,noise,A,high,True,,,spectrogram,"[""adf_kpss_disagree"", ""arch_effects""]",mcq,,,,,"{""branch"": ""noise"", ""is_stationary"": false, ""is_white_noise"": false, ""adf_pval"": 0.195946, ""kpss_pval"": 0.1, ""vision_confidence"": ""high""}",a multiple choice question,,False,,,,,,False,
175,trend analysis,noise,False,A,A,True,False,True,Base,baseline,,autocorr_value,noise,A,high,True,,,spectrogram,"[""arch_effects""]",mcq,,,,,"{""branch"": ""noise"", ""is_stationary"": false, ""is_white_noise"": false, ""adf_pval"": 0.89747, ""kpss_pval"": 0.01, ""vision_confidence"": ""high""}",a multiple choice question,,False,,,,,,False,
189,trend analysis,trend,False, 0.22,0.23647884940904335,True,False,False,Base,baseline,,direction,trend,,,,,,,[],numerical,0.23647884940904335,slope,regression:branch,0.9250961390498029,"{""branch"": ""trend"", ""direction"": ""increasing"", ""slope"": 0.236479, ""r2"": 0.762991}",numerical,,False,,,,,,False,
192,trend analysis,trend,False,-0.11,-0.1634188795061608,False,False,False,Base,baseline,,direction,trend,,,,,,,[],numerical,-0.1634188795061608,slope,regression:branch,0.5143738226712655,"{""branch"": ""trend"", ""direction"": ""decreasing"", ""slope"": -0.163419, ""r2"": 0.779153}",numerical,,False,,,,,,False,
182,trend analysis,trend,False,B,C,False,False,True,Base,baseline,,direction,trend,C,high,True,,,line_plot,"[""low_r2""]",mcq,,,,,"{""branch"": ""trend"", ""direction"": ""decreasing"", ""slope"": -0.859068, ""r2"": 0.554117, ""vision_confidence"": ""high""}",a multiple choice question,,False,,,,,,False,
171,trend analysis,trend,False,C,C,True,False,True,Base,baseline,,direction,trend,A,high,True,,,line_plot,"[""low_r2""]",mcq,,,,,"{""branch"": ""trend"", ""direction"": ""increasing"", ""slope"": 0.095543, ""r2"": 0.577123, ""vision_confidence"": ""high""}",a multiple choice question,,False,,,,,,False,
191,trend analysis,trend,False, 0.39,0.40126632368291437,True,False,False,Base,baseline,,direction,trend,,,,,,,[],numerical,0.40126632368291437,slope,regression:branch,0.9711119905566299,"{""branch"": ""trend"", ""direction"": ""increasing"", ""slope"": 0.401266, ""r2"": 0.95225}",numerical,,False,,,,,,False,
183,trend analysis,noise,False,C,C,True,False,True,Base,baseline,,autocorr_value,noise,C,high,True,,,spectrogram,"[""arch_effects""]",mcq,,,,,"{""branch"": ""noise"", ""is_stationary"": true, ""is_white_noise"": false, ""adf_pval"": 0.000369, ""kpss_pval"": 0.1, ""vision_confidence"": ""high""}",a multiple choice question,,False,,,,,,False,
184,trend analysis,noise,False,A,A,True,False,True,Base,baseline,,autocorr_value,noise,A,high,True,,,spectrogram,"[""arch_effects""]",mcq,,,,,"{""branch"": ""noise"", ""is_stationary"": false, ""is_white_noise"": false, ""adf_pval"": 0.953578, ""kpss_pval"": 0.01, ""vision_confidence"": ""high""}",a multiple choice question,,False,,,,,,False,
185,trend analysis,trend,False,B,C,False,False,True,Base,baseline,,direction,trend,C,high,True,,,line_plot,"[""low_r2""]",mcq,,,,,"{""branch"": ""trend"", ""direction"": ""decreasing"", ""slope"": -0.229878, ""r2"": 0.240287, ""vision_confidence"": ""high""}",a multiple choice question,,False,,,,,,False,
186,trend analysis,trend,False,C,C,True,False,True,Base,baseline,,direction,trend,C,high,True,,,line_plot,"[""low_r2""]",mcq,,,,,"{""branch"": ""trend"", ""direction"": ""decreasing"", ""slope"": -0.229086, ""r2"": 0.02095, ""vision_confidence"": ""high""}",a multiple choice question,,False,,,,,,False,
199,seasonality analysis,periodicity,False,A,A,True,False,False,Base,baseline,,period_value,periodicity,,,False,,,,[],mcq,,,,,"{""branch"": ""periodicity"", ""dominant_period_fft"": 175.8, ""period_reconciled"": 175.8, ""seasonal_strength"": 0.973269}",a multiple choice question,,False,,,,,,False,
202,seasonality analysis,periodicity,False,D,C,False,False,False,Base,baseline,,period_value,periodicity,,,False,,,,[],mcq,,,,,"{""branch"": ""periodicity"", ""dominant_period_fft"": 837.5, ""period_reconciled"": 837.5, ""seasonal_strength"": 0.445782}",a multiple choice question,,False,,,,,,False,
207,seasonality analysis,periodicity,False,A,A,True,False,False,Base,baseline,,period_value,periodicity,,,False,,,,[],mcq,,,,,"{""branch"": ""periodicity"", ""dominant_period_fft"": 43.75, ""period_reconciled"": 44.0, ""seasonal_strength"": 0.807354}",a multiple choice question,,False,,,,,,False,
203,seasonality analysis,periodicity,False,A,A,True,False,False,Base,baseline,,period_value,periodicity,,,False,,,,[],mcq,,,,,"{""branch"": ""periodicity"", ""dominant_period_fft"": 93.0, ""period_reconciled"": 93.0, ""seasonal_strength"": 1.0}",a multiple choice question,,False,,,,,,False,
204,seasonality analysis,periodicity,False,B,B,True,False,False,Base,baseline,,period_value,periodicity,,,False,,,,[],mcq,,,,,"{""branch"": ""periodicity"", ""dominant_period_fft"": 190.4, ""period_reconciled"": 190.4, ""seasonal_strength"": 0.783952}",a multiple choice question,,False,,,,,,False,
205,seasonality analysis,periodicity,False,C,C,True,False,False,Base,baseline,,period_value,periodicity,,,False,,,,[],mcq,,,,,"{""branch"": ""periodicity"", ""dominant_period_fft"": 230.2, ""period_reconciled"": 230.2, ""seasonal_strength"": 0.46256}",a multiple choice question,,False,,,,,,False,
200,seasonality analysis,periodicity,False,B,B,True,False,True,Base,baseline,,waveform_type,periodicity,B,high,True,,,line_plot,[],mcq,,,,,"{""branch"": ""periodicity"", ""dominant_period_fft"": 209.0, ""period_reconciled"": 209.0, ""seasonal_strength"": 0.997933, ""vision_confidence"": ""high""}",a multiple choice question,,False,,,,,,False,
201,seasonality analysis,periodicity,False,C,C,True,False,True,Base,baseline,,waveform_type,periodicity,C,high,True,,,line_plot,[],mcq,,,,,"{""branch"": ""periodicity"", ""dominant_period_fft"": 392.4, ""period_reconciled"": 392.4, ""seasonal_strength"": 1.0, ""vision_confidence"": ""high""}",a multiple choice question,,False,,,,,,False,
206,seasonality analysis,periodicity,False,D,D,True,False,True,Base,baseline,,period_value,periodicity,D,high,True,,,spectrogram,"[""fft_unreliable""]",mcq,,,,,"{""branch"": ""periodicity"", ""dominant_period_fft"": 1782.0, ""period_reconciled"": 1782.0, ""seasonal_strength"": 0.137668, ""vision_confidence"": ""high""}",a multiple choice question,,False,,,,,,False,
208,seasonality analysis,periodicity,False,B,C,False,False,False,Base,baseline,,period_value,periodicity,,,False,,,,[],mcq,,,,,"{""branch"": ""periodicity"", ""dominant_period_fft"": 289.0, ""period_reconciled"": 289.0, ""seasonal_strength"": 0.434232}",a multiple choice question,,False,,,,,,False,
211,seasonality analysis,periodicity,False,A,A,True,False,False,Base,baseline,,period_value,periodicity,,,False,,,,[],mcq,,,,,"{""branch"": ""periodicity"", ""dominant_period_fft"": 105.8, ""period_reconciled"": 105.8, ""seasonal_strength"": 0.999984}",a multiple choice question,,False,,,,,,False,
210,seasonality analysis,periodicity,False,D,D,True,False,True,Base,baseline,,waveform_type,periodicity,D,high,True,,,line_plot,[],mcq,,,,,"{""branch"": ""periodicity"", ""dominant_period_fft"": 55.6, ""period_reconciled"": 55.6, ""seasonal_strength"": 0.789744, ""vision_confidence"": ""high""}",a multiple choice question,,False,,,,,,False,
212,seasonality analysis,periodicity,False,B,A,False,False,False,Base,baseline,,period_value,periodicity,,,False,,,,[],mcq,,,,,"{""branch"": ""periodicity"", ""dominant_period_fft"": 184.6, ""period_reconciled"": 184.6, ""seasonal_strength"": 0.909628}",a multiple choice question,,False,,,,,,False,
213,seasonality analysis,periodicity,False,C,B,False,False,False,Base,baseline,,period_value,periodicity,,,False,,,,[],mcq,,,,,"{""branch"": ""periodicity"", ""dominant_period_fft"": 167.6, ""period_reconciled"": 167.6, ""seasonal_strength"": 0.531474}",a multiple choice question,,False,,,,,,False,
209,seasonality analysis,periodicity,False,C,C,True,False,True,Base,baseline,,waveform_type,periodicity,C,high,True,,,line_plot,[],mcq,,,,,"{""branch"": ""periodicity"", ""dominant_period_fft"": 220.4, ""period_reconciled"": 220.4, ""seasonal_strength"": 0.995621, ""vision_confidence"": ""high""}",a multiple choice question,,False,,,,,,False,
219,seasonality analysis,periodicity,False,A,A,True,False,False,Base,baseline,,period_value,periodicity,,,False,,,,[],mcq,,,,,"{""branch"": ""periodicity"", ""dominant_period_fft"": 47.4, ""period_reconciled"": 46.0, ""seasonal_strength"": 0.999884}",a multiple choice question,,False,,,,,,False,
214,seasonality analysis,periodicity,False,D,D,True,False,True,Base,baseline,,waveform_type,periodicity,D,high,True,,,line_plot,[],mcq,,,,,"{""branch"": ""periodicity"", ""dominant_period_fft"": 307.2, ""period_reconciled"": 307.2, ""seasonal_strength"": 0.998031, ""vision_confidence"": ""high""}",a multiple choice question,,False,,,,,,False,
215,seasonality analysis,periodicity,False,A,A,True,False,True,Base,baseline,,waveform_type,periodicity,A,high,True,,,line_plot,[],mcq,,,,,"{""branch"": ""periodicity"", ""dominant_period_fft"": 92.8, ""period_reconciled"": 92.8, ""seasonal_strength"": 0.999993, ""vision_confidence"": ""high""}",a multiple choice question,,False,,,,,,False,
216,seasonality analysis,periodicity,False,B,B,True,False,False,Base,baseline,,period_value,periodicity,,,False,,,,[],mcq,,,,,"{""branch"": ""periodicity"", ""dominant_period_fft"": 297.8, ""period_reconciled"": 297.8, ""seasonal_strength"": 0.65006}",a multiple choice question,,False,,,,,,False,
221,seasonality analysis,periodicity,False,C,B,False,False,False,Base,baseline,,period_value,periodicity,,,False,,,,[],mcq,,,,,"{""branch"": ""periodicity"", ""dominant_period_fft"": 27.0, ""period_reconciled"": 25.0, ""seasonal_strength"": 0.513086}",a multiple choice question,,False,,,,,,False,
217,seasonality analysis,periodicity,False,C,D,False,False,True,Base,baseline,,waveform_type,periodicity,D,high,True,,,line_plot,[],mcq,,,,,"{""branch"": ""periodicity"", ""dominant_period_fft"": 214.0, ""period_reconciled"": 214.0, ""seasonal_strength"": 0.996466, ""vision_confidence"": ""high""}",a multiple choice question,,False,,,,,,False,
218,seasonality analysis,periodicity,False,D,D,True,False,True,Base,baseline,,waveform_type,periodicity,D,high,True,,,line_plot,[],mcq,,,,,"{""branch"": ""periodicity"", ""dominant_period_fft"": 131.0, ""period_reconciled"": 131.0, ""seasonal_strength"": 0.999696, ""vision_confidence"": ""high""}",a multiple choice question,,False,,,,,,False,
220,seasonality analysis,periodicity,False,B,A,False,False,True,Base,baseline,,waveform_type,periodicity,A,high,True,,,line_plot,"[""fft_unreliable""]",mcq,,,,,"{""branch"": ""periodicity"", ""dominant_period_fft"": 2036.0, ""period_reconciled"": 2036.0, ""seasonal_strength"": 0.310684, ""vision_confidence"": ""high""}",a multiple choice question,,False,,,,,,False,
222,seasonality analysis,periodicity,False,D,C,False,False,False,Base,baseline,,period_value,periodicity,,,False,,,,[],mcq,,,,,"{""branch"": ""periodicity"", ""dominant_period_fft"": 264.8, ""period_reconciled"": 264.8, ""seasonal_strength"": 0.310323}",a multiple choice question,,False,,,,,,False,
226,seasonality analysis,periodicity,False,325,325.6,True,False,False,Base,baseline,,period_value,periodicity,,,,,,,[],numerical,325.6,period,method_sensitive:branch:period_reconciled,0.9981538461538461,"{""branch"": ""periodicity"", ""dominant_period_fft"": 325.6, ""period_reconciled"": 325.6, ""seasonal_strength"": 0.999974}",numerical,,False,,,,,,False,
228,seasonality analysis,periodicity,False,36,36.0,True,False,False,Base,baseline,,period_value,periodicity,,,,,,,[],numerical,36.0,period,method_sensitive:branch:period_reconciled,1.0,"{""branch"": ""periodicity"", ""dominant_period_fft"": 36.0, ""period_reconciled"": 36.0, ""seasonal_strength"": 0.99946}",numerical,,False,,,,,,False,
223,seasonality analysis,periodicity,False,A,A,True,False,False,Base,baseline,,period_value,periodicity,,,False,,,,[],mcq,,,,,"{""branch"": ""periodicity"", ""dominant_period_fft"": 398.8, ""period_reconciled"": 398.8, ""seasonal_strength"": 0.996001}",a multiple choice question,,False,,,,,,False,
225,seasonality analysis,periodicity,False,C,C,True,False,False,Base,baseline,,period_value,periodicity,,,False,,,,[],mcq,,,,,"{""branch"": ""periodicity"", ""dominant_period_fft"": 92.2, ""period_reconciled"": 92.2, ""seasonal_strength"": 0.392203}",a multiple choice question,,False,,,,,,False,
227,seasonality analysis,periodicity,False,212,212.20000000000002,True,False,False,Base,baseline,,period_value,periodicity,,,,,,,[],numerical,212.20000000000002,period,method_sensitive:branch:period_reconciled,0.9990566037735849,"{""branch"": ""periodicity"", ""dominant_period_fft"": 212.2, ""period_reconciled"": 212.2, ""seasonal_strength"": 0.999961}",numerical,,False,,,,,,False,
234,seasonality analysis,periodicity,False,65,65.60000000000001,True,False,False,Base,baseline,,period_value,periodicity,,,,,,,[],numerical,65.60000000000001,period,method_sensitive:branch:period_reconciled,0.9907692307692306,"{""branch"": ""periodicity"", ""dominant_period_fft"": 65.6, ""period_reconciled"": 65.6, ""seasonal_strength"": 0.966673}",numerical,,False,,,,,,False,
224,seasonality analysis,periodicity,False,B,D,False,False,True,Base,baseline,,waveform_type,periodicity,D,high,True,,,line_plot,"[""fft_unreliable""]",mcq,,,,,"{""branch"": ""periodicity"", ""dominant_period_fft"": 599.0, ""period_reconciled"": 599.0, ""seasonal_strength"": 0.374502, ""vision_confidence"": ""high""}",a multiple choice question,,False,,,,,,False,
229,seasonality analysis,periodicity,False,300,300.2,True,False,False,Base,baseline,,period_value,periodicity,,,,,,,[],numerical,300.2,period,method_sensitive:branch:period_reconciled,0.9993333333333334,"{""branch"": ""periodicity"", ""dominant_period_fft"": 300.2, ""period_reconciled"": 300.2, ""seasonal_strength"": 0.978905}",numerical,,False,,,,,,False,
230,seasonality analysis,periodicity,False,105,527.0,False,False,False,Base,baseline,,period_value,periodicity,,,,,,,"[""fft_unreliable""]",numerical,527.0,period,method_sensitive:branch:period_reconciled,0.0,"{""branch"": ""periodicity"", ""dominant_period_fft"": 527.0, ""period_reconciled"": 527.0, ""seasonal_strength"": 0.125952}",numerical,,False,,,,,,False,
231,seasonality analysis,periodicity,False,175,874.9999999999999,False,False,False,Base,baseline,,period_value,periodicity,,,,,,,"[""fft_unreliable""]",numerical,874.9999999999999,period,method_sensitive:branch:period_reconciled,0.0,"{""branch"": ""periodicity"", ""dominant_period_fft"": 875.0, ""period_reconciled"": 875.0, ""seasonal_strength"": 0.256062}",numerical,,False,,,,,,False,
233,seasonality analysis,periodicity,False,154,154.79999999999998,True,False,False,Base,baseline,,period_value,periodicity,,,,,,,[],numerical,154.79999999999998,period,method_sensitive:branch:period_reconciled,0.9948051948051949,"{""branch"": ""periodicity"", ""dominant_period_fft"": 154.8, ""period_reconciled"": 154.8, ""seasonal_strength"": 0.923555}",numerical,,False,,,,,,False,
232,seasonality analysis,periodicity,False,293,293.2,True,False,False,Base,baseline,,period_value,periodicity,,,,,,,[],numerical,293.2,period,method_sensitive:branch:period_reconciled,0.9993174061433447,"{""branch"": ""periodicity"", ""dominant_period_fft"": 293.2, ""period_reconciled"": 293.2, ""seasonal_strength"": 0.967473}",numerical,,False,,,,,,False,
195,trend analysis,trend,False, 0.40,0.4185579452640698,True,False,False,Base,baseline,,direction,trend,,,,,,,[],numerical,0.4185579452640698,slope,regression:branch,0.9536051368398255,"{""branch"": ""trend"", ""direction"": ""increasing"", ""slope"": 0.418558, ""r2"": 0.732963}",numerical,,False,,,,,,False,
187,trend analysis,trend,False, 0.27,0.21843281514591786,False,False,False,Base,baseline,,direction,trend,,,,,,,"[""low_r2""]",numerical,0.21843281514591786,slope,regression:branch,0.8090104264663625,"{""branch"": ""trend"", ""direction"": ""increasing"", ""slope"": 0.218433, ""r2"": 0.399089}",numerical,,False,,,,,,False,
197,trend analysis,trend,False, 0.11,0.03312490077989791,False,False,False,Base,baseline,,direction,trend,,,,,,,"[""low_r2""]",numerical,0.03312490077989791,slope,regression:branch,0.3011354616354356,"{""branch"": ""trend"", ""direction"": ""increasing"", ""slope"": 0.033125, ""r2"": 0.117065}",numerical,,False,,,,,,False,
198,trend analysis,trend,False, 0.24,0.2399121358438718,True,False,False,Base,baseline,,direction,trend,,,,,,,[],numerical,0.2399121358438718,slope,regression:branch,0.9996338993494659,"{""branch"": ""trend"", ""direction"": ""increasing"", ""slope"": 0.239912, ""r2"": 0.806082}",numerical,,False,,,,,,False,
196,trend analysis,trend,False, 0.30,0.26933516642183636,False,False,False,Base,baseline,,direction,trend,,,,,,,"[""low_r2""]",numerical,0.26933516642183636,slope,regression:branch,0.8977838880727879,"{""branch"": ""trend"", ""direction"": ""increasing"", ""slope"": 0.269335, ""r2"": 0.555249}",numerical,,False,,,,,,False,
190,trend analysis,trend,False, 0.30,0.3136129288294859,True,False,False,Base,baseline,,direction,trend,,,,,,,[],numerical,0.3136129288294859,slope,regression:branch,0.9546235705683803,"{""branch"": ""trend"", ""direction"": ""increasing"", ""slope"": 0.313613, ""r2"": 0.979119}",numerical,,False,,,,,,False,
194,trend analysis,trend,False, 0.28,0.23772680238392088,False,False,False,Base,baseline,,direction,trend,,,,,,,"[""low_r2""]",numerical,0.23772680238392088,slope,regression:branch,0.8490242942282888,"{""branch"": ""trend"", ""direction"": ""increasing"", ""slope"": 0.237727, ""r2"": 0.314048}",numerical,,False,,,,,,False,
247,noise analysis,noise,False,A,A,True,False,False,Base,baseline,,variance_level,noise,,,False,,,,[],mcq,,,,,"{""branch"": ""noise"", ""is_stationary"": true, ""is_white_noise"": false, ""adf_pval"": 6.8e-05, ""kpss_pval"": 0.1}",a multiple choice question,,False,,,,,,False,
246,noise analysis,noise,False,D,B,False,False,False,Base,baseline,,ar_ma_process,noise,,,False,,,,[],mcq,,,,,"{""branch"": ""noise"", ""is_stationary"": true, ""is_white_noise"": false, ""adf_pval"": 0.008263, ""kpss_pval"": 0.1}",a multiple choice question,,False,,,,,,False,
193,trend analysis,trend,False,-0.12,-0.09234769728598846,False,False,False,Base,baseline,,direction,trend,,,,,,,"[""low_r2""]",numerical,-0.09234769728598846,slope,regression:branch,0.7695641440499039,"{""branch"": ""trend"", ""direction"": ""decreasing"", ""slope"": -0.092348, ""r2"": 0.174433}",numerical,,False,,,,,,False,
239,noise analysis,noise,False,A,A,True,False,True,Base,baseline,,variance_level,noise,D,high,True,,,spectrogram,"[""adf_kpss_disagree""]",mcq,,,,,"{""branch"": ""noise"", ""is_stationary"": false, ""is_white_noise"": false, ""adf_pval"": 0.009232, ""kpss_pval"": 0.01, ""vision_confidence"": ""high""}",a multiple choice question,,False,,,,,,False,
237,noise analysis,noise,False,C,B,False,False,True,Base,baseline,,ar_ma_process,noise,B,high,True,,,spectrogram,"[""arch_effects""]",mcq,,,,,"{""branch"": ""noise"", ""is_stationary"": false, ""is_white_noise"": false, ""adf_pval"": 0.237164, ""kpss_pval"": 0.01, ""vision_confidence"": ""high""}",a multiple choice question,,False,,,,,,False,
238,noise analysis,noise,False,D,B,False,False,True,Base,baseline,,ar_ma_process,noise,B,high,True,,,spectrogram,"[""arch_effects""]",mcq,,,,,"{""branch"": ""noise"", ""is_stationary"": false, ""is_white_noise"": false, ""adf_pval"": 0.679045, ""kpss_pval"": 0.01, ""vision_confidence"": ""high""}",a multiple choice question,,False,,,,,,False,
242,noise analysis,noise,False,D,D,True,False,True,Base,baseline,,ar_ma_process,noise,D,high,True,,,spectrogram,"[""arch_effects""]",mcq,,,,,"{""branch"": ""noise"", ""is_stationary"": true, ""is_white_noise"": false, ""adf_pval"": 0.018781, ""kpss_pval"": 0.1, ""vision_confidence"": ""high""}",a multiple choice question,,False,,,,,,False,
245,noise analysis,noise,False,C,B,False,False,True,Base,baseline,,ar_ma_process,noise,B,high,True,,,spectrogram,"[""adf_kpss_disagree"", ""arch_effects""]",mcq,,,,,"{""branch"": ""noise"", ""is_stationary"": false, ""is_white_noise"": false, ""adf_pval"": 0.063388, ""kpss_pval"": 0.01, ""vision_confidence"": ""high""}",a multiple choice question,,False,,,,,,False,
241,noise analysis,noise,False,C,A,False,False,True,Base,baseline,,variance_level,noise,D,high,True,,,spectrogram,"[""arch_effects""]",mcq,,,,,"{""branch"": ""noise"", ""is_stationary"": false, ""is_white_noise"": false, ""adf_pval"": 0.59959, ""kpss_pval"": 0.01, ""vision_confidence"": ""high""}",a multiple choice question,,False,,,,,,False,
243,noise analysis,noise,False,A,A,True,False,True,Base,baseline,,variance_level,noise,D,high,True,,,spectrogram,"[""arch_effects""]",mcq,,,,,"{""branch"": ""noise"", ""is_stationary"": false, ""is_white_noise"": false, ""adf_pval"": 0.973164, ""kpss_pval"": 0.01, ""vision_confidence"": ""high""}",a multiple choice question,,False,,,,,,False,
236,noise analysis,noise,False,B,A,False,False,True,Base,baseline,,variance_level,noise,D,high,True,,,spectrogram,"[""arch_effects""]",mcq,,,,,"{""branch"": ""noise"", ""is_stationary"": false, ""is_white_noise"": false, ""adf_pval"": 0.426553, ""kpss_pval"": 0.01, ""vision_confidence"": ""high""}",a multiple choice question,,False,,,,,,False,
244,noise analysis,noise,False,B,A,False,False,True,Base,baseline,,variance_level,noise,D,high,True,,,spectrogram,"[""arch_effects""]",mcq,,,,,"{""branch"": ""noise"", ""is_stationary"": false, ""is_white_noise"": false, ""adf_pval"": 0.94485, ""kpss_pval"": 0.01, ""vision_confidence"": ""high""}",a multiple choice question,,False,,,,,,False,
248,noise analysis,noise,False,B,A,False,False,True,Base,baseline,,variance_level,noise,D,high,True,,,spectrogram,"[""adf_kpss_disagree"", ""arch_effects""]",mcq,,,,,"{""branch"": ""noise"", ""is_stationary"": false, ""is_white_noise"": false, ""adf_pval"": 0.332375, ""kpss_pval"": 0.069858, ""vision_confidence"": ""high""}",a multiple choice question,,False,,,,,,False,
235,noise analysis,noise,False,A,B,False,False,True,Base,baseline,,ar_ma_process,noise,B,high,True,,,spectrogram,"[""arch_effects""]",mcq,,,,,"{""branch"": ""noise"", ""is_stationary"": false, ""is_white_noise"": false, ""adf_pval"": 0.198487, ""kpss_pval"": 0.01, ""vision_confidence"": ""high""}",a multiple choice question,,False,,,,,,False,
249,noise analysis,noise,False,C,D,False,False,True,Base,baseline,,ar_ma_process,noise,D,high,True,,,spectrogram,"[""arch_effects""]",mcq,,,,,"{""branch"": ""noise"", ""is_stationary"": false, ""is_white_noise"": false, ""adf_pval"": 0.249321, ""kpss_pval"": 0.033707, ""vision_confidence"": ""high""}",a multiple choice question,,False,,,,,,False,
253,noise analysis,noise,False,C,B,False,False,True,Base,baseline,,ar_ma_process,noise,B,high,True,,,spectrogram,"[""arch_effects""]",mcq,,,,,"{""branch"": ""noise"", ""is_stationary"": false, ""is_white_noise"": false, ""adf_pval"": 0.159203, ""kpss_pval"": 0.01, ""vision_confidence"": ""high""}",a multiple choice question,,False,,,,,,False,
252,noise analysis,noise,False,B,B,True,False,True,Base,baseline,,ar_ma_process,noise,B,high,True,,,spectrogram,"[""arch_effects""]",mcq,,,,,"{""branch"": ""noise"", ""is_stationary"": true, ""is_white_noise"": false, ""adf_pval"": 1e-06, ""kpss_pval"": 0.1, ""vision_confidence"": ""high""}",a multiple choice question,,False,,,,,,False,
251,noise analysis,noise,False,A,B,False,False,True,Base,baseline,,ar_ma_process,noise,B,high,True,,,spectrogram,"[""adf_kpss_disagree"", ""arch_effects""]",mcq,,,,,"{""branch"": ""noise"", ""is_stationary"": false, ""is_white_noise"": false, ""adf_pval"": 0.002747, ""kpss_pval"": 0.01, ""vision_confidence"": ""high""}",a multiple choice question,,False,,,,,,False,
256,noise analysis,noise,False,B,A,False,False,True,Base,baseline,,variance_level,noise,D,high,True,,,spectrogram,"[""arch_effects""]",mcq,,,,,"{""branch"": ""noise"", ""is_stationary"": false, ""is_white_noise"": false, ""adf_pval"": 0.127332, ""kpss_pval"": 0.01, ""vision_confidence"": ""high""}",a multiple choice question,,False,,,,,,False,
255,noise analysis,noise,False,A,B,False,False,True,Base,baseline,,ar_ma_process,noise,B,high,True,,,spectrogram,"[""arch_effects""]",mcq,,,,,"{""branch"": ""noise"", ""is_stationary"": false, ""is_white_noise"": false, ""adf_pval"": 0.152871, ""kpss_pval"": 0.01, ""vision_confidence"": ""high""}",a multiple choice question,,False,,,,,,False,
254,noise analysis,noise,False,D,A,False,False,True,Base,baseline,,variance_level,noise,D,high,True,,,spectrogram,"[""arch_effects""]",mcq,,,,,"{""branch"": ""noise"", ""is_stationary"": false, ""is_white_noise"": false, ""adf_pval"": 0.236762, ""kpss_pval"": 0.01, ""vision_confidence"": ""high""}",a multiple choice question,,False,,,,,,False,
258,noise analysis,noise,False,D,B,False,False,True,Base,baseline,,ar_ma_process,noise,B,high,True,,,spectrogram,"[""arch_effects""]",mcq,,,,,"{""branch"": ""noise"", ""is_stationary"": true, ""is_white_noise"": false, ""adf_pval"": 0.018991, ""kpss_pval"": 0.1, ""vision_confidence"": ""high""}",a multiple choice question,,False,,,,,,False,
261,noise analysis,noise,False,C,A,False,False,True,Base,baseline,,variance_level,noise,D,high,True,,,spectrogram,"[""arch_effects""]",mcq,,,,,"{""branch"": ""noise"", ""is_stationary"": true, ""is_white_noise"": false, ""adf_pval"": 0.0, ""kpss_pval"": 0.055975, ""vision_confidence"": ""high""}",a multiple choice question,,False,,,,,,False,
250,noise analysis,noise,False,D,D,True,False,True,Base,baseline,,ar_ma_process,noise,D,high,True,,,spectrogram,"[""arch_effects""]",mcq,,,,,"{""branch"": ""noise"", ""is_stationary"": false, ""is_white_noise"": false, ""adf_pval"": 1.0, ""kpss_pval"": 0.01, ""vision_confidence"": ""high""}",a multiple choice question,,False,,,,,,False,
257,noise analysis,noise,False,C,D,False,False,True,Base,baseline,,ar_ma_process,noise,D,high,True,,,spectrogram,"[""arch_effects""]",mcq,,,,,"{""branch"": ""noise"", ""is_stationary"": false, ""is_white_noise"": false, ""adf_pval"": 0.127839, ""kpss_pval"": 0.01, ""vision_confidence"": ""high""}",a multiple choice question,,False,,,,,,False,
259,noise analysis,noise,False,A,A,True,False,True,Base,baseline,,variance_level,noise,D,high,True,,,spectrogram,"[""arch_effects""]",mcq,,,,,"{""branch"": ""noise"", ""is_stationary"": false, ""is_white_noise"": false, ""adf_pval"": 0.126285, ""kpss_pval"": 0.01, ""vision_confidence"": ""high""}",a multiple choice question,,False,,,,,,False,
263,noise analysis,noise,False,A,A,True,False,True,Base,baseline,,variance_level,noise,D,high,True,,,spectrogram,"[""adf_kpss_disagree"", ""arch_effects""]",mcq,,,,,"{""branch"": ""noise"", ""is_stationary"": false, ""is_white_noise"": false, ""adf_pval"": 0.195946, ""kpss_pval"": 0.1, ""vision_confidence"": ""high""}",a multiple choice question,,False,,,,,,False,
260,noise analysis,noise,False,B,B,True,False,True,Base,baseline,,ar_ma_process,noise,B,high,True,,,spectrogram,"[""adf_kpss_disagree"", ""arch_effects""]",mcq,,,,,"{""branch"": ""noise"", ""is_stationary"": false, ""is_white_noise"": false, ""adf_pval"": 1e-06, ""kpss_pval"": 0.01, ""vision_confidence"": ""high""}",a multiple choice question,,False,,,,,,False,
262,noise analysis,noise,False,D,A,False,False,True,Base,baseline,,variance_level,noise,D,high,True,,,spectrogram,"[""arch_effects""]",mcq,,,,,"{""branch"": ""noise"", ""is_stationary"": true, ""is_white_noise"": false, ""adf_pval"": 0.0, ""kpss_pval"": 0.1, ""vision_confidence"": ""high""}",a multiple choice question,,False,,,,,,False,
264,noise analysis,noise,False,B,A,False,False,True,Base,baseline,,variance_level,noise,D,high,True,,,spectrogram,"[""adf_kpss_disagree"", ""arch_effects""]",mcq,,,,,"{""branch"": ""noise"", ""is_stationary"": false, ""is_white_noise"": false, ""adf_pval"": 0.015325, ""kpss_pval"": 0.01, ""vision_confidence"": ""high""}",a multiple choice question,,False,,,,,,False,
265,noise analysis,noise,False,C,A,False,False,True,Base,baseline,,variance_level,noise,D,high,True,,,spectrogram,"[""arch_effects""]",mcq,,,,,"{""branch"": ""noise"", ""is_stationary"": true, ""is_white_noise"": false, ""adf_pval"": 0.000369, ""kpss_pval"": 0.1, ""vision_confidence"": ""high""}",a multiple choice question,,False,,,,,,False,
275,noise analysis,noise,False,A,B,False,False,False,Base,baseline,,ar_ma_process,noise,,,False,,,,[],mcq,,,,,"{""branch"": ""noise"", ""is_stationary"": true, ""is_white_noise"": false, ""adf_pval"": 6.8e-05, ""kpss_pval"": 0.1}",a multiple choice question,,False,,,,,,False,
267,noise analysis,noise,False,A,D,False,False,True,Base,baseline,,ar_ma_process,noise,B,high,True,,,spectrogram,"[""arch_effects""]",mcq,,,,,"{""branch"": ""noise"", ""is_stationary"": false, ""is_white_noise"": false, ""adf_pval"": 0.28698, ""kpss_pval"": 0.01, ""vision_confidence"": ""high""}",a multiple choice question,,False,,,,,,False,
266,noise analysis,noise,False,D,B,False,False,True,Base,baseline,,ar_ma_process,noise,B,high,True,,,spectrogram,"[""arch_effects""]",mcq,,,,,"{""branch"": ""noise"", ""is_stationary"": false, ""is_white_noise"": false, ""adf_pval"": 0.947136, ""kpss_pval"": 0.01, ""vision_confidence"": ""high""}",a multiple choice question,,False,,,,,,False,
271,noise analysis,noise,False,A,A,True,False,True,Base,baseline,,variance_level,noise,D,high,True,,,spectrogram,"[""adf_kpss_disagree"", ""arch_effects""]",mcq,,,,,"{""branch"": ""noise"", ""is_stationary"": false, ""is_white_noise"": false, ""adf_pval"": 0.195946, ""kpss_pval"": 0.1, ""vision_confidence"": ""high""}",a multiple choice question,,False,,,,,,False,
240,noise analysis,noise,False,B,D,False,False,True,Base,baseline,,ar_ma_process,noise,D,high,True,,,spectrogram,"[""arch_effects""]",mcq,,,,,"{""branch"": ""noise"", ""is_stationary"": false, ""is_white_noise"": false, ""adf_pval"": 0.790923, ""kpss_pval"": 0.01, ""vision_confidence"": ""high""}",a multiple choice question,,False,,,,,,False,
269,noise analysis,noise,False,C,B,False,False,True,Base,baseline,,ar_ma_process,noise,B,high,True,,,spectrogram,"[""arch_effects""]",mcq,,,,,"{""branch"": ""noise"", ""is_stationary"": false, ""is_white_noise"": false, ""adf_pval"": 0.808168, ""kpss_pval"": 0.01, ""vision_confidence"": ""high""}",a multiple choice question,,False,,,,,,False,
268,noise analysis,noise,False,B,A,False,False,True,Base,baseline,,variance_level,noise,D,high,True,,,spectrogram,"[""arch_effects""]",mcq,,,,,"{""branch"": ""noise"", ""is_stationary"": false, ""is_white_noise"": false, ""adf_pval"": 0.426553, ""kpss_pval"": 0.01, ""vision_confidence"": ""high""}",a multiple choice question,,False,,,,,,False,
272,noise analysis,noise,False,B,B,True,False,True,Base,baseline,,ar_ma_process,noise,B,high,True,,,spectrogram,"[""arch_effects""]",mcq,,,,,"{""branch"": ""noise"", ""is_stationary"": true, ""is_white_noise"": false, ""adf_pval"": 1e-06, ""kpss_pval"": 0.1, ""vision_confidence"": ""high""}",a multiple choice question,,False,,,,,,False,
274,noise analysis,noise,False,D,B,False,False,True,Base,baseline,,ar_ma_process,noise,B,high,True,,,spectrogram,"[""adf_kpss_disagree"", ""arch_effects""]",mcq,,,,,"{""branch"": ""noise"", ""is_stationary"": false, ""is_white_noise"": false, ""adf_pval"": 0.000156, ""kpss_pval"": 0.01, ""vision_confidence"": ""high""}",a multiple choice question,,False,,,,,,False,
273,noise analysis,noise,False,C,B,False,False,True,Base,baseline,,ar_ma_process,noise,B,high,True,,,spectrogram,"[""adf_kpss_disagree"", ""arch_effects""]",mcq,,,,,"{""branch"": ""noise"", ""is_stationary"": false, ""is_white_noise"": false, ""adf_pval"": 0.037307, ""kpss_pval"": 0.01, ""vision_confidence"": ""high""}",a multiple choice question,,False,,,,,,False,
270,noise analysis,noise,False,D,B,False,False,True,Base,baseline,,ar_ma_process,noise,B,high,True,,,spectrogram,"[""arch_effects""]",mcq,,,,,"{""branch"": ""noise"", ""is_stationary"": true, ""is_white_noise"": false, ""adf_pval"": 8e-06, ""kpss_pval"": 0.1, ""vision_confidence"": ""high""}",a multiple choice question,,False,,,,,,False,
276,noise analysis,noise,False,B,A,False,False,True,Base,baseline,,variance_level,noise,D,high,True,,,spectrogram,"[""adf_kpss_disagree"", ""arch_effects""]",mcq,,,,,"{""branch"": ""noise"", ""is_stationary"": false, ""is_white_noise"": false, ""adf_pval"": 0.094745, ""kpss_pval"": 0.01, ""vision_confidence"": ""high""}",a multiple choice question,,False,,,,,,False,
277,noise analysis,noise,False,C,B,False,False,True,Base,baseline,,ar_ma_process,noise,B,high,True,,,spectrogram,"[""arch_effects""]",mcq,,,,,"{""branch"": ""noise"", ""is_stationary"": false, ""is_white_noise"": false, ""adf_pval"": 0.123365, ""kpss_pval"": 0.01, ""vision_confidence"": ""high""}",a multiple choice question,,False,,,,,,False,
278,noise analysis,noise,False,D,B,False,False,True,Base,baseline,,ar_ma_process,noise,B,high,True,,,spectrogram,"[""arch_effects""]",mcq,,,,,"{""branch"": ""noise"", ""is_stationary"": false, ""is_white_noise"": false, ""adf_pval"": 0.214739, ""kpss_pval"": 0.01, ""vision_confidence"": ""high""}",a multiple choice question,,False,,,,,,False,
287,noise analysis,noise,False,A,A,True,False,False,Base,baseline,,variance_level,noise,,,False,,,,[],mcq,,,,,"{""branch"": ""noise"", ""is_stationary"": true, ""is_white_noise"": false, ""adf_pval"": 6.8e-05, ""kpss_pval"": 0.1}",a multiple choice question,,False,,,,,,False,
279,noise analysis,noise,False,A,B,False,False,True,Base,baseline,,ar_ma_process,noise,B,high,True,,,spectrogram,"[""arch_effects""]",mcq,,,,,"{""branch"": ""noise"", ""is_stationary"": true, ""is_white_noise"": false, ""adf_pval"": 0.001459, ""kpss_pval"": 0.1, ""vision_confidence"": ""high""}",a multiple choice question,,False,,,,,,False,
280,noise analysis,noise,False,B,B,True,False,True,Base,baseline,,ar_ma_process,noise,B,high,True,,,spectrogram,"[""arch_effects""]",mcq,,,,,"{""branch"": ""noise"", ""is_stationary"": true, ""is_white_noise"": false, ""adf_pval"": 0.0, ""kpss_pval"": 0.1, ""vision_confidence"": ""high""}",a multiple choice question,,False,,,,,,False,
283,noise analysis,noise,False,A,A,True,False,True,Base,baseline,,variance_level,noise,D,high,True,,,spectrogram,"[""arch_effects""]",mcq,,,,,"{""branch"": ""noise"", ""is_stationary"": false, ""is_white_noise"": false, ""adf_pval"": 0.249321, ""kpss_pval"": 0.033707, ""vision_confidence"": ""high""}",a multiple choice question,,False,,,,,,False,
281,noise analysis,noise,False,C,B,False,False,True,Base,baseline,,ar_ma_process,noise,B,high,True,,,spectrogram,"[""adf_kpss_disagree"", ""arch_effects""]",mcq,,,,,"{""branch"": ""noise"", ""is_stationary"": false, ""is_white_noise"": false, ""adf_pval"": 0.056097, ""kpss_pval"": 0.01, ""vision_confidence"": ""high""}",a multiple choice question,,False,,,,,,False,
284,noise analysis,noise,False,B,B,True,False,True,Base,baseline,,ar_ma_process,noise,B,high,True,,,spectrogram,"[""arch_effects""]",mcq,,,,,"{""branch"": ""noise"", ""is_stationary"": false, ""is_white_noise"": false, ""adf_pval"": 0.999088, ""kpss_pval"": 0.01, ""vision_confidence"": ""high""}",a multiple choice question,,False,,,,,,False,
286,noise analysis,noise,False,D,A,False,False,True,Base,baseline,,variance_level,noise,D,high,True,,,spectrogram,"[""arch_effects""]",mcq,,,,,"{""branch"": ""noise"", ""is_stationary"": true, ""is_white_noise"": false, ""adf_pval"": 0.001482, ""kpss_pval"": 0.1, ""vision_confidence"": ""high""}",a multiple choice question,,False,,,,,,False,
282,noise analysis,noise,False,D,A,False,False,True,Base,baseline,,variance_level,noise,D,high,True,,,spectrogram,"[""arch_effects""]",mcq,,,,,"{""branch"": ""noise"", ""is_stationary"": false, ""is_white_noise"": false, ""adf_pval"": 1.0, ""kpss_pval"": 0.01, ""vision_confidence"": ""high""}",a multiple choice question,,False,,,,,,False,
290,noise analysis,noise,False,D,B,False,False,True,Base,baseline,,ar_ma_process,noise,B,high,True,,,spectrogram,"[""arch_effects""]",mcq,,,,,"{""branch"": ""noise"", ""is_stationary"": true, ""is_white_noise"": false, ""adf_pval"": 0.001839, ""kpss_pval"": 0.1, ""vision_confidence"": ""high""}",a multiple choice question,,False,,,,,,False,
289,noise analysis,noise,False,C,B,False,False,True,Base,baseline,,ar_ma_process,noise,B,high,True,,,spectrogram,"[""arch_effects""]",mcq,,,,,"{""branch"": ""noise"", ""is_stationary"": false, ""is_white_noise"": false, ""adf_pval"": 0.996612, ""kpss_pval"": 0.01, ""vision_confidence"": ""high""}",a multiple choice question,,False,,,,,,False,
285,noise analysis,noise,False,C,B,False,False,True,Base,baseline,,ar_ma_process,noise,B,high,True,,,spectrogram,"[""adf_kpss_disagree"", ""arch_effects""]",mcq,,,,,"{""branch"": ""noise"", ""is_stationary"": false, ""is_white_noise"": false, ""adf_pval"": 0.0, ""kpss_pval"": 0.034597, ""vision_confidence"": ""high""}",a multiple choice question,,False,,,,,,False,
301,basic analysis,noise,False, 574.22,574.2178000000002,True,False,False,Base,baseline,,variance_level,noise,,,,,,,"[""arch_effects""]",numerical,574.2178000000002,percentile,closed_form,0.9999961687158235,"{""branch"": ""noise"", ""is_stationary"": true, ""is_white_noise"": false, ""adf_pval"": 1e-06, ""kpss_pval"": 0.098979}",numerical,,False,,,,,,False,
288,noise analysis,noise,False,B,B,True,False,True,Base,baseline,,ar_ma_process,noise,B,high,True,,,spectrogram,"[""arch_effects""]",mcq,,,,,"{""branch"": ""noise"", ""is_stationary"": false, ""is_white_noise"": false, ""adf_pval"": 0.88455, ""kpss_pval"": 0.01, ""vision_confidence"": ""high""}",a multiple choice question,,False,,,,,,False,
302,basic analysis,noise,False, 193.68,193.6849181766953,True,False,False,Base,baseline,,variance_level,noise,,,,,,,"[""adf_kpss_disagree"", ""arch_effects""]",numerical,193.6849181766953,std,closed_form,0.9999746066878599,"{""branch"": ""noise"", ""is_stationary"": false, ""is_white_noise"": false, ""adf_pval"": 1.5e-05, ""kpss_pval"": 0.01}",numerical,,False,,,,,,False,
304,basic analysis,noise,False,-25.50,-25.5,True,False,False,Base,baseline,,variance_level,noise,,,,,,,"[""adf_kpss_disagree"", ""arch_effects""]",numerical,-25.5,percentile,closed_form,1.0,"{""branch"": ""noise"", ""is_stationary"": false, ""is_white_noise"": false, ""adf_pval"": 0.735056, ""kpss_pval"": 0.1}",numerical,,False,,,,,,False,
294,noise analysis,noise,False,D,A,False,False,True,Base,baseline,,variance_level,noise,D,high,True,,,spectrogram,"[""arch_effects""]",mcq,,,,,"{""branch"": ""noise"", ""is_stationary"": true, ""is_white_noise"": false, ""adf_pval"": 0.018991, ""kpss_pval"": 0.1, ""vision_confidence"": ""high""}",a multiple choice question,,False,,,,,,False,
303,basic analysis,noise,False,-128.58,-128.58,True,False,False,Base,baseline,,variance_level,noise,,,,,,,"[""adf_kpss_disagree"", ""arch_effects""]",numerical,-128.58,percentile,closed_form,1.0,"{""branch"": ""noise"", ""is_stationary"": false, ""is_white_noise"": false, ""adf_pval"": 0.000323, ""kpss_pval"": 0.01}",numerical,,False,,,,,,False,
308,basic analysis,noise,False, 1.20,1.2,True,False,False,Base,baseline,,variance_level,noise,,,,,,,"[""adf_kpss_disagree"", ""arch_effects""]",numerical,1.2,percentile,closed_form,1.0,"{""branch"": ""noise"", ""is_stationary"": false, ""is_white_noise"": false, ""adf_pval"": 0.04074, ""kpss_pval"": 0.01}",numerical,,False,,,,,,False,
307,basic analysis,noise,False, 637.83,637.8199999999999,True,False,False,Base,baseline,,variance_level,noise,,,,,,,"[""arch_effects""]",numerical,637.8199999999999,range,closed_form,0.9999843218412428,"{""branch"": ""noise"", ""is_stationary"": true, ""is_white_noise"": false, ""adf_pval"": 0.018749, ""kpss_pval"": 0.1}",numerical,,False,,,,,,False,
292,noise analysis,noise,False,B,D,False,False,True,Base,baseline,,ar_ma_process,noise,D,high,True,,,spectrogram,"[""adf_kpss_disagree"", ""arch_effects""]",mcq,,,,,"{""branch"": ""noise"", ""is_stationary"": false, ""is_white_noise"": false, ""adf_pval"": 0.06564, ""kpss_pval"": 0.01, ""vision_confidence"": ""high""}",a multiple choice question,,False,,,,,,False,
293,noise analysis,noise,False,C,B,False,False,True,Base,baseline,,ar_ma_process,noise,B,high,True,,,spectrogram,"[""arch_effects""]",mcq,,,,,"{""branch"": ""noise"", ""is_stationary"": false, ""is_white_noise"": false, ""adf_pval"": 0.527996, ""kpss_pval"": 0.01, ""vision_confidence"": ""high""}",a multiple choice question,,False,,,,,,False,
295,noise analysis,noise,False,A,A,True,False,True,Base,baseline,,variance_level,noise,D,high,True,,,spectrogram,"[""arch_effects""]",mcq,,,,,"{""branch"": ""noise"", ""is_stationary"": false, ""is_white_noise"": false, ""adf_pval"": 0.249321, ""kpss_pval"": 0.033707, ""vision_confidence"": ""high""}",a multiple choice question,,False,,,,,,False,
305,basic analysis,trend,False, 275.19,275.19,True,False,False,Base,baseline,,direction,trend,,,,,,,"[""low_r2""]",numerical,275.19,max,closed_form,1.0,"{""branch"": ""trend"", ""direction"": ""increasing"", ""slope"": 0.135632, ""r2"": 0.075542}",numerical,,False,,,,,,False,
296,noise analysis,noise,False,B,A,False,False,True,Base,baseline,,variance_level,noise,D,high,True,,,spectrogram,"[""adf_kpss_disagree"", ""arch_effects""]",mcq,,,,,"{""branch"": ""noise"", ""is_stationary"": false, ""is_white_noise"": false, ""adf_pval"": 0.116686, ""kpss_pval"": 0.1, ""vision_confidence"": ""high""}",a multiple choice question,,False,,,,,,False,
291,noise analysis,noise,False,A,D,False,False,True,Base,baseline,,ar_ma_process,noise,D,high,True,,,spectrogram,"[""adf_kpss_disagree"", ""arch_effects""]",mcq,,,,,"{""branch"": ""noise"", ""is_stationary"": false, ""is_white_noise"": false, ""adf_pval"": 0.013952, ""kpss_pval"": 0.01, ""vision_confidence"": ""high""}",a multiple choice question,,False,,,,,,False,
306,basic analysis,trend,False,-234.01,-234.01,True,False,False,Base,baseline,,direction,trend,,,,,,,"[""low_r2""]",numerical,-234.01,min,closed_form,1.0,"{""branch"": ""trend"", ""direction"": ""flat"", ""slope"": -0.018816, ""r2"": 0.000323}",numerical,,False,,,,,,False,
311,basic analysis,noise,False, 33.59,33.588484303309755,True,False,False,Base,baseline,,variance_level,noise,,,,,,,"[""arch_effects""]",numerical,33.588484303309755,std,closed_form,0.9999548765498586,"{""branch"": ""noise"", ""is_stationary"": true, ""is_white_noise"": false, ""adf_pval"": 0.0, ""kpss_pval"": 0.1}",numerical,,False,,,,,,False,
315,basic analysis,noise,False, 578.86,578.8550000000001,True,False,False,Base,baseline,,variance_level,noise,,,,,,,"[""arch_effects""]",numerical,578.8550000000001,percentile,closed_form,0.9999913623328613,"{""branch"": ""noise"", ""is_stationary"": false, ""is_white_noise"": false, ""adf_pval"": 1.0, ""kpss_pval"": 0.01}",numerical,,False,,,,,,False,
312,basic analysis,noise,False, 742.11,742.112,True,False,False,Base,baseline,,variance_level,noise,,,,,,,"[""arch_effects""]",numerical,742.112,percentile,closed_form,0.9999973049817413,"{""branch"": ""noise"", ""is_stationary"": true, ""is_white_noise"": false, ""adf_pval"": 0.0, ""kpss_pval"": 0.060774}",numerical,,False,,,,,,False,
309,basic analysis,trend,False,-367.20,-367.2,True,False,False,Base,baseline,,direction,trend,,,,,,,"[""low_r2""]",numerical,-367.2,min,closed_form,1.0,"{""branch"": ""trend"", ""direction"": ""increasing"", ""slope"": 0.135632, ""r2"": 0.075542}",numerical,,False,,,,,,False,
310,basic analysis,trend,False, 237.68,237.68,True,False,False,Base,baseline,,direction,trend,,,,,,,[],numerical,237.68,min,closed_form,1.0,"{""branch"": ""trend"", ""direction"": ""increasing"", ""slope"": 1.516159, ""r2"": 0.908941}",numerical,,False,,,,,,False,
314,basic analysis,noise,False, 194.16,194.15542055163544,True,False,False,Base,baseline,,variance_level,noise,,,,,,,"[""arch_effects""]",numerical,194.15542055163544,std,closed_form,0.9999764140483902,"{""branch"": ""noise"", ""is_stationary"": true, ""is_white_noise"": false, ""adf_pval"": 0.014707, ""kpss_pval"": 0.1}",numerical,,False,,,,,,False,
316,basic analysis,noise,False, 241.15,241.15200000000002,True,False,False,Base,baseline,,variance_level,noise,,,,,,,"[""arch_effects""]",numerical,241.15200000000002,percentile,closed_form,0.9999917064068007,"{""branch"": ""noise"", ""is_stationary"": true, ""is_white_noise"": false, ""adf_pval"": 0.018749, ""kpss_pval"": 0.1}",numerical,,False,,,,,,False,
313,basic analysis,noise,False, 184.90,184.9,True,False,False,Base,baseline,,variance_level,noise,,,,,,,"[""arch_effects""]",numerical,184.9,range,closed_form,1.0,"{""branch"": ""noise"", ""is_stationary"": false, ""is_white_noise"": false, ""adf_pval"": 0.12126, ""kpss_pval"": 0.01}",numerical,,False,,,,,,False,
317,basic analysis,noise,False,-9.11,-9.105523613963035,True,False,False,Base,baseline,,variance_level,noise,,,,,,,"[""arch_effects""]",numerical,-9.105523613963035,mean,closed_form,0.9995086294141642,"{""branch"": ""noise"", ""is_stationary"": true, ""is_white_noise"": false, ""adf_pval"": 0.002024, ""kpss_pval"": 0.1}",numerical,,False,,,,,,False,
318,basic analysis,noise,False,-25.50,-25.5,True,False,False,Base,baseline,,variance_level,noise,,,,,,,"[""adf_kpss_disagree"", ""arch_effects""]",numerical,-25.5,percentile,closed_form,1.0,"{""branch"": ""noise"", ""is_stationary"": false, ""is_white_noise"": false, ""adf_pval"": 0.735056, ""kpss_pval"": 0.1}",numerical,,False,,,,,,False,
297,noise analysis,noise,False,C,A,False,False,True,Base,baseline,,variance_level,noise,D,high,True,,,spectrogram,"[""arch_effects""]",mcq,,,,,"{""branch"": ""noise"", ""is_stationary"": true, ""is_white_noise"": false, ""adf_pval"": 0.0, ""kpss_pval"": 0.055975, ""vision_confidence"": ""high""}",a multiple choice question,,False,,,,,,False,
321,basic analysis,noise,False,-483.31,-483.3064061096137,True,False,False,Base,baseline,,variance_level,noise,,,,,,,"[""adf_kpss_disagree"", ""arch_effects""]",numerical,-483.3064061096137,mean,closed_form,0.999992564005739,"{""branch"": ""noise"", ""is_stationary"": false, ""is_white_noise"": false, ""adf_pval"": 0.082626, ""kpss_pval"": 0.01}",numerical,,False,,,,,,False,
319,basic analysis,noise,False, 258.97,258.96500000000003,True,False,False,Base,baseline,,stationarity,noise,,,,,,,"[""arch_effects""]",numerical,258.96500000000003,median,closed_form,0.9999806927443333,"{""branch"": ""noise"", ""is_stationary"": true, ""is_white_noise"": false, ""adf_pval"": 0.0, ""kpss_pval"": 0.1}",numerical,,False,,,,,,False,
322,basic analysis,noise,False, 134.44,134.445,True,False,False,Base,baseline,,stationarity,noise,,,,,,,"[""arch_effects""]",numerical,134.445,median,closed_form,0.9999628086878906,"{""branch"": ""noise"", ""is_stationary"": false, ""is_white_noise"": false, ""adf_pval"": 0.670579, ""kpss_pval"": 0.01}",numerical,,False,,,,,,False,
327,basic analysis,noise,False,-45.77,-45.77,True,False,False,Base,baseline,,variance_level,noise,,,,,,,"[""arch_effects""]",numerical,-45.77,percentile,closed_form,1.0,"{""branch"": ""noise"", ""is_stationary"": true, ""is_white_noise"": false, ""adf_pval"": 7e-06, ""kpss_pval"": 0.1}",numerical,,False,,,,,,False,
325,basic analysis,noise,False,-490.15,-490.15,True,False,False,Base,baseline,,stationarity,noise,,,,,,,"[""arch_effects""]",numerical,-490.15,median,closed_form,1.0,"{""branch"": ""noise"", ""is_stationary"": false, ""is_white_noise"": false, ""adf_pval"": 0.960251, ""kpss_pval"": 0.01}",numerical,,False,,,,,,False,
323,basic analysis,noise,False, 1.14,1.145,True,False,False,Base,baseline,,variance_level,noise,,,,,,,"[""arch_effects""]",numerical,1.145,percentile,closed_form,0.9956140350877192,"{""branch"": ""noise"", ""is_stationary"": false, ""is_white_noise"": false, ""adf_pval"": 0.055686, ""kpss_pval"": 0.1}",numerical,,False,,,,,,False,
326,basic analysis,noise,False, 98.69,98.6922695652174,True,False,False,Base,baseline,,variance_level,noise,,,,,,,"[""arch_effects""]",numerical,98.6922695652174,mean,closed_form,0.9999770030882824,"{""branch"": ""noise"", ""is_stationary"": false, ""is_white_noise"": false, ""adf_pval"": 0.998527, ""kpss_pval"": 0.01}",numerical,,False,,,,,,False,
324,basic analysis,noise,False, 247.91,247.90700000000012,True,False,False,Base,baseline,,variance_level,noise,,,,,,,"[""adf_kpss_disagree"", ""arch_effects""]",numerical,247.90700000000012,percentile,closed_form,0.9999878988342549,"{""branch"": ""noise"", ""is_stationary"": false, ""is_white_noise"": false, ""adf_pval"": 0.02474, ""kpss_pval"": 0.038749}",numerical,,False,,,,,,False,
332,basic analysis,trend,False,-105.75,-105.75,True,False,False,Base,baseline,,direction,trend,,,,,,,"[""low_r2""]",numerical,-105.75,min,closed_form,1.0,"{""branch"": ""trend"", ""direction"": ""increasing"", ""slope"": 0.054173, ""r2"": 0.001734}",numerical,,False,,,,,,False,
328,basic analysis,noise,False,-745.62,-745.62,True,False,False,Base,baseline,,stationarity,noise,,,,,,,"[""arch_effects""]",numerical,-745.62,median,closed_form,1.0,"{""branch"": ""noise"", ""is_stationary"": false, ""is_white_noise"": false, ""adf_pval"": 0.393824, ""kpss_pval"": 0.01}",numerical,,False,,,,,,False,
329,basic analysis,noise,False, 252.14,252.133,True,False,False,Base,baseline,,variance_level,noise,,,,,,,"[""arch_effects""]",numerical,252.133,percentile,closed_form,0.9999722376457525,"{""branch"": ""noise"", ""is_stationary"": false, ""is_white_noise"": false, ""adf_pval"": 0.113546, ""kpss_pval"": 0.01}",numerical,,False,,,,,,False,
330,basic analysis,noise,False, 521.97,521.97,True,False,False,Base,baseline,,variance_level,noise,,,,,,,"[""adf_kpss_disagree"", ""arch_effects""]",numerical,521.97,range,closed_form,1.0,"{""branch"": ""noise"", ""is_stationary"": false, ""is_white_noise"": false, ""adf_pval"": 0.095147, ""kpss_pval"": 0.01}",numerical,,False,,,,,,False,
299,noise analysis,noise,False,A,A,True,False,True,Base,baseline,,variance_level,noise,D,high,True,,,spectrogram,"[""adf_kpss_disagree"", ""arch_effects""]",mcq,,,,,"{""branch"": ""noise"", ""is_stationary"": false, ""is_white_noise"": false, ""adf_pval"": 0.195946, ""kpss_pval"": 0.1, ""vision_confidence"": ""high""}",a multiple choice question,,False,,,,,,False,
333,basic analysis,noise,False, 286.09,286.08,True,False,False,Base,baseline,,variance_level,noise,,,,,,,"[""arch_effects""]",numerical,286.08,range,closed_form,0.9999650459645566,"{""branch"": ""noise"", ""is_stationary"": false, ""is_white_noise"": false, ""adf_pval"": 0.998711, ""kpss_pval"": 0.01}",numerical,,False,,,,,,False,
300,noise analysis,noise,False,B,B,True,False,True,Base,baseline,,ar_ma_process,noise,B,high,True,,,spectrogram,"[""adf_kpss_disagree""]",mcq,,,,,"{""branch"": ""noise"", ""is_stationary"": false, ""is_white_noise"": false, ""adf_pval"": 0.009232, ""kpss_pval"": 0.01, ""vision_confidence"": ""high""}",a multiple choice question,,False,,,,,,False,
334,basic analysis,noise,False,-35.24,-35.245000000000005,True,False,False,Base,baseline,,stationarity,noise,,,,,,,"[""arch_effects""]",numerical,-35.245000000000005,median,closed_form,0.9998581157775255,"{""branch"": ""noise"", ""is_stationary"": false, ""is_white_noise"": false, ""adf_pval"": 0.999045, ""kpss_pval"": 0.01}",numerical,,False,,,,,,False,
336,basic analysis,noise,False, 52.91,52.90699999999995,True,False,False,Base,baseline,,variance_level,noise,,,,,,,"[""adf_kpss_disagree"", ""arch_effects""]",numerical,52.90699999999995,percentile,closed_form,0.999943299943299,"{""branch"": ""noise"", ""is_stationary"": false, ""is_white_noise"": false, ""adf_pval"": 0.103224, ""kpss_pval"": 0.1}",numerical,,False,,,,,,False,
338,basic analysis,noise,False, 158.10,158.09999767823305,True,False,False,Base,baseline,,variance_level,noise,,,,,,,"[""arch_effects""]",numerical,158.09999767823305,std,closed_form,0.9999999853145671,"{""branch"": ""noise"", ""is_stationary"": true, ""is_white_noise"": false, ""adf_pval"": 0.0, ""kpss_pval"": 0.078668}",numerical,,False,,,,,,False,
335,basic analysis,trend,False,-709.31,-709.31,True,False,False,Base,baseline,,direction,trend,,,,,,,"[""low_r2""]",numerical,-709.31,min,closed_form,1.0,"{""branch"": ""trend"", ""direction"": ""decreasing"", ""slope"": -0.291683, ""r2"": 0.135092}",numerical,,False,,,,,,False,
340,basic analysis,trend,False, 25.21,25.21,True,False,False,Base,baseline,,direction,trend,,,,,,,"[""low_r2""]",numerical,25.21,max,closed_form,1.0,"{""branch"": ""trend"", ""direction"": ""decreasing"", ""slope"": -0.017488, ""r2"": 0.014537}",numerical,,False,,,,,,False,
339,basic analysis,noise,False,-51.98,-51.98005185825411,True,False,False,Base,baseline,,variance_level,noise,,,,,,,"[""arch_effects""]",numerical,-51.98005185825411,mean,closed_form,0.999999002342168,"{""branch"": ""noise"", ""is_stationary"": true, ""is_white_noise"": false, ""adf_pval"": 0.0, ""kpss_pval"": 0.078668}",numerical,,False,,,,,,False,
320,basic analysis,trend,False, 0.57,0.57,True,False,False,Base,baseline,,direction,trend,,,,,,,[],numerical,0.57,max,closed_form,1.0,"{""branch"": ""trend"", ""direction"": ""decreasing"", ""slope"": -0.038868, ""r2"": 0.820117}",numerical,,False,,,,,,False,
337,basic analysis,noise,False, 1123.27,1123.2700000000002,True,False,False,Base,baseline,,variance_level,noise,,,,,,,"[""adf_kpss_disagree"", ""arch_effects""]",numerical,1123.2700000000002,percentile,closed_form,0.9999999999999998,"{""branch"": ""noise"", ""is_stationary"": false, ""is_white_noise"": false, ""adf_pval"": 0.058123, ""kpss_pval"": 0.01}",numerical,,False,,,,,,False,
342,basic analysis,trend,False,-472.48,-472.48,True,False,False,Base,baseline,,direction,trend,,,,,,,[],numerical,-472.48,max,closed_form,1.0,"{""branch"": ""trend"", ""direction"": ""decreasing"", ""slope"": -0.801717, ""r2"": 0.820405}",numerical,,False,,,,,,False,
341,basic analysis,noise,False, 925.29,925.2923999999999,True,False,False,Base,baseline,,variance_level,noise,,,,,,,"[""arch_effects""]",numerical,925.2923999999999,percentile,closed_form,0.999997406218591,"{""branch"": ""noise"", ""is_stationary"": false, ""is_white_noise"": false, ""adf_pval"": 0.483517, ""kpss_pval"": 0.01}",numerical,,False,,,,,,False,
343,basic analysis,noise,False, 458.04,458.03989774566236,True,False,False,Base,baseline,,variance_level,noise,,,,,,,"[""arch_effects""]",numerical,458.03989774566236,std,closed_form,0.9999997767567512,"{""branch"": ""noise"", ""is_stationary"": false, ""is_white_noise"": false, ""adf_pval"": 1.0, ""kpss_pval"": 0.01}",numerical,,False,,,,,,False,
348,basic analysis,noise,False, 141.34,141.34,True,False,False,Base,baseline,,stationarity,noise,,,,,,,"[""arch_effects""]",numerical,141.34,median,closed_form,1.0,"{""branch"": ""noise"", ""is_stationary"": false, ""is_white_noise"": false, ""adf_pval"": 0.603196, ""kpss_pval"": 0.01}",numerical,,False,,,,,,False,
347,basic analysis,noise,False, 62.83,62.835,True,False,False,Base,baseline,,variance_level,noise,,,,,,,"[""adf_kpss_disagree"", ""arch_effects""]",numerical,62.835,percentile,closed_form,0.9999204201814419,"{""branch"": ""noise"", ""is_stationary"": false, ""is_white_noise"": false, ""adf_pval"": 0.065953, ""kpss_pval"": 0.01}",numerical,,False,,,,,,False,
298,noise analysis,noise,False,D,D,True,False,True,Base,baseline,,ar_ma_process,noise,D,high,True,,,spectrogram,"[""adf_kpss_disagree"", ""arch_effects""]",mcq,,,,,"{""branch"": ""noise"", ""is_stationary"": false, ""is_white_noise"": false, ""adf_pval"": 0.010382, ""kpss_pval"": 0.01, ""vision_confidence"": ""high""}",a multiple choice question,,False,,,,,,False,
344,basic analysis,noise,False, 129.83,129.83,True,False,False,Base,baseline,,variance_level,noise,,,,,,,"[""arch_effects""]",numerical,129.83,percentile,closed_form,1.0,"{""branch"": ""noise"", ""is_stationary"": true, ""is_white_noise"": false, ""adf_pval"": 0.0, ""kpss_pval"": 0.060774}",numerical,,False,,,,,,False,
350,basic analysis,noise,False,-15.39,-15.39,True,False,False,Base,baseline,,stationarity,noise,,,,,,,"[""arch_effects""]",numerical,-15.39,median,closed_form,1.0,"{""branch"": ""noise"", ""is_stationary"": true, ""is_white_noise"": false, ""adf_pval"": 0.0, ""kpss_pval"": 0.1}",numerical,,False,,,,,,False,
353,basic analysis,noise,False,-19.38,-19.380000000000003,True,False,False,Base,baseline,,variance_level,noise,,,,,,,"[""arch_effects""]",numerical,-19.380000000000003,percentile,closed_form,0.9999999999999998,"{""branch"": ""noise"", ""is_stationary"": false, ""is_white_noise"": false, ""adf_pval"": 0.643581, ""kpss_pval"": 0.01}",numerical,,False,,,,,,False,
354,basic analysis,noise,False, 934.93,934.92,True,False,False,Base,baseline,,variance_level,noise,,,,,,,"[""arch_effects""]",numerical,934.92,range,closed_form,0.9999893040120651,"{""branch"": ""noise"", ""is_stationary"": true, ""is_white_noise"": false, ""adf_pval"": 0.0, ""kpss_pval"": 0.054851}",numerical,,False,,,,,,False,
346,basic analysis,noise,False,-95.32,-95.32,True,False,False,Base,baseline,,stationarity,noise,,,,,,,"[""arch_effects""]",numerical,-95.32,median,closed_form,1.0,"{""branch"": ""noise"", ""is_stationary"": true, ""is_white_noise"": false, ""adf_pval"": 7e-06, ""kpss_pval"": 0.1}",numerical,,False,,,,,,False,
356,basic analysis,noise,False, 1364.40,1364.3899999999999,True,False,False,Base,baseline,,variance_level,noise,,,,,,,"[""arch_effects""]",numerical,1364.3899999999999,range,closed_form,0.9999926707710347,"{""branch"": ""noise"", ""is_stationary"": true, ""is_white_noise"": false, ""adf_pval"": 0.022057, ""kpss_pval"": 0.1}",numerical,,False,,,,,,False,
351,basic analysis,noise,False, 115.19,115.19,True,False,False,Base,baseline,,variance_level,noise,,,,,,,"[""arch_effects""]",numerical,115.19,percentile,closed_form,1.0,"{""branch"": ""noise"", ""is_stationary"": true, ""is_white_noise"": false, ""adf_pval"": 0.00065, ""kpss_pval"": 0.1}",numerical,,False,,,,,,False,
358,basic analysis,noise,False, 55.12,55.12481420810922,True,False,False,Base,baseline,,variance_level,noise,,,,,,,"[""adf_kpss_disagree"", ""arch_effects""]",numerical,55.12481420810922,std,closed_form,0.9999126595045497,"{""branch"": ""noise"", ""is_stationary"": false, ""is_white_noise"": false, ""adf_pval"": 0.000146, ""kpss_pval"": 0.01}",numerical,,False,,,,,,False,
349,basic analysis,noise,False, 605.90,605.8900000000001,True,False,False,Base,baseline,,variance_level,noise,,,,,,,"[""arch_effects""]",numerical,605.8900000000001,range,closed_form,0.9999834956263411,"{""branch"": ""noise"", ""is_stationary"": false, ""is_white_noise"": false, ""adf_pval"": 0.990212, ""kpss_pval"": 0.01}",numerical,,False,,,,,,False,
331,basic analysis,trend,False, 798.11,798.11,True,False,False,Base,baseline,,direction,trend,,,,,,,"[""low_r2""]",numerical,798.11,max,closed_form,1.0,"{""branch"": ""trend"", ""direction"": ""increasing"", ""slope"": 0.433272, ""r2"": 0.342681}",numerical,,False,,,,,,False,
352,basic analysis,trend,False, 75.04,75.04,True,False,False,Base,baseline,,direction,trend,,,,,,,"[""low_r2""]",numerical,75.04,max,closed_form,1.0,"{""branch"": ""trend"", ""direction"": ""increasing"", ""slope"": 0.126435, ""r2"": 0.390253}",numerical,,False,,,,,,False,
357,basic analysis,noise,False,-192.21,-192.215,True,False,False,Base,baseline,,stationarity,noise,,,,,,,"[""adf_kpss_disagree"", ""arch_effects""]",numerical,-192.215,median,closed_form,0.9999739867852869,"{""branch"": ""noise"", ""is_stationary"": false, ""is_white_noise"": false, ""adf_pval"": 0.029279, ""kpss_pval"": 0.01716}",numerical,,False,,,,,,False,
359,basic analysis,noise,False, 1441.24,1441.2400000000002,True,False,False,Base,baseline,,variance_level,noise,,,,,,,"[""adf_kpss_disagree"", ""arch_effects""]",numerical,1441.2400000000002,range,closed_form,0.9999999999999999,"{""branch"": ""noise"", ""is_stationary"": false, ""is_white_noise"": false, ""adf_pval"": 0.061639, ""kpss_pval"": 0.01}",numerical,,False,,,,,,False,
361,basic analysis,noise,False, 55.01,55.0034,True,False,False,Base,baseline,,variance_level,noise,,,,,,,"[""adf_kpss_disagree"", ""arch_effects""]",numerical,55.0034,percentile,closed_form,0.9998800218142156,"{""branch"": ""noise"", ""is_stationary"": false, ""is_white_noise"": false, ""adf_pval"": 0.463607, ""kpss_pval"": 0.1}",numerical,,False,,,,,,False,
362,basic analysis,noise,False, 89.55,89.55,True,False,False,Base,baseline,,variance_level,noise,,,,,,,"[""arch_effects""]",numerical,89.55,percentile,closed_form,1.0,"{""branch"": ""noise"", ""is_stationary"": true, ""is_white_noise"": false, ""adf_pval"": 0.0, ""kpss_pval"": 0.1}",numerical,,False,,,,,,False,
364,basic analysis,noise,False, 46.20,46.20247711088505,True,False,False,Base,baseline,,variance_level,noise,,,,,,,"[""adf_kpss_disagree"", ""arch_effects""]",numerical,46.20247711088505,mean,closed_form,0.999946382881276,"{""branch"": ""noise"", ""is_stationary"": false, ""is_white_noise"": false, ""adf_pval"": 1.5e-05, ""kpss_pval"": 0.01}",numerical,,False,,,,,,False,
360,basic analysis,noise,False, 0.92,0.92,True,False,False,Base,baseline,,variance_level,noise,,,,,,,"[""arch_effects""]",numerical,0.92,percentile,closed_form,1.0,"{""branch"": ""noise"", ""is_stationary"": false, ""is_white_noise"": false, ""adf_pval"": 1.0, ""kpss_pval"": 0.01}",numerical,,False,,,,,,False,
365,basic analysis,noise,False,-76.69,-76.68966037735849,True,False,False,Base,baseline,,variance_level,noise,,,,,,,"[""arch_effects""]",numerical,-76.68966037735849,mean,closed_form,0.9999955714872668,"{""branch"": ""noise"", ""is_stationary"": false, ""is_white_noise"": false, ""adf_pval"": 0.982437, ""kpss_pval"": 0.015042}",numerical,,False,,,,,,False,
355,basic analysis,trend,False, 3.63,3.63,True,False,False,Base,baseline,,direction,trend,,,,,,,"[""low_r2""]",numerical,3.63,min,closed_form,1.0,"{""branch"": ""trend"", ""direction"": ""increasing"", ""slope"": 0.112418, ""r2"": 0.106925}",numerical,,False,,,,,,False,
366,basic analysis,noise,False, 293.87,293.875,True,False,False,Base,baseline,,variance_level,noise,,,,,,,"[""arch_effects""]",numerical,293.875,percentile,closed_form,0.9999829856739375,"{""branch"": ""noise"", ""is_stationary"": false, ""is_white_noise"": false, ""adf_pval"": 0.224201, ""kpss_pval"": 0.01}",numerical,,False,,,,,,False,
368,basic analysis,noise,False, 44.35,44.352196412948686,True,False,False,Base,baseline,,variance_level,noise,,,,,,,"[""arch_effects""]",numerical,44.352196412948686,std,closed_form,0.9999504754690263,"{""branch"": ""noise"", ""is_stationary"": false, ""is_white_noise"": false, ""adf_pval"": 0.998657, ""kpss_pval"": 0.01}",numerical,,False,,,,,,False,
370,basic analysis,noise,False,-0.64,-0.645,True,False,False,Base,baseline,,variance_level,noise,,,,,,,"[""adf_kpss_disagree"", ""arch_effects""]",numerical,-0.645,percentile,closed_form,0.9921875,"{""branch"": ""noise"", ""is_stationary"": false, ""is_white_noise"": false, ""adf_pval"": 0.04074, ""kpss_pval"": 0.01}",numerical,,False,,,,,,False,
369,basic analysis,noise,False, 127.40,127.39999712982582,True,False,False,Base,baseline,,variance_level,noise,,,,,,,"[""arch_effects""]",numerical,127.39999712982582,std,closed_form,0.9999999774711602,"{""branch"": ""noise"", ""is_stationary"": false, ""is_white_noise"": false, ""adf_pval"": 0.055686, ""kpss_pval"": 0.1}",numerical,,False,,,,,,False,
367,basic analysis,noise,False, 199.95,199.952,True,False,False,Base,baseline,,variance_level,noise,,,,,,,"[""arch_effects""]",numerical,199.952,percentile,closed_form,0.9999899974993748,"{""branch"": ""noise"", ""is_stationary"": false, ""is_white_noise"": false, ""adf_pval"": 0.766528, ""kpss_pval"": 0.01}",numerical,,False,,,,,,False,
375,basic analysis,noise,False, 267.94,267.94,True,False,False,Base,baseline,,variance_level,noise,,,,,,,"[""arch_effects""]",numerical,267.94,percentile,closed_form,1.0,"{""branch"": ""noise"", ""is_stationary"": false, ""is_white_noise"": false, ""adf_pval"": 0.12953, ""kpss_pval"": 0.01}",numerical,,False,,,,,,False,
371,basic analysis,noise,False, 399.49,399.49,True,False,False,Base,baseline,,variance_level,noise,,,,,,,"[""adf_kpss_disagree""]",numerical,399.49,range,closed_form,1.0,"{""branch"": ""noise"", ""is_stationary"": false, ""is_white_noise"": true, ""adf_pval"": 0.0, ""kpss_pval"": 0.01}",numerical,,False,,,,,,False,
376,basic analysis,noise,False,-724.83,-724.83,True,False,False,Base,baseline,,variance_level,noise,,,,,,,"[""arch_effects""]",numerical,-724.83,percentile,closed_form,1.0,"{""branch"": ""noise"", ""is_stationary"": true, ""is_white_noise"": false, ""adf_pval"": 0.030248, ""kpss_pval"": 0.1}",numerical,,False,,,,,,False,
372,basic analysis,noise,False, 149.60,149.6,True,False,False,Base,baseline,,stationarity,noise,,,,,,,"[""adf_kpss_disagree"", ""arch_effects""]",numerical,149.6,median,closed_form,1.0,"{""branch"": ""noise"", ""is_stationary"": false, ""is_white_noise"": false, ""adf_pval"": 0.010847, ""kpss_pval"": 0.01}",numerical,,False,,,,,,False,
378,basic analysis,noise,False,-32.91,-32.91,True,False,False,Base,baseline,,variance_level,noise,,,,,,,"[""arch_effects""]",numerical,-32.91,percentile,closed_form,1.0,"{""branch"": ""noise"", ""is_stationary"": true, ""is_white_noise"": false, ""adf_pval"": 0.02195, ""kpss_pval"": 0.1}",numerical,,False,,,,,,False,
379,basic analysis,noise,False,-498.93,-498.93,True,False,False,Base,baseline,,stationarity,noise,,,,,,,"[""adf_kpss_disagree"", ""arch_effects""]",numerical,-498.93,median,closed_form,1.0,"{""branch"": ""noise"", ""is_stationary"": false, ""is_white_noise"": false, ""adf_pval"": 0.035124, ""kpss_pval"": 0.01}",numerical,,False,,,,,,False,
373,basic analysis,trend,False,-23.80,-23.8,True,False,False,Base,baseline,,direction,trend,,,,,,,"[""low_r2""]",numerical,-23.8,min,closed_form,1.0,"{""branch"": ""trend"", ""direction"": ""decreasing"", ""slope"": -0.023351, ""r2"": 0.027308}",numerical,,False,,,,,,False,
377,basic analysis,trend,False,-33.18,-33.18,True,False,False,Base,baseline,,direction,trend,,,,,,,"[""low_r2""]",numerical,-33.18,min,closed_form,1.0,"{""branch"": ""trend"", ""direction"": ""decreasing"", ""slope"": -0.033392, ""r2"": 0.088355}",numerical,,False,,,,,,False,
383,basic analysis,noise,False, 1.28,1.28,True,False,False,Base,baseline,,stationarity,noise,,,,,,,"[""adf_kpss_disagree"", ""arch_effects""]",numerical,1.28,median,closed_form,1.0,"{""branch"": ""noise"", ""is_stationary"": false, ""is_white_noise"": false, ""adf_pval"": 0.998829, ""kpss_pval"": 0.1}",numerical,,False,,,,,,False,
380,basic analysis,trend,False,-133.47,-133.47,True,False,False,Base,baseline,,direction,trend,,,,,,,"[""low_r2""]",numerical,-133.47,min,closed_form,1.0,"{""branch"": ""trend"", ""direction"": ""decreasing"", ""slope"": -0.172276, ""r2"": 0.024566}",numerical,,False,,,,,,False,
382,basic analysis,noise,False, 643.76,643.76,True,False,False,Base,baseline,,variance_level,noise,,,,,,,"[""arch_effects""]",numerical,643.76,range,closed_form,1.0,"{""branch"": ""noise"", ""is_stationary"": false, ""is_white_noise"": false, ""adf_pval"": 0.989613, ""kpss_pval"": 0.01}",numerical,,False,,,,,,False,
381,basic analysis,noise,False, 293.87,293.875,True,False,False,Base,baseline,,stationarity,noise,,,,,,,"[""arch_effects""]",numerical,293.875,median,closed_form,0.9999829856739375,"{""branch"": ""noise"", ""is_stationary"": false, ""is_white_noise"": false, ""adf_pval"": 0.224201, ""kpss_pval"": 0.01}",numerical,,False,,,,,,False,
385,basic analysis,noise,False, 37.88,37.88,True,False,False,Base,baseline,,variance_level,noise,,,,,,,"[""adf_kpss_disagree"", ""arch_effects""]",numerical,37.88,range,closed_form,1.0,"{""branch"": ""noise"", ""is_stationary"": false, ""is_white_noise"": false, ""adf_pval"": 4e-05, ""kpss_pval"": 0.01}",numerical,,False,,,,,,False,
388,basic analysis,noise,False, 29.04,29.04,True,False,False,Base,baseline,,stationarity,noise,,,,,,,"[""arch_effects""]",numerical,29.04,median,closed_form,1.0,"{""branch"": ""noise"", ""is_stationary"": true, ""is_white_noise"": false, ""adf_pval"": 0.002945, ""kpss_pval"": 0.1}",numerical,,False,,,,,,False,
386,basic analysis,noise,False, 111.94,111.94099999999997,True,False,False,Base,baseline,,variance_level,noise,,,,,,,"[""arch_effects""]",numerical,111.94099999999997,percentile,closed_form,0.9999910666428445,"{""branch"": ""noise"", ""is_stationary"": true, ""is_white_noise"": false, ""adf_pval"": 0.0, ""kpss_pval"": 0.054851}",numerical,,False,,,,,,False,
390,basic analysis,noise,False, 235.50,235.49,True,False,False,Base,baseline,,variance_level,noise,,,,,,,"[""adf_kpss_disagree"", ""arch_effects""]",numerical,235.49,range,closed_form,0.9999575371549895,"{""branch"": ""noise"", ""is_stationary"": false, ""is_white_noise"": false, ""adf_pval"": 0.000146, ""kpss_pval"": 0.01}",numerical,,False,,,,,,False,
387,basic analysis,noise,False,-16.46,-16.465,True,False,False,Base,baseline,,variance_level,noise,,,,,,,"[""adf_kpss_disagree"", ""arch_effects""]",numerical,-16.465,percentile,closed_form,0.9996962332928312,"{""branch"": ""noise"", ""is_stationary"": false, ""is_white_noise"": false, ""adf_pval"": 0.563625, ""kpss_pval"": 0.1}",numerical,,False,,,,,,False,
392,basic analysis,noise,False, 317.45,317.44999999999993,True,False,False,Base,baseline,,variance_level,noise,,,,,,,"[""arch_effects""]",numerical,317.44999999999993,percentile,closed_form,0.9999999999999998,"{""branch"": ""noise"", ""is_stationary"": false, ""is_white_noise"": false, ""adf_pval"": 0.961855, ""kpss_pval"": 0.01}",numerical,,False,,,,,,False,
394,basic analysis,noise,False,-201.35,-201.35119318181816,True,False,False,Base,baseline,,variance_level,noise,,,,,,,"[""arch_effects""]",numerical,-201.35119318181816,mean,closed_form,0.9999940740907963,"{""branch"": ""noise"", ""is_stationary"": true, ""is_white_noise"": false, ""adf_pval"": 1e-06, ""kpss_pval"": 0.1}",numerical,,False,,,,,,False,
393,basic analysis,noise,False, 269.68,269.685,True,False,False,Base,baseline,,stationarity,noise,,,,,,,"[""arch_effects""]",numerical,269.685,median,closed_form,0.9999814595075646,"{""branch"": ""noise"", ""is_stationary"": false, ""is_white_noise"": false, ""adf_pval"": 1.0, ""kpss_pval"": 0.01}",numerical,,False,,,,,,False,
391,basic analysis,noise,False, 104.88,104.88022050716648,True,False,False,Base,baseline,,variance_level,noise,,,,,,,"[""arch_effects""]",numerical,104.88022050716648,mean,closed_form,0.9999978975289237,"{""branch"": ""noise"", ""is_stationary"": true, ""is_white_noise"": false, ""adf_pval"": 0.018633, ""kpss_pval"": 0.1}",numerical,,False,,,,,,False,
396,basic analysis,noise,False, 389.59,389.59,True,False,False,Base,baseline,,variance_level,noise,,,,,,,"[""arch_effects""]",numerical,389.59,range,closed_form,1.0,"{""branch"": ""noise"", ""is_stationary"": false, ""is_white_noise"": false, ""adf_pval"": 0.12953, ""kpss_pval"": 0.01}",numerical,,False,,,,,,False,
363,basic analysis,trend,False,-515.75,-515.75,True,False,False,Base,baseline,,direction,trend,,,,,,,"[""low_r2""]",numerical,-515.75,min,closed_form,1.0,"{""branch"": ""trend"", ""direction"": ""decreasing"", ""slope"": -0.249332, ""r2"": 0.621854}",numerical,,False,,,,,,False,
374,basic analysis,trend,False,-171.27,-171.27,True,False,False,Base,baseline,,direction,trend,,,,,,,[],numerical,-171.27,max,closed_form,1.0,"{""branch"": ""trend"", ""direction"": ""decreasing"", ""slope"": -1.219648, ""r2"": 0.982047}",numerical,,False,,,,,,False,
398,basic analysis,noise,False, 174.34,174.342,True,False,False,Base,baseline,,variance_level,noise,,,,,,,"[""arch_effects""]",numerical,174.342,percentile,closed_form,0.9999885281633589,"{""branch"": ""noise"", ""is_stationary"": true, ""is_white_noise"": false, ""adf_pval"": 1e-06, ""kpss_pval"": 0.1}",numerical,,False,,,,,,False,
389,basic analysis,trend,False, 38.60,38.6,True,False,False,Base,baseline,,direction,trend,,,,,,,"[""low_r2""]",numerical,38.6,min,closed_form,1.0,"{""branch"": ""trend"", ""direction"": ""decreasing"", ""slope"": -0.275154, ""r2"": 0.397777}",numerical,,False,,,,,,False,
403,stationarity,noise,False, 11.70,11.699257950530036,True,False,False,Base,baseline,,variance_level,noise,,,,,,,"[""arch_effects""]",numerical,11.699257950530036,mean,closed_form,0.9999365769683792,"{""branch"": ""noise"", ""is_stationary"": true, ""is_white_noise"": false, ""adf_pval"": 0.0, ""kpss_pval"": 0.1}",numerical,,False,,,,,,False,
402,stationarity,trend,False, 858.04,858.04,True,False,False,Base,baseline,,direction,trend,,,,,,,"[""low_r2""]",numerical,858.04,max,closed_form,1.0,"{""branch"": ""trend"", ""direction"": ""decreasing"", ""slope"": -1.635886, ""r2"": 0.331737}",numerical,,False,,,,,,False,
399,basic analysis,noise,False,-77.14,-77.14,True,False,False,Base,baseline,,stationarity,noise,,,,,,,"[""adf_kpss_disagree"", ""arch_effects""]",numerical,-77.14,median,closed_form,1.0,"{""branch"": ""noise"", ""is_stationary"": false, ""is_white_noise"": false, ""adf_pval"": 0.00733, ""kpss_pval"": 0.01}",numerical,,False,,,,,,False,
406,stationarity,noise,False, 164.60,164.60306397306397,True,False,False,Base,baseline,,variance_level,noise,,,,,,,"[""arch_effects""]",numerical,164.60306397306397,mean,closed_form,0.99998138533983,"{""branch"": ""noise"", ""is_stationary"": true, ""is_white_noise"": false, ""adf_pval"": 0.0, ""kpss_pval"": 0.1}",numerical,,False,,,,,,False,
405,stationarity,noise,False, 572.64,572.6410302040161,True,False,False,Base,baseline,,variance_level,noise,,,,,,,"[""arch_effects""]",numerical,572.6410302040161,std,closed_form,0.999998200956943,"{""branch"": ""noise"", ""is_stationary"": true, ""is_white_noise"": false, ""adf_pval"": 0.012588, ""kpss_pval"": 0.1}",numerical,,False,,,,,,False,
404,stationarity,noise,False,-527.36,-527.36,True,False,False,Base,baseline,,stationarity,noise,,,,,,,"[""arch_effects""]",numerical,-527.36,median,closed_form,1.0,"{""branch"": ""noise"", ""is_stationary"": false, ""is_white_noise"": false, ""adf_pval"": 0.100755, ""kpss_pval"": 0.01}",numerical,,False,,,,,,False,
407,stationarity,noise,False,-246.78,-246.78,True,False,False,Base,baseline,,variance_level,noise,,,,,,,"[""arch_effects""]",numerical,-246.78,percentile,closed_form,1.0,"{""branch"": ""noise"", ""is_stationary"": true, ""is_white_noise"": false, ""adf_pval"": 0.027319, ""kpss_pval"": 0.1}",numerical,,False,,,,,,False,
408,stationarity,noise,False, 204.90,204.90299999999996,True,False,False,Base,baseline,,variance_level,noise,,,,,,,"[""adf_kpss_disagree"", ""arch_effects""]",numerical,204.90299999999996,percentile,closed_form,0.9999853587115668,"{""branch"": ""noise"", ""is_stationary"": false, ""is_white_noise"": false, ""adf_pval"": 0.000853, ""kpss_pval"": 0.024691}",numerical,,False,,,,,,False,
401,stationarity,trend,False,-773.69,-773.69,True,False,False,Base,baseline,,direction,trend,,,,,,,"[""low_r2""]",numerical,-773.69,min,closed_form,1.0,"{""branch"": ""trend"", ""direction"": ""increasing"", ""slope"": 0.204603, ""r2"": 0.015766}",numerical,,False,,,,,,False,
410,stationarity,noise,False, 12.55,12.545000000000002,True,False,False,Base,baseline,,stationarity,noise,,,,,,,"[""arch_effects""]",numerical,12.545000000000002,median,closed_form,0.999601593625498,"{""branch"": ""noise"", ""is_stationary"": true, ""is_white_noise"": false, ""adf_pval"": 0.0, ""kpss_pval"": 0.1}",numerical,,False,,,,,,False,
409,stationarity,noise,False, 1875.27,1875.27,True,False,False,Base,baseline,,variance_level,noise,,,,,,,"[""adf_kpss_disagree"", ""arch_effects""]",numerical,1875.27,range,closed_form,1.0,"{""branch"": ""noise"", ""is_stationary"": false, ""is_white_noise"": false, ""adf_pval"": 0.081396, ""kpss_pval"": 0.01}",numerical,,False,,,,,,False,
400,basic analysis,trend,False, 275.19,275.19,True,False,False,Base,baseline,,direction,trend,,,,,,,"[""low_r2""]",numerical,275.19,max,closed_form,1.0,"{""branch"": ""trend"", ""direction"": ""increasing"", ""slope"": 0.135632, ""r2"": 0.075542}",numerical,,False,,,,,,False,
412,stationarity,noise,False, 1922.33,1922.32,True,False,False,Base,baseline,,variance_level,noise,,,,,,,"[""arch_effects""]",numerical,1922.32,range,closed_form,0.9999947979795353,"{""branch"": ""noise"", ""is_stationary"": true, ""is_white_noise"": false, ""adf_pval"": 0.046427, ""kpss_pval"": 0.1}",numerical,,False,,,,,,False,
415,stationarity,noise,False, 63.96,63.95399999999999,True,False,False,Base,baseline,,variance_level,noise,,,,,,,"[""arch_effects""]",numerical,63.95399999999999,percentile,closed_form,0.9999061913696059,"{""branch"": ""noise"", ""is_stationary"": true, ""is_white_noise"": false, ""adf_pval"": 0.0, ""kpss_pval"": 0.1}",numerical,,False,,,,,,False,
414,stationarity,noise,False, 599.73,599.73,True,False,False,Base,baseline,,variance_level,noise,,,,,,,"[""arch_effects""]",numerical,599.73,percentile,closed_form,1.0,"{""branch"": ""noise"", ""is_stationary"": true, ""is_white_noise"": false, ""adf_pval"": 0.015487, ""kpss_pval"": 0.1}",numerical,,False,,,,,,False,
417,stationarity,noise,False, 424.71,424.71,True,False,False,Base,baseline,,variance_level,noise,,,,,,,"[""arch_effects""]",numerical,424.71,percentile,closed_form,1.0,"{""branch"": ""noise"", ""is_stationary"": true, ""is_white_noise"": false, ""adf_pval"": 0.002945, ""kpss_pval"": 0.075994}",numerical,,False,,,,,,False,
345,basic analysis,trend,False,-237.67,-237.67,True,False,False,Base,baseline,,direction,trend,,,,,,,"[""low_r2""]",numerical,-237.67,min,closed_form,1.0,"{""branch"": ""trend"", ""direction"": ""decreasing"", ""slope"": -0.123244, ""r2"": 0.580483}",numerical,,False,,,,,,False,
413,stationarity,trend,False,-269.86,-269.86,True,False,False,Base,baseline,,direction,trend,,,,,,,[],numerical,-269.86,min,closed_form,1.0,"{""branch"": ""trend"", ""direction"": ""decreasing"", ""slope"": -0.777431, ""r2"": 0.662088}",numerical,,False,,,,,,False,
411,stationarity,noise,False,-176.72,-176.72,True,False,False,Base,baseline,,variance_level,noise,,,,,,,"[""arch_effects""]",numerical,-176.72,percentile,closed_form,1.0,"{""branch"": ""noise"", ""is_stationary"": false, ""is_white_noise"": false, ""adf_pval"": 0.98155, ""kpss_pval"": 0.01}",numerical,,False,,,,,,False,
416,stationarity,noise,False,-527.36,-527.36,True,False,False,Base,baseline,,variance_level,noise,,,,,,,"[""arch_effects""]",numerical,-527.36,percentile,closed_form,1.0,"{""branch"": ""noise"", ""is_stationary"": false, ""is_white_noise"": false, ""adf_pval"": 0.100755, ""kpss_pval"": 0.01}",numerical,,False,,,,,,False,
420,stationarity,noise,False, 1204.92,1204.92,True,False,False,Base,baseline,,variance_level,noise,,,,,,,"[""arch_effects""]",numerical,1204.92,range,closed_form,1.0,"{""branch"": ""noise"", ""is_stationary"": false, ""is_white_noise"": false, ""adf_pval"": 0.639301, ""kpss_pval"": 0.01}",numerical,,False,,,,,,False,
421,stationarity,noise,False,-230.18,-230.18179104477616,True,False,False,Base,baseline,,variance_level,noise,,,,,,,"[""adf_kpss_disagree"", ""arch_effects""]",numerical,-230.18179104477616,mean,closed_form,0.9999922189383259,"{""branch"": ""noise"", ""is_stationary"": false, ""is_white_noise"": false, ""adf_pval"": 0.056134, ""kpss_pval"": 0.01}",numerical,,False,,,,,,False,
419,stationarity,noise,False, 146.81,146.81,True,False,False,Base,baseline,,stationarity,noise,,,,,,,"[""arch_effects""]",numerical,146.81,median,closed_form,1.0,"{""branch"": ""noise"", ""is_stationary"": true, ""is_white_noise"": false, ""adf_pval"": 0.003351, ""kpss_pval"": 0.1}",numerical,,False,,,,,,False,
418,stationarity,noise,False,-259.52,-259.52299999999997,True,False,False,Base,baseline,,variance_level,noise,,,,,,,"[""arch_effects""]",numerical,-259.52299999999997,percentile,closed_form,0.9999884401972874,"{""branch"": ""noise"", ""is_stationary"": false, ""is_white_noise"": false, ""adf_pval"": 0.821792, ""kpss_pval"": 0.01}",numerical,,False,,,,,,False,
423,stationarity,noise,False, 504.42,504.42,True,False,False,Base,baseline,,variance_level,noise,,,,,,,"[""arch_effects""]",numerical,504.42,percentile,closed_form,1.0,"{""branch"": ""noise"", ""is_stationary"": true, ""is_white_noise"": false, ""adf_pval"": 0.0, ""kpss_pval"": 0.1}",numerical,,False,,,,,,False,
426,stationarity,noise,False, 482.67,482.67,True,False,False,Base,baseline,,variance_level,noise,,,,,,,"[""arch_effects""]",numerical,482.67,percentile,closed_form,1.0,"{""branch"": ""noise"", ""is_stationary"": true, ""is_white_noise"": false, ""adf_pval"": 0.008861, ""kpss_pval"": 0.1}",numerical,,False,,,,,,False,
424,stationarity,noise,False, 690.83,690.8222000000001,True,False,False,Base,baseline,,variance_level,noise,,,,,,,"[""arch_effects""]",numerical,690.8222000000001,percentile,closed_form,0.9999887092338202,"{""branch"": ""noise"", ""is_stationary"": false, ""is_white_noise"": false, ""adf_pval"": 0.160325, ""kpss_pval"": 0.01}",numerical,,False,,,,,,False,
428,stationarity,trend,False,-484.77,-484.77,True,False,False,Base,baseline,,direction,trend,,,,,,,"[""low_r2""]",numerical,-484.77,min,closed_form,1.0,"{""branch"": ""trend"", ""direction"": ""decreasing"", ""slope"": -0.223251, ""r2"": 0.007682}",numerical,,False,,,,,,False,
422,stationarity,noise,False, 70.36,70.35598735179796,True,False,False,Base,baseline,,variance_level,noise,,,,,,,"[""arch_effects""]",numerical,70.35598735179796,std,closed_form,0.9999429697526715,"{""branch"": ""noise"", ""is_stationary"": false, ""is_white_noise"": false, ""adf_pval"": 0.513323, ""kpss_pval"": 0.01}",numerical,,False,,,,,,False,
430,stationarity,noise,False, 291.75,291.754633401222,True,False,False,Base,baseline,,variance_level,noise,,,,,,,"[""arch_effects""]",numerical,291.754633401222,mean,closed_form,0.9999841185904987,"{""branch"": ""noise"", ""is_stationary"": false, ""is_white_noise"": false, ""adf_pval"": 0.434167, ""kpss_pval"": 0.01}",numerical,,False,,,,,,False,
429,stationarity,noise,False,-123.76,-123.76457572502686,True,False,False,Base,baseline,,variance_level,noise,,,,,,,"[""arch_effects""]",numerical,-123.76457572502686,mean,closed_form,0.9999630274319097,"{""branch"": ""noise"", ""is_stationary"": false, ""is_white_noise"": false, ""adf_pval"": 0.592707, ""kpss_pval"": 0.01}",numerical,,False,,,,,,False,
425,stationarity,noise,False, 137.87,137.865,True,False,False,Base,baseline,,variance_level,noise,,,,,,,"[""adf_kpss_disagree"", ""arch_effects""]",numerical,137.865,percentile,closed_form,0.9999637339522739,"{""branch"": ""noise"", ""is_stationary"": false, ""is_white_noise"": false, ""adf_pval"": 0.00176, ""kpss_pval"": 0.035346}",numerical,,False,,,,,,False,
431,stationarity,noise,False, 457.53,457.53,True,False,False,Base,baseline,,variance_level,noise,,,,,,,"[""adf_kpss_disagree"", ""arch_effects""]",numerical,457.53,range,closed_form,1.0,"{""branch"": ""noise"", ""is_stationary"": false, ""is_white_noise"": false, ""adf_pval"": 0.067598, ""kpss_pval"": 0.01}",numerical,,False,,,,,,False,
427,stationarity,noise,False,-280.72,-280.725,True,False,False,Base,baseline,,variance_level,noise,,,,,,,"[""adf_kpss_disagree"", ""arch_effects""]",numerical,-280.725,percentile,closed_form,0.9999821886577372,"{""branch"": ""noise"", ""is_stationary"": false, ""is_white_noise"": false, ""adf_pval"": 0.000266, ""kpss_pval"": 0.013835}",numerical,,False,,,,,,False,
435,stationarity,noise,False, 1049.21,1049.2,True,False,False,Base,baseline,,variance_level,noise,,,,,,,"[""arch_effects""]",numerical,1049.2,range,closed_form,0.999990469019548,"{""branch"": ""noise"", ""is_stationary"": true, ""is_white_noise"": false, ""adf_pval"": 0.0, ""kpss_pval"": 0.1}",numerical,,False,,,,,,False,
432,stationarity,noise,False, 104.30,104.29743716543143,True,False,False,Base,baseline,,variance_level,noise,,,,,,,"[""adf_kpss_disagree"", ""arch_effects""]",numerical,104.29743716543143,std,closed_form,0.9999754282399946,"{""branch"": ""noise"", ""is_stationary"": false, ""is_white_noise"": false, ""adf_pval"": 0.000862, ""kpss_pval"": 0.01}",numerical,,False,,,,,,False,
397,basic analysis,trend,False,-160.01,-160.01,True,False,False,Base,baseline,,direction,trend,,,,,,,"[""low_r2""]",numerical,-160.01,min,closed_form,1.0,"{""branch"": ""trend"", ""direction"": ""increasing"", ""slope"": 0.220497, ""r2"": 0.310427}",numerical,,False,,,,,,False,
433,stationarity,trend,False, 825.70,825.7,True,False,False,Base,baseline,,direction,trend,,,,,,,[],numerical,825.7,max,closed_form,1.0,"{""branch"": ""trend"", ""direction"": ""decreasing"", ""slope"": -1.992489, ""r2"": 0.822185}",numerical,,False,,,,,,False,
439,stationarity,noise,False, 11.03,11.03,True,False,False,Base,baseline,,variance_level,noise,,,,,,,"[""arch_effects""]",numerical,11.03,percentile,closed_form,1.0,"{""branch"": ""noise"", ""is_stationary"": false, ""is_white_noise"": false, ""adf_pval"": 0.746937, ""kpss_pval"": 0.01}",numerical,,False,,,,,,False,
434,stationarity,noise,False, 156.03,156.03,True,False,False,Base,baseline,,variance_level,noise,,,,,,,"[""arch_effects""]",numerical,156.03,percentile,closed_form,1.0,"{""branch"": ""noise"", ""is_stationary"": false, ""is_white_noise"": false, ""adf_pval"": 0.376702, ""kpss_pval"": 0.01}",numerical,,False,,,,,,False,
440,stationarity,trend,False, 672.75,672.75,True,False,False,Base,baseline,,direction,trend,,,,,,,"[""low_r2""]",numerical,672.75,max,closed_form,1.0,"{""branch"": ""trend"", ""direction"": ""increasing"", ""slope"": 0.920838, ""r2"": 0.169275}",numerical,,False,,,,,,False,
442,stationarity,noise,False, 14.05,14.05,True,False,False,Base,baseline,,variance_level,noise,,,,,,,"[""arch_effects""]",numerical,14.05,percentile,closed_form,1.0,"{""branch"": ""noise"", ""is_stationary"": false, ""is_white_noise"": false, ""adf_pval"": 0.941595, ""kpss_pval"": 0.01}",numerical,,False,,,,,,False,
384,basic analysis,trend,False, 971.05,971.05,True,False,False,Base,baseline,,direction,trend,,,,,,,[],numerical,971.05,max,closed_form,1.0,"{""branch"": ""trend"", ""direction"": ""increasing"", ""slope"": 0.360999, ""r2"": 0.884255}",numerical,,False,,,,,,False,
436,stationarity,noise,False, 202.75,202.75,True,False,False,Base,baseline,,variance_level,noise,,,,,,,"[""adf_kpss_disagree"", ""arch_effects""]",numerical,202.75,percentile,closed_form,1.0,"{""branch"": ""noise"", ""is_stationary"": false, ""is_white_noise"": false, ""adf_pval"": 0.101681, ""kpss_pval"": 0.1}",numerical,,False,,,,,,False,
437,stationarity,noise,False, 359.85,359.853,True,False,False,Base,baseline,,variance_level,noise,,,,,,,"[""arch_effects""]",numerical,359.853,percentile,closed_form,0.9999916631929971,"{""branch"": ""noise"", ""is_stationary"": false, ""is_white_noise"": false, ""adf_pval"": 0.33879, ""kpss_pval"": 0.01}",numerical,,False,,,,,,False,
443,stationarity,noise,False, 370.89,370.88120000000004,True,False,False,Base,baseline,,variance_level,noise,,,,,,,"[""arch_effects""]",numerical,370.88120000000004,percentile,closed_form,0.9999762732885763,"{""branch"": ""noise"", ""is_stationary"": false, ""is_white_noise"": false, ""adf_pval"": 0.061478, ""kpss_pval"": 0.1}",numerical,,False,,,,,,False,
438,stationarity,noise,False,-203.97,-203.97,True,False,False,Base,baseline,,variance_level,noise,,,,,,,"[""arch_effects""]",numerical,-203.97,percentile,closed_form,1.0,"{""branch"": ""noise"", ""is_stationary"": true, ""is_white_noise"": false, ""adf_pval"": 0.0, ""kpss_pval"": 0.1}",numerical,,False,,,,,,False,
441,stationarity,noise,False, 165.27,165.27,True,False,False,Base,baseline,,variance_level,noise,,,,,,,"[""arch_effects""]",numerical,165.27,range,closed_form,1.0,"{""branch"": ""noise"", ""is_stationary"": false, ""is_white_noise"": false, ""adf_pval"": 0.733205, ""kpss_pval"": 0.01}",numerical,,False,,,,,,False,
395,basic analysis,trend,False, 33.31,33.31,True,False,False,Base,baseline,,direction,trend,,,,,,,[],numerical,33.31,max,closed_form,1.0,"{""branch"": ""trend"", ""direction"": ""decreasing"", ""slope"": -0.271427, ""r2"": 0.927217}",numerical,,False,,,,,,False,
448,stationarity,noise,False, 417.63,417.6288,True,False,False,Base,baseline,,variance_level,noise,,,,,,,"[""arch_effects""]",numerical,417.6288,percentile,closed_form,0.999997126643201,"{""branch"": ""noise"", ""is_stationary"": false, ""is_white_noise"": false, ""adf_pval"": 0.520327, ""kpss_pval"": 0.01}",numerical,,False,,,,,,False,
445,stationarity,noise,False, 117.17,117.17,True,False,False,Base,baseline,,variance_level,noise,,,,,,,"[""arch_effects""]",numerical,117.17,range,closed_form,1.0,"{""branch"": ""noise"", ""is_stationary"": true, ""is_white_noise"": false, ""adf_pval"": 0.0, ""kpss_pval"": 0.1}",numerical,,False,,,,,,False,
444,stationarity,noise,False, 497.86,497.86,True,False,False,Base,baseline,,variance_level,noise,,,,,,,"[""arch_effects""]",numerical,497.86,percentile,closed_form,1.0,"{""branch"": ""noise"", ""is_stationary"": true, ""is_white_noise"": false, ""adf_pval"": 0.0, ""kpss_pval"": 0.1}",numerical,,False,,,,,,False,
447,stationarity,noise,False, 368.63,368.630896621729,True,False,False,Base,baseline,,variance_level,noise,,,,,,,"[""arch_effects""]",numerical,368.630896621729,std,closed_form,0.9999975676919161,"{""branch"": ""noise"", ""is_stationary"": false, ""is_white_noise"": false, ""adf_pval"": 0.230829, ""kpss_pval"": 0.01}",numerical,,False,,,,,,False,
453,stationarity,noise,False, 24.41,24.41,True,False,False,Base,baseline,,variance_level,noise,,,,,,,"[""arch_effects""]",numerical,24.41,percentile,closed_form,1.0,"{""branch"": ""noise"", ""is_stationary"": true, ""is_white_noise"": false, ""adf_pval"": 0.010234, ""kpss_pval"": 0.1}",numerical,,False,,,,,,False,
454,stationarity,noise,False, 121.15,121.15,True,False,False,Base,baseline,,stationarity,noise,,,,,,,"[""arch_effects""]",numerical,121.15,median,closed_form,1.0,"{""branch"": ""noise"", ""is_stationary"": false, ""is_white_noise"": false, ""adf_pval"": 0.806938, ""kpss_pval"": 0.01}",numerical,,False,,,,,,False,
446,stationarity,trend,False, 91.68,91.68,True,False,False,Base,baseline,,direction,trend,,,,,,,"[""low_r2""]",numerical,91.68,max,closed_form,1.0,"{""branch"": ""trend"", ""direction"": ""increasing"", ""slope"": 0.051191, ""r2"": 0.003574}",numerical,,False,,,,,,False,
455,stationarity,trend,False,-166.68,-166.68,True,False,False,Base,baseline,,direction,trend,,,,,,,"[""low_r2""]",numerical,-166.68,min,closed_form,1.0,"{""branch"": ""trend"", ""direction"": ""increasing"", ""slope"": 0.359205, ""r2"": 0.065425}",numerical,,False,,,,,,False,
449,stationarity,trend,False, 625.72,625.72,True,False,False,Base,baseline,,direction,trend,,,,,,,"[""low_r2""]",numerical,625.72,max,closed_form,1.0,"{""branch"": ""trend"", ""direction"": ""decreasing"", ""slope"": -0.540912, ""r2"": 0.07921}",numerical,,False,,,,,,False,
452,stationarity,noise,False, 56.28,56.28,True,False,False,Base,baseline,,stationarity,noise,,,,,,,"[""arch_effects""]",numerical,56.28,median,closed_form,1.0,"{""branch"": ""noise"", ""is_stationary"": true, ""is_white_noise"": false, ""adf_pval"": 0.014525, ""kpss_pval"": 0.1}",numerical,,False,,,,,,False,
456,stationarity,noise,False, 1062.35,1062.36,True,False,False,Base,baseline,,variance_level,noise,,,,,,,"[""adf_kpss_disagree"", ""arch_effects""]",numerical,1062.36,range,closed_form,0.9999905869063868,"{""branch"": ""noise"", ""is_stationary"": false, ""is_white_noise"": false, ""adf_pval"": 0.683439, ""kpss_pval"": 0.1}",numerical,,False,,,,,,False,
450,stationarity,noise,False,-49.19,-49.19,True,False,False,Base,baseline,,variance_level,noise,,,,,,,"[""arch_effects""]",numerical,-49.19,percentile,closed_form,1.0,"{""branch"": ""noise"", ""is_stationary"": false, ""is_white_noise"": false, ""adf_pval"": 0.169312, ""kpss_pval"": 0.01}",numerical,,False,,,,,,False,
458,stationarity,noise,False, 234.33,234.33,True,False,False,Base,baseline,,variance_level,noise,,,,,,,"[""arch_effects""]",numerical,234.33,percentile,closed_form,1.0,"{""branch"": ""noise"", ""is_stationary"": true, ""is_white_noise"": false, ""adf_pval"": 0.0, ""kpss_pval"": 0.1}",numerical,,False,,,,,,False,
457,stationarity,noise,False, 627.10,627.0969253523164,True,False,False,Base,baseline,,variance_level,noise,,,,,,,"[""arch_effects""]",numerical,627.0969253523164,std,closed_form,0.9999950970376597,"{""branch"": ""noise"", ""is_stationary"": true, ""is_white_noise"": false, ""adf_pval"": 0.017124, ""kpss_pval"": 0.1}",numerical,,False,,,,,,False,
451,stationarity,trend,False,-247.96,-247.96,True,False,False,Base,baseline,,direction,trend,,,,,,,"[""low_r2""]",numerical,-247.96,min,closed_form,1.0,"{""branch"": ""trend"", ""direction"": ""decreasing"", ""slope"": -0.087334, ""r2"": 0.019759}",numerical,,False,,,,,,False,
460,stationarity,trend,False,-250.66,-250.66,True,False,False,Base,baseline,,direction,trend,,,,,,,"[""low_r2""]",numerical,-250.66,min,closed_form,1.0,"{""branch"": ""trend"", ""direction"": ""decreasing"", ""slope"": -0.105089, ""r2"": 0.019774}",numerical,,False,,,,,,False,
459,stationarity,noise,False, 7.71,7.71,True,False,False,Base,baseline,,variance_level,noise,,,,,,,"[""arch_effects""]",numerical,7.71,percentile,closed_form,1.0,"{""branch"": ""noise"", ""is_stationary"": true, ""is_white_noise"": false, ""adf_pval"": 0.0, ""kpss_pval"": 0.1}",numerical,,False,,,,,,False,
465,stationarity,noise,False, 104.87,104.865,True,False,False,Base,baseline,,variance_level,noise,,,,,,,"[""arch_effects""]",numerical,104.865,percentile,closed_form,0.99995232192238,"{""branch"": ""noise"", ""is_stationary"": true, ""is_white_noise"": false, ""adf_pval"": 0.0, ""kpss_pval"": 0.1}",numerical,,False,,,,,,False,
461,stationarity,noise,False, 17.11,17.114089572118242,True,False,False,Base,baseline,,variance_level,noise,,,,,,,"[""arch_effects""]",numerical,17.114089572118242,std,closed_form,0.9997609835114996,"{""branch"": ""noise"", ""is_stationary"": true, ""is_white_noise"": false, ""adf_pval"": 0.0, ""kpss_pval"": 0.1}",numerical,,False,,,,,,False,
462,stationarity,noise,False, 35.12,35.11813920454546,True,False,False,Base,baseline,,variance_level,noise,,,,,,,"[""adf_kpss_disagree"", ""arch_effects""]",numerical,35.11813920454546,mean,closed_form,0.9999470160747568,"{""branch"": ""noise"", ""is_stationary"": false, ""is_white_noise"": false, ""adf_pval"": 0.002306, ""kpss_pval"": 0.04947}",numerical,,False,,,,,,False,
473,stationarity,noise,False, 128.89,128.89,True,False,False,Base,baseline,,variance_level,noise,,,,,,,"[""arch_effects""]",numerical,128.89,percentile,closed_form,1.0,"{""branch"": ""noise"", ""is_stationary"": true, ""is_white_noise"": false, ""adf_pval"": 1e-05, ""kpss_pval"": 0.1}",numerical,,False,,,,,,False,
468,stationarity,noise,False, 74.36,74.36500000000001,True,False,False,Base,baseline,,stationarity,noise,,,,,,,"[""arch_effects""]",numerical,74.36500000000001,median,closed_form,0.999932759548144,"{""branch"": ""noise"", ""is_stationary"": false, ""is_white_noise"": false, ""adf_pval"": 0.99192, ""kpss_pval"": 0.01}",numerical,,False,,,,,,False,
469,stationarity,noise,False, 583.35,583.35,True,False,False,Base,baseline,,variance_level,noise,,,,,,,"[""arch_effects""]",numerical,583.35,range,closed_form,1.0,"{""branch"": ""noise"", ""is_stationary"": true, ""is_white_noise"": false, ""adf_pval"": 0.035002, ""kpss_pval"": 0.1}",numerical,,False,,,,,,False,
463,stationarity,trend,False, 523.36,523.36,True,False,False,Base,baseline,,direction,trend,,,,,,,[],numerical,523.36,max,closed_form,1.0,"{""branch"": ""trend"", ""direction"": ""decreasing"", ""slope"": -1.528896, ""r2"": 0.65799}",numerical,,False,,,,,,False,
466,stationarity,noise,False, 3.08,3.0808355091383812,True,False,False,Base,baseline,,variance_level,noise,,,,,,,"[""arch_effects""]",numerical,3.0808355091383812,mean,closed_form,0.9997287307992269,"{""branch"": ""noise"", ""is_stationary"": true, ""is_white_noise"": false, ""adf_pval"": 0.000529, ""kpss_pval"": 0.1}",numerical,,False,,,,,,False,
471,stationarity,noise,False, 27.48,27.484223350253806,True,False,False,Base,baseline,,variance_level,noise,,,,,,,"[""arch_effects""]",numerical,27.484223350253806,mean,closed_form,0.9998463118539372,"{""branch"": ""noise"", ""is_stationary"": true, ""is_white_noise"": false, ""adf_pval"": 0.030399, ""kpss_pval"": 0.1}",numerical,,False,,,,,,False,
474,stationarity,noise,False, 578.57,578.57,True,False,False,Base,baseline,,variance_level,noise,,,,,,,"[""arch_effects""]",numerical,578.57,percentile,closed_form,1.0,"{""branch"": ""noise"", ""is_stationary"": false, ""is_white_noise"": false, ""adf_pval"": 0.092906, ""kpss_pval"": 0.1}",numerical,,False,,,,,,False,
475,stationarity,noise,False, 299.81,299.81418918918916,True,False,False,Base,baseline,,variance_level,noise,,,,,,,"[""adf_kpss_disagree"", ""arch_effects""]",numerical,299.81418918918916,mean,closed_form,0.9999860271865876,"{""branch"": ""noise"", ""is_stationary"": false, ""is_white_noise"": false, ""adf_pval"": 1.1e-05, ""kpss_pval"": 0.01}",numerical,,False,,,,,,False,
467,stationarity,noise,False, 376.74,376.74,True,False,False,Base,baseline,,variance_level,noise,,,,,,,"[""adf_kpss_disagree"", ""arch_effects""]",numerical,376.74,percentile,closed_form,1.0,"{""branch"": ""noise"", ""is_stationary"": false, ""is_white_noise"": false, ""adf_pval"": 0.023439, ""kpss_pval"": 0.01}",numerical,,False,,,,,,False,
472,stationarity,noise,False, 47.16,47.16,True,False,False,Base,baseline,,variance_level,noise,,,,,,,"[""arch_effects""]",numerical,47.16,percentile,closed_form,1.0,"{""branch"": ""noise"", ""is_stationary"": true, ""is_white_noise"": false, ""adf_pval"": 0.002977, ""kpss_pval"": 0.056058}",numerical,,False,,,,,,False,
470,stationarity,noise,False, 1862.98,1862.98,True,False,False,Base,baseline,,variance_level,noise,,,,,,,"[""arch_effects""]",numerical,1862.98,range,closed_form,1.0,"{""branch"": ""noise"", ""is_stationary"": false, ""is_white_noise"": false, ""adf_pval"": 0.054597, ""kpss_pval"": 0.1}",numerical,,False,,,,,,False,
478,stationarity,noise,False, 450.46,450.46,True,False,False,Base,baseline,,variance_level,noise,,,,,,,"[""arch_effects""]",numerical,450.46,range,closed_form,1.0,"{""branch"": ""noise"", ""is_stationary"": true, ""is_white_noise"": false, ""adf_pval"": 2e-06, ""kpss_pval"": 0.05699}",numerical,,False,,,,,,False,
476,stationarity,noise,False, 408.22,408.21999999999997,True,False,False,Base,baseline,,variance_level,noise,,,,,,,"[""arch_effects""]",numerical,408.21999999999997,range,closed_form,0.9999999999999999,"{""branch"": ""noise"", ""is_stationary"": false, ""is_white_noise"": false, ""adf_pval"": 0.797766, ""kpss_pval"": 0.01}",numerical,,False,,,,,,False,
480,stationarity,noise,False, 247.61,247.61,True,False,False,Base,baseline,,variance_level,noise,,,,,,,"[""arch_effects""]",numerical,247.61,percentile,closed_form,1.0,"{""branch"": ""noise"", ""is_stationary"": false, ""is_white_noise"": false, ""adf_pval"": 0.593299, ""kpss_pval"": 0.01}",numerical,,False,,,,,,False,
477,stationarity,noise,False, 193.48,193.48,True,False,False,Base,baseline,,variance_level,noise,,,,,,,"[""arch_effects""]",numerical,193.48,percentile,closed_form,1.0,"{""branch"": ""noise"", ""is_stationary"": false, ""is_white_noise"": false, ""adf_pval"": 0.98155, ""kpss_pval"": 0.01}",numerical,,False,,,,,,False,
464,stationarity,trend,False,-69.06,-69.06,True,False,False,Base,baseline,,direction,trend,,,,,,,"[""low_r2""]",numerical,-69.06,min,closed_form,1.0,"{""branch"": ""trend"", ""direction"": ""decreasing"", ""slope"": -0.117266, ""r2"": 0.048113}",numerical,,False,,,,,,False,
482,stationarity,trend,False, 670.17,670.17,True,False,False,Base,baseline,,direction,trend,,,,,,,"[""low_r2""]",numerical,670.17,max,closed_form,1.0,"{""branch"": ""trend"", ""direction"": ""increasing"", ""slope"": 0.819791, ""r2"": 0.155164}",numerical,,False,,,,,,False,
484,stationarity,noise,False, 77.16,77.156,True,False,False,Base,baseline,,variance_level,noise,,,,,,,"[""arch_effects""]",numerical,77.156,percentile,closed_form,0.999948159668222,"{""branch"": ""noise"", ""is_stationary"": true, ""is_white_noise"": false, ""adf_pval"": 0.0, ""kpss_pval"": 0.1}",numerical,,False,,,,,,False,
483,stationarity,noise,False, 678.62,678.6200983606558,True,False,False,Base,baseline,,variance_level,noise,,,,,,,"[""arch_effects""]",numerical,678.6200983606558,mean,closed_form,0.9999998550578294,"{""branch"": ""noise"", ""is_stationary"": false, ""is_white_noise"": false, ""adf_pval"": 0.389637, ""kpss_pval"": 0.01}",numerical,,False,,,,,,False,
479,stationarity,noise,False, 557.98,557.973,True,False,False,Base,baseline,,variance_level,noise,,,,,,,"[""arch_effects""]",numerical,557.973,percentile,closed_form,0.9999874547474819,"{""branch"": ""noise"", ""is_stationary"": true, ""is_white_noise"": false, ""adf_pval"": 2e-06, ""kpss_pval"": 0.1}",numerical,,False,,,,,,False,
486,stationarity,noise,False, 126.01,126.00999999999999,True,False,False,Base,baseline,,variance_level,noise,,,,,,,"[""arch_effects""]",numerical,126.00999999999999,percentile,closed_form,0.9999999999999999,"{""branch"": ""noise"", ""is_stationary"": true, ""is_white_noise"": false, ""adf_pval"": 0.0, ""kpss_pval"": 0.1}",numerical,,False,,,,,,False,
489,stationarity,noise,False, 115.36,115.36162873024024,True,False,False,Base,baseline,,variance_level,noise,,,,,,,"[""arch_effects""]",numerical,115.36162873024024,std,closed_form,0.9999858813259341,"{""branch"": ""noise"", ""is_stationary"": false, ""is_white_noise"": false, ""adf_pval"": 0.107414, ""kpss_pval"": 0.01}",numerical,,False,,,,,,False,
490,stationarity,noise,False,-203.64,-203.64,True,False,False,Base,baseline,,variance_level,noise,,,,,,,"[""adf_kpss_disagree"", ""arch_effects""]",numerical,-203.64,percentile,closed_form,1.0,"{""branch"": ""noise"", ""is_stationary"": false, ""is_white_noise"": false, ""adf_pval"": 0.067598, ""kpss_pval"": 0.01}",numerical,,False,,,,,,False,
485,stationarity,noise,False,-6.60,-6.595709156193898,True,False,False,Base,baseline,,variance_level,noise,,,,,,,"[""arch_effects""]",numerical,-6.595709156193898,mean,closed_form,0.9993498721505907,"{""branch"": ""noise"", ""is_stationary"": true, ""is_white_noise"": false, ""adf_pval"": 0.025436, ""kpss_pval"": 0.1}",numerical,,False,,,,,,False,
488,stationarity,trend,False,-49.72,-49.72,True,False,False,Base,baseline,,direction,trend,,,,,,,"[""low_r2""]",numerical,-49.72,min,closed_form,1.0,"{""branch"": ""trend"", ""direction"": ""increasing"", ""slope"": 0.031196, ""r2"": 0.031214}",numerical,,False,,,,,,False,
481,stationarity,trend,False, 884.84,884.84,True,False,False,Base,baseline,,direction,trend,,,,,,,"[""low_r2""]",numerical,884.84,max,closed_form,1.0,"{""branch"": ""trend"", ""direction"": ""decreasing"", ""slope"": -0.953105, ""r2"": 0.26287}",numerical,,False,,,,,,False,
487,stationarity,noise,False, 258.98,258.9788,True,False,False,Base,baseline,,variance_level,noise,,,,,,,"[""arch_effects""]",numerical,258.9788,percentile,closed_form,0.9999953664375626,"{""branch"": ""noise"", ""is_stationary"": true, ""is_white_noise"": false, ""adf_pval"": 0.001539, ""kpss_pval"": 0.1}",numerical,,False,,,,,,False,
491,stationarity,noise,False, 392.63,392.6259858347196,True,False,False,Base,baseline,,variance_level,noise,,,,,,,"[""adf_kpss_disagree"", ""arch_effects""]",numerical,392.6259858347196,std,closed_form,0.9999897762135334,"{""branch"": ""noise"", ""is_stationary"": false, ""is_white_noise"": false, ""adf_pval"": 5.7e-05, ""kpss_pval"": 0.01}",numerical,,False,,,,,,False,
495,stationarity,noise,False,-329.32,-329.32,True,False,False,Base,baseline,,stationarity,noise,,,,,,,"[""arch_effects""]",numerical,-329.32,median,closed_form,1.0,"{""branch"": ""noise"", ""is_stationary"": true, ""is_white_noise"": false, ""adf_pval"": 0.002945, ""kpss_pval"": 0.075994}",numerical,,False,,,,,,False,
501,index,anomaly,False,10,10,True,False,False,Base,baseline,,point_anomaly,anomaly,,,,,,,"[""high_volatility""]",numerical,10,argmax,closed_form,1.0,"{""branch"": ""anomaly"", ""outlier_count"": 0, ""max_deviation"": 2.161548}",numerical,,False,,,,,,False,
496,stationarity,noise,False, 144.24,144.24050290135395,True,False,False,Base,baseline,,variance_level,noise,,,,,,,"[""arch_effects""]",numerical,144.24050290135395,mean,closed_form,0.9999965134404192,"{""branch"": ""noise"", ""is_stationary"": false, ""is_white_noise"": false, ""adf_pval"": 0.171089, ""kpss_pval"": 0.01}",numerical,,False,,,,,,False,
493,stationarity,noise,False, 79.86,79.8605,True,False,False,Base,baseline,,variance_level,noise,,,,,,,"[""arch_effects""]",numerical,79.8605,mean,closed_form,0.9999937390433258,"{""branch"": ""noise"", ""is_stationary"": false, ""is_white_noise"": false, ""adf_pval"": 0.593299, ""kpss_pval"": 0.01}",numerical,,False,,,,,,False,
492,stationarity,noise,False, 681.59,681.59,True,False,False,Base,baseline,,variance_level,noise,,,,,,,"[""arch_effects""]",numerical,681.59,percentile,closed_form,1.0,"{""branch"": ""noise"", ""is_stationary"": false, ""is_white_noise"": false, ""adf_pval"": 0.859596, ""kpss_pval"": 0.01}",numerical,,False,,,,,,False,
494,stationarity,noise,False, 483.72,483.71905774793527,True,False,False,Base,baseline,,variance_level,noise,,,,,,,"[""adf_kpss_disagree"", ""arch_effects""]",numerical,483.71905774793527,std,closed_form,0.9999980520713124,"{""branch"": ""noise"", ""is_stationary"": false, ""is_white_noise"": false, ""adf_pval"": 1.1e-05, ""kpss_pval"": 0.01}",numerical,,False,,,,,,False,
500,stationarity,trend,False, 190.22,190.22,True,False,False,Base,baseline,,direction,trend,,,,,,,"[""low_r2""]",numerical,190.22,max,closed_form,1.0,"{""branch"": ""trend"", ""direction"": ""decreasing"", ""slope"": -0.469884, ""r2"": 0.174769}",numerical,,False,,,,,,False,
497,stationarity,trend,False,-934.95,-934.95,True,False,False,Base,baseline,,direction,trend,,,,,,,"[""low_r2""]",numerical,-934.95,min,closed_form,1.0,"{""branch"": ""trend"", ""direction"": ""increasing"", ""slope"": 1.140476, ""r2"": 0.505878}",numerical,,False,,,,,,False,
499,stationarity,noise,False, 9.15,9.15,True,False,False,Base,baseline,,variance_level,noise,,,,,,,"[""arch_effects""]",numerical,9.15,percentile,closed_form,1.0,"{""branch"": ""noise"", ""is_stationary"": true, ""is_white_noise"": false, ""adf_pval"": 0.0, ""kpss_pval"": 0.1}",numerical,,False,,,,,,False,
498,stationarity,noise,False, 549.74,549.74,True,False,False,Base,baseline,,variance_level,noise,,,,,,,"[""adf_kpss_disagree"", ""arch_effects""]",numerical,549.74,percentile,closed_form,1.0,"{""branch"": ""noise"", ""is_stationary"": false, ""is_white_noise"": false, ""adf_pval"": 0.002263, ""kpss_pval"": 0.036227}",numerical,,False,,,,,,False,
502,index,anomaly,False,105,104,True,False,False,Base,baseline,,point_anomaly,anomaly,,,,,,,[],numerical,104,argmin,closed_form,0.9904761904761905,"{""branch"": ""anomaly"", ""outlier_count"": 0, ""max_deviation"": 1.92008}",numerical,,False,,,,,,False,
508,index,anomaly,False,5,4,False,False,False,Base,baseline,,point_anomaly,anomaly,,,,,,,[],numerical,4,count_local_min,method_sensitive:strict_interior,0.8,"{""branch"": ""anomaly"", ""outlier_count"": 0, ""max_deviation"": 2.334882}",numerical,,False,,,,,,False,
503,index,anomaly,False,5,5,True,False,False,Base,baseline,,point_anomaly,anomaly,,,,,,,[],numerical,5,count_local_max,method_sensitive:strict_interior,1.0,"{""branch"": ""anomaly"", ""outlier_count"": 0, ""max_deviation"": 1.952143}",numerical,,False,,,,,,False,
509,index,anomaly,False,96,96,True,False,False,Base,baseline,,point_anomaly,anomaly,,,,,,,"[""high_volatility""]",numerical,96,argmax,closed_form,1.0,"{""branch"": ""anomaly"", ""outlier_count"": 0, ""max_deviation"": 1.550105}",numerical,,False,,,,,,False,
514,index,anomaly,False,5,5,True,False,False,Base,baseline,,point_anomaly,anomaly,,,,,,,[],numerical,5,count_local_min,method_sensitive:strict_interior,1.0,"{""branch"": ""anomaly"", ""outlier_count"": 0, ""max_deviation"": 2.159088}",numerical,,False,,,,,,False,
513,index,anomaly,False,931,931,True,False,False,Base,baseline,,point_anomaly,anomaly,,,,,,,"[""high_volatility""]",numerical,931,argmin,closed_form,1.0,"{""branch"": ""anomaly"", ""outlier_count"": 0, ""max_deviation"": 1.57329}",numerical,,False,,,,,,False,
517,index,anomaly,False,112,112,True,False,False,Base,baseline,,point_anomaly,anomaly,,,,,,,[],numerical,112,argmin,closed_form,1.0,"{""branch"": ""anomaly"", ""outlier_count"": 0, ""max_deviation"": 1.92505}",numerical,,False,,,,,,False,
522,index,anomaly,False,5,4,False,False,False,Base,baseline,,point_anomaly,anomaly,,,,,,,[],numerical,4,count_local_max,method_sensitive:strict_interior,0.8,"{""branch"": ""anomaly"", ""outlier_count"": 0, ""max_deviation"": 1.950373}",numerical,,False,,,,,,False,
521,index,anomaly,False,1332,1332,True,False,False,Base,baseline,,point_anomaly,anomaly,,,,,,,"[""high_volatility""]",numerical,1332,argmin,closed_form,1.0,"{""branch"": ""anomaly"", ""outlier_count"": 0, ""max_deviation"": 2.297254}",numerical,,False,,,,,,False,
525,index,anomaly,False,1555,1555,True,False,False,Base,baseline,,point_anomaly,anomaly,,,,,,,[],numerical,1555,argmin,closed_form,1.0,"{""branch"": ""anomaly"", ""outlier_count"": 0, ""max_deviation"": 1.676698}",numerical,,False,,,,,,False,
526,index,anomaly,False,6,2,False,False,False,Base,baseline,,point_anomaly,anomaly,,,,,,,[],numerical,2,count_local_max,method_sensitive:strict_interior,0.33333333333333337,"{""branch"": ""anomaly"", ""outlier_count"": 0, ""max_deviation"": 1.676698}",numerical,,False,,,,,,False,
506,index,trend,False,A,A,True,False,True,Base,baseline,,direction,trend,A,high,True,,,line_plot,"[""low_r2""]",mcq,,,,,"{""branch"": ""trend"", ""vision_confidence"": ""high""}",a binary choice question,,False,,,,,,False,
511,index,anomaly,False,C,C,True,False,True,Base,baseline,,point_anomaly,anomaly,C,high,True,,,spectrogram,[],mcq,,,,,"{""branch"": ""anomaly"", ""vision_confidence"": ""high""}",a multiple choice question,,False,,,,,,False,
507,index,anomaly,False,B,C,False,False,True,Base,baseline,,point_anomaly,anomaly,C,high,True,,,spectrogram,[],mcq,,,,,"{""branch"": ""anomaly"", ""outlier_count"": 84, ""max_deviation"": 2.957736, ""vision_confidence"": ""high""}",a multiple choice question,,False,,,,,,False,
520,index,trend,False,A,B,False,False,True,Base,baseline,,direction,trend,B,high,True,,,line_plot,"[""low_r2""]",mcq,,,,,"{""branch"": ""trend"", ""vision_confidence"": ""high""}",a binary choice question,,False,,,,,,False,
505,index,anomaly,False,C,C,True,False,True,Base,baseline,,point_anomaly,anomaly,C,high,True,,,spectrogram,[],mcq,,,,,"{""branch"": ""anomaly"", ""vision_confidence"": ""high""}",a multiple choice question,,False,,,,,,False,
530,index,anomaly,False,5,5,True,False,False,Base,baseline,,point_anomaly,anomaly,,,,,,,[],numerical,5,count_local_min,method_sensitive:strict_interior,1.0,"{""branch"": ""anomaly"", ""outlier_count"": 0, ""max_deviation"": 1.636376}",numerical,,False,,,,,,False,
515,index,anomaly,False,B,C,False,False,True,Base,baseline,,point_anomaly,anomaly,C,high,True,,,spectrogram,[],mcq,,,,,"{""branch"": ""anomaly"", ""vision_confidence"": ""high""}",a multiple choice question,,False,,,,,,False,
516,index,trend,False,A,A,True,False,True,Base,baseline,,direction,trend,A,high,True,,,line_plot,"[""low_r2""]",mcq,,,,,"{""branch"": ""trend"", ""vision_confidence"": ""high""}",a binary choice question,,False,,,,,,False,
519,index,anomaly,False,A,C,False,False,True,Base,baseline,,point_anomaly,anomaly,C,high,True,,,spectrogram,"[""high_volatility""]",mcq,,,,,"{""branch"": ""anomaly"", ""outlier_count"": 0, ""max_deviation"": 1.890569, ""vision_confidence"": ""high""}",a multiple choice question,,False,,,,,,False,
529,index,anomaly,False,0,0,True,False,False,Base,baseline,,point_anomaly,anomaly,,,,,,,[],numerical,0,argmax,closed_form,1.0,"{""branch"": ""anomaly"", ""outlier_count"": 0, ""max_deviation"": 1.649391}",numerical,,False,,,,,,False,
534,index,anomaly,False,5,3,False,False,False,Base,baseline,,point_anomaly,anomaly,,,,,,,"[""high_volatility""]",numerical,3,count_local_max,method_sensitive:strict_interior,0.6,"{""branch"": ""anomaly"", ""outlier_count"": 75, ""max_deviation"": 2.326601}",numerical,,False,,,,,,False,
518,index,trend,False,A,D,False,False,True,Base,baseline,,direction,trend,D,high,True,,,line_plot,"[""low_r2""]",mcq,,,,,"{""branch"": ""trend"", ""direction"": ""increasing"", ""slope"": 0.033814, ""r2"": 0.004739, ""vision_confidence"": ""high""}",a multiple choice question,,False,,,,,,False,
504,index,trend,False,B,A,False,False,True,Base,baseline,,direction,trend,A,high,True,,,line_plot,"[""low_r2""]",mcq,,,,,"{""branch"": ""trend"", ""vision_confidence"": ""high""}",a binary choice question,,False,,,,,,False,
533,index,anomaly,False,222,222,True,False,False,Base,baseline,,point_anomaly,anomaly,,,,,,,[],numerical,222,argmax,closed_form,1.0,"{""branch"": ""anomaly"", ""outlier_count"": 0, ""max_deviation"": 2.01291}",numerical,,False,,,,,,False,
523,index,anomaly,False,C,C,True,False,True,Base,baseline,,point_anomaly,anomaly,C,high,True,,,spectrogram,[],mcq,,,,,"{""branch"": ""anomaly"", ""vision_confidence"": ""high""}",a multiple choice question,,False,,,,,,False,
531,index,anomaly,False,A,C,False,False,False,Base,baseline,,point_anomaly,anomaly,,,False,,,,[],mcq,,,,,"{""branch"": ""anomaly""}",a multiple choice question,,False,,,,,,False,
538,index,anomaly,False,5,5,True,False,False,Base,baseline,,point_anomaly,anomaly,,,,,,,"[""high_volatility""]",numerical,5,count_local_max,method_sensitive:strict_interior,1.0,"{""branch"": ""anomaly"", ""outlier_count"": 0, ""max_deviation"": 1.707543}",numerical,,False,,,,,,False,
537,index,anomaly,False,734,734,True,False,False,Base,baseline,,point_anomaly,anomaly,,,,,,,"[""high_volatility""]",numerical,734,argmin,closed_form,1.0,"{""branch"": ""anomaly"", ""outlier_count"": 0, ""max_deviation"": 1.122909}",numerical,,False,,,,,,False,
512,index,trend,False,B,B,True,False,True,Base,baseline,,direction,trend,B,high,True,,,line_plot,"[""low_r2""]",mcq,,,,,"{""branch"": ""trend"", ""vision_confidence"": ""high""}",a binary choice question,,False,,,,,,False,
541,index,anomaly,False,1231,1231,True,False,False,Base,baseline,,point_anomaly,anomaly,,,,,,,[],numerical,1231,argmin,closed_form,1.0,"{""branch"": ""anomaly"", ""outlier_count"": 0, ""max_deviation"": 1.900806}",numerical,,False,,,,,,False,
542,index,anomaly,False,19,19,True,False,False,Base,baseline,,point_anomaly,anomaly,,,,,,,[],numerical,19,count_local_min,method_sensitive:strict_interior,1.0,"{""branch"": ""anomaly"", ""outlier_count"": 0, ""max_deviation"": 2.497963}",numerical,,False,,,,,,False,
545,index,anomaly,False,91,91,True,False,False,Base,baseline,,point_anomaly,anomaly,,,,,,,[],numerical,91,argmax,closed_form,1.0,"{""branch"": ""anomaly"", ""outlier_count"": 0, ""max_deviation"": 1.630422}",numerical,,False,,,,,,False,
527,index,anomaly,False,A,C,False,False,True,Base,baseline,,point_anomaly,anomaly,C,high,True,,,spectrogram,[],mcq,,,,,"{""branch"": ""anomaly"", ""vision_confidence"": ""high""}",a multiple choice question,,False,,,,,,False,
528,index,trend,False,B,B,True,False,True,Base,baseline,,direction,trend,B,high,True,,,line_plot,[],mcq,,,,,"{""branch"": ""trend"", ""vision_confidence"": ""high""}",a binary choice question,,False,,,,,,False,
510,index,trend,False,B,,False,False,False,Base,baseline,,direction,trend,,high,True,,,line_plot,[],mcq,,,,,"{""branch"": ""trend"", ""direction"": ""increasing"", ""slope"": 0.909101, ""r2"": 0.879169, ""vision_confidence"": ""high""}",a multiple choice question,,False,,,,,,False,
546,index,anomaly,False,9,9,True,False,False,Base,baseline,,point_anomaly,anomaly,,,,,,,"[""high_volatility""]",numerical,9,count_local_min,method_sensitive:strict_interior,1.0,"{""branch"": ""anomaly"", ""outlier_count"": 0, ""max_deviation"": 1.825103}",numerical,,False,,,,,,False,
549,index,anomaly,False,1187,1187,True,False,False,Base,baseline,,point_anomaly,anomaly,,,,,,,[],numerical,1187,argmin,closed_form,1.0,"{""branch"": ""anomaly"", ""outlier_count"": 0, ""max_deviation"": 1.768332}",numerical,,False,,,,,,False,
550,index,anomaly,False,8,8,True,False,False,Base,baseline,,point_anomaly,anomaly,,,,,,,"[""high_volatility""]",numerical,8,count_local_min,method_sensitive:strict_interior,1.0,"{""branch"": ""anomaly"", ""outlier_count"": 0, ""max_deviation"": 2.053205}",numerical,,False,,,,,,False,
524,index,trend,False,B,B,True,False,True,Base,baseline,,direction,trend,B,high,True,,,line_plot,"[""low_r2""]",mcq,,,,,"{""branch"": ""trend"", ""vision_confidence"": ""high""}",a binary choice question,,False,,,,,,False,
554,index,trend,False,C,,False,False,False,Base,baseline,,direction,trend,,,,,,,[],numerical,,,no_quantity_match,,"{""branch"": ""trend"", ""direction"": ""increasing"", ""slope"": 0.14095, ""r2"": 0.784191}",a multiple choice question,,False,,,,,,False,
553,index,anomaly,False,1366,1366,True,False,False,Base,baseline,,point_anomaly,anomaly,,,,,,,[],numerical,1366,argmax,closed_form,1.0,"{""branch"": ""anomaly"", ""outlier_count"": 0, ""max_deviation"": 1.799451}",numerical,,False,,,,,,False,
557,index,anomaly,False,307,1640,False,False,False,Base,baseline,,point_anomaly,anomaly,,,,,,,"[""high_volatility""]",numerical,1640,argmax,closed_form,0.0,"{""branch"": ""anomaly"", ""outlier_count"": 0, ""max_deviation"": 2.552924}",numerical,,False,,,,,,False,
555,index,anomaly,False,B,C,False,False,False,Base,baseline,,point_anomaly,anomaly,,,False,,,,[],mcq,,,,,"{""branch"": ""anomaly""}",a multiple choice question,,False,,,,,,False,
536,index,trend,False,A,A,True,False,True,Base,baseline,,direction,trend,A,high,True,,,line_plot,"[""low_r2""]",mcq,,,,,"{""branch"": ""trend"", ""vision_confidence"": ""high""}",a binary choice question,,False,,,,,,False,
559,index,anomaly,False,C,C,True,False,False,Base,baseline,,point_anomaly,anomaly,,,False,,,,[],mcq,,,,,"{""branch"": ""anomaly""}",a multiple choice question,,False,,,,,,False,
535,index,anomaly,False,C,A,False,False,True,Base,baseline,,point_anomaly,anomaly,A,high,True,,,spectrogram,"[""high_volatility""]",mcq,,,,,"{""branch"": ""anomaly"", ""outlier_count"": 75, ""max_deviation"": 2.326601, ""vision_confidence"": ""high""}",a multiple choice question,,False,,,,,,False,
561,index,anomaly,False,130,130,True,False,False,Base,baseline,,point_anomaly,anomaly,,,,,,,"[""high_volatility""]",numerical,130,argmax,closed_form,1.0,"{""branch"": ""anomaly"", ""outlier_count"": 0, ""max_deviation"": 1.979359}",numerical,,False,,,,,,False,
539,index,anomaly,False,B,C,False,False,True,Base,baseline,,point_anomaly,anomaly,C,high,True,,,spectrogram,[],mcq,,,,,"{""branch"": ""anomaly"", ""vision_confidence"": ""high""}",a multiple choice question,,False,,,,,,False,
547,index,anomaly,False,C,C,True,False,True,Base,baseline,,point_anomaly,anomaly,C,high,True,,,spectrogram,[],mcq,,,,,"{""branch"": ""anomaly"", ""outlier_count"": 0, ""max_deviation"": 2.167822, ""vision_confidence"": ""high""}",a multiple choice question,,False,,,,,,False,
543,index,anomaly,False,A,C,False,False,True,Base,baseline,,point_anomaly,anomaly,C,high,True,,,spectrogram,"[""high_volatility""]",mcq,,,,,"{""branch"": ""anomaly"", ""outlier_count"": 0, ""max_deviation"": 1.544059, ""vision_confidence"": ""high""}",a multiple choice question,,False,,,,,,False,
565,index,anomaly,False,83,83,True,False,False,Base,baseline,,point_anomaly,anomaly,,,,,,,[],numerical,83,argmax,closed_form,1.0,"{""branch"": ""anomaly"", ""outlier_count"": 0, ""max_deviation"": 2.265643}",numerical,,False,,,,,,False,
544,index,trend,False,A,A,True,False,True,Base,baseline,,direction,trend,A,high,True,,,line_plot,"[""low_r2""]",mcq,,,,,"{""branch"": ""trend"", ""vision_confidence"": ""high""}",a binary choice question,,False,,,,,,False,
548,index,trend,False,A,A,True,False,True,Base,baseline,,direction,trend,A,high,True,,,line_plot,"[""low_r2""]",mcq,,,,,"{""branch"": ""trend"", ""vision_confidence"": ""high""}",a binary choice question,,False,,,,,,False,
532,index,trend,False,A,A,True,False,True,Base,baseline,,direction,trend,A,high,True,,,line_plot,"[""low_r2""]",mcq,,,,,"{""branch"": ""trend"", ""vision_confidence"": ""high""}",a binary choice question,,False,,,,,,False,
570,index,anomaly,False,5,27,False,False,False,Base,baseline,,point_anomaly,anomaly,,,,,,,[],numerical,27,count_local_max,method_sensitive:strict_interior,0.0,"{""branch"": ""anomaly"", ""outlier_count"": 0, ""max_deviation"": 2.737585}",numerical,,False,,,,,,False,
569,index,anomaly,False,33,33,True,False,False,Base,baseline,,point_anomaly,anomaly,,,,,,,[],numerical,33,argmax,closed_form,1.0,"{""branch"": ""anomaly"", ""outlier_count"": 0, ""max_deviation"": 1.7755}",numerical,,False,,,,,,False,
556,index,trend,False,A,A,True,False,True,Base,baseline,,direction,trend,A,high,True,,,line_plot,"[""low_r2""]",mcq,,,,,"{""branch"": ""trend"", ""vision_confidence"": ""high""}",a binary choice question,,False,,,,,,False,
573,index,anomaly,False,504,504,True,False,False,Base,baseline,,point_anomaly,anomaly,,,,,,,[],numerical,504,argmax,closed_form,1.0,"{""branch"": ""anomaly"", ""outlier_count"": 0, ""max_deviation"": 2.2911}",numerical,,False,,,,,,False,
551,index,anomaly,False,B,C,False,False,True,Base,baseline,,point_anomaly,anomaly,C,high,True,,,spectrogram,[],mcq,,,,,"{""branch"": ""anomaly"", ""outlier_count"": 0, ""max_deviation"": 1.705841, ""vision_confidence"": ""high""}",a multiple choice question,,False,,,,,,False,
574,index,anomaly,False,12,11,True,False,False,Base,baseline,,point_anomaly,anomaly,,,,,,,[],numerical,11,argmax,closed_form,0.9166666666666666,"{""branch"": ""anomaly"", ""outlier_count"": 0, ""max_deviation"": 2.037646}",numerical,,False,,,,,,False,
577,index,anomaly,False,92,92,True,False,False,Base,baseline,,point_anomaly,anomaly,,,,,,,[],numerical,92,argmin,closed_form,1.0,"{""branch"": ""anomaly"", ""outlier_count"": 0, ""max_deviation"": 2.103552}",numerical,,False,,,,,,False,
560,index,trend,False,B,B,True,False,True,Base,baseline,,direction,trend,B,high,True,,,line_plot,"[""low_r2""]",mcq,,,,,"{""branch"": ""trend"", ""vision_confidence"": ""high""}",a binary choice question,,False,,,,,,False,
578,index,anomaly,False,1140,1140,True,False,False,Base,baseline,,point_anomaly,anomaly,,,,,,,[],numerical,1140,argmax,closed_form,1.0,"{""branch"": ""anomaly"", ""outlier_count"": 0, ""max_deviation"": 2.233401}",numerical,,False,,,,,,False,
540,index,trend,False,A,A,True,False,True,Base,baseline,,direction,trend,A,high,True,,,line_plot,"[""low_r2""]",mcq,,,,,"{""branch"": ""trend"", ""vision_confidence"": ""high""}",a binary choice question,,False,,,,,,False,
563,index,anomaly,False,B,C,False,False,True,Base,baseline,,point_anomaly,anomaly,C,high,True,,,spectrogram,[],mcq,,,,,"{""branch"": ""anomaly"", ""outlier_count"": 0, ""max_deviation"": 1.561867, ""vision_confidence"": ""high""}",a multiple choice question,,False,,,,,,False,
552,index,trend,False,A,A,True,False,True,Base,baseline,,direction,trend,A,high,True,,,line_plot,"[""low_r2""]",mcq,,,,,"{""branch"": ""trend"", ""vision_confidence"": ""high""}",a binary choice question,,False,,,,,,False,
558,index,trend,False,A,A,True,False,True,Base,baseline,,direction,trend,A,high,True,,,line_plot,"[""low_r2""]",mcq,,,,,"{""branch"": ""trend"", ""vision_confidence"": ""high""}",a binary choice question,,False,,,,,,False,
582,index,anomaly,False,7,7,True,False,False,Base,baseline,,point_anomaly,anomaly,,,,,,,[],numerical,7,count_local_min,method_sensitive:strict_interior,1.0,"{""branch"": ""anomaly"", ""outlier_count"": 0, ""max_deviation"": 2.405068}",numerical,,False,,,,,,False,
581,index,anomaly,False,1451,1449,True,False,False,Base,baseline,,point_anomaly,anomaly,,,,,,,[],numerical,1449,argmin,closed_form,0.9986216402481047,"{""branch"": ""anomaly"", ""outlier_count"": 259, ""max_deviation"": 2.642777}",numerical,,False,,,,,,False,
567,index,anomaly,False,A,C,False,False,True,Base,baseline,,point_anomaly,anomaly,C,high,True,,,spectrogram,[],mcq,,,,,"{""branch"": ""anomaly"", ""outlier_count"": 0, ""max_deviation"": 1.866081, ""vision_confidence"": ""high""}",a multiple choice question,,False,,,,,,False,
585,index,anomaly,False,197,197,True,False,False,Base,baseline,,point_anomaly,anomaly,,,,,,,[],numerical,197,argmin,closed_form,1.0,"{""branch"": ""anomaly"", ""outlier_count"": 39, ""max_deviation"": 2.98315}",numerical,,False,,,,,,False,
568,index,anomaly,False,C,C,True,False,True,Base,baseline,,point_anomaly,anomaly,C,high,True,,,spectrogram,"[""high_volatility""]",mcq,,,,,"{""branch"": ""anomaly"", ""outlier_count"": 0, ""max_deviation"": 2.258747, ""vision_confidence"": ""high""}",a multiple choice question,,False,,,,,,False,
571,index,anomaly,False,A,C,False,False,True,Base,baseline,,point_anomaly,anomaly,C,high,True,,,spectrogram,[],mcq,,,,,"{""branch"": ""anomaly"", ""outlier_count"": 0, ""max_deviation"": 2.441412, ""vision_confidence"": ""high""}",a multiple choice question,,False,,,,,,False,
586,index,anomaly,False,7,7,True,False,False,Base,baseline,,point_anomaly,anomaly,,,,,,,[],numerical,7,count_local_max,method_sensitive:strict_interior,1.0,"{""branch"": ""anomaly"", ""outlier_count"": 0, ""max_deviation"": 2.179477}",numerical,,False,,,,,,False,
583,index,anomaly,False,B,C,False,False,False,Base,baseline,,point_anomaly,anomaly,,,False,,,,[],mcq,,,,,"{""branch"": ""anomaly"", ""outlier_count"": 0, ""max_deviation"": 2.113825}",a multiple choice question,,False,,,,,,False,
589,index,anomaly,False,612,612,True,False,False,Base,baseline,,point_anomaly,anomaly,,,,,,,"[""high_volatility""]",numerical,612,argmin,closed_form,1.0,"{""branch"": ""anomaly"", ""outlier_count"": 0, ""max_deviation"": 2.447545}",numerical,,False,,,,,,False,
590,index,anomaly,False,7,9,False,False,False,Base,baseline,,point_anomaly,anomaly,,,,,,,"[""high_volatility""]",numerical,9,count_local_min,method_sensitive:strict_interior,0.7142857142857143,"{""branch"": ""anomaly"", ""outlier_count"": 59, ""max_deviation"": 2.992947}",numerical,,False,,,,,,False,
593,index,anomaly,False,184,184,True,False,False,Base,baseline,,point_anomaly,anomaly,,,,,,,[],numerical,184,argmin,closed_form,1.0,"{""branch"": ""anomaly"", ""outlier_count"": 0, ""max_deviation"": 2.194833}",numerical,,False,,,,,,False,
575,index,anomaly,False,B,C,False,False,True,Base,baseline,,point_anomaly,anomaly,C,high,True,,,spectrogram,[],mcq,,,,,"{""branch"": ""anomaly"", ""outlier_count"": 0, ""max_deviation"": 2.082515, ""vision_confidence"": ""high""}",a multiple choice question,,False,,,,,,False,
576,index,trend,False,A,A,True,False,True,Base,baseline,,direction,trend,A,high,True,,,line_plot,"[""low_r2""]",mcq,,,,,"{""branch"": ""trend"", ""vision_confidence"": ""high""}",a binary choice question,,False,,,,,,False,
587,index,anomaly,False,A,C,False,False,False,Base,baseline,,point_anomaly,anomaly,,,False,,,,[],mcq,,,,,"{""branch"": ""anomaly"", ""outlier_count"": 0, ""max_deviation"": 2.092678}",a multiple choice question,,False,,,,,,False,
594,index,anomaly,False,12,10,False,False,False,Base,baseline,,point_anomaly,anomaly,,,,,,,[],numerical,10,count_local_max,method_sensitive:strict_interior,0.8333333333333334,"{""branch"": ""anomaly"", ""outlier_count"": 0, ""max_deviation"": 2.123844}",numerical,,False,,,,,,False,
579,index,anomaly,False,A,C,False,False,True,Base,baseline,,point_anomaly,anomaly,C,high,True,,,spectrogram,"[""high_volatility""]",mcq,,,,,"{""branch"": ""anomaly"", ""outlier_count"": 0, ""max_deviation"": 1.902429, ""vision_confidence"": ""high""}",a multiple choice question,,False,,,,,,False,
597,index,anomaly,False,1214,1214,True,False,False,Base,baseline,,point_anomaly,anomaly,,,,,,,[],numerical,1214,argmax,closed_form,1.0,"{""branch"": ""anomaly"", ""outlier_count"": 8, ""max_deviation"": 2.509104}",numerical,,False,,,,,,False,
599,index,anomaly,False,A,C,False,False,False,Base,baseline,,point_anomaly,anomaly,,,False,,,,[],mcq,,,,,"{""branch"": ""anomaly"", ""outlier_count"": 0, ""max_deviation"": 2.676244}",a multiple choice question,,False,,,,,,False,
601,basic analysis,noise,True,231.18,231.175,True,False,False,Base,baseline,,variance_level,noise,,,,,,,"[""arch_effects""]",numerical,231.175,median,closed_form,0.9999783718314733,"{""branch"": ""noise"", ""is_stationary"": true, ""is_white_noise"": false, ""adf_pval"": 0.039084, ""kpss_pval"": 0.1}",numerical,,False,,,,,,False,
566,index,trend,False,B,A,False,False,True,Base,baseline,,direction,trend,A,high,True,,,line_plot,"[""low_r2""]",mcq,,,,,"{""branch"": ""trend"", ""vision_confidence"": ""high""}",a binary choice question,,False,,,,,,False,
602,basic analysis,trend,True,-55.1,-55.1,True,False,False,Base,baseline,,direction,trend,,,,,,,"[""low_r2""]",numerical,-55.1,min,closed_form,1.0,"{""branch"": ""trend"", ""direction"": ""increasing"", ""slope"": 0.027336, ""r2"": 0.014398}",numerical,,False,,,,,,False,
580,index,trend,False,B,B,True,False,True,Base,baseline,,direction,trend,B,high,True,,,line_plot,"[""low_r2""]",mcq,,,,,"{""branch"": ""trend"", ""vision_confidence"": ""high""}",a binary choice question,,False,,,,,,False,
603,basic analysis,noise,True,21.36,21.36,True,False,False,Base,baseline,,variance_level,noise,,,,,,,"[""arch_effects""]",numerical,21.36,percentile,closed_form,1.0,"{""branch"": ""noise"", ""is_stationary"": false, ""is_white_noise"": false, ""adf_pval"": 0.544065, ""kpss_pval"": 0.018636}",numerical,,False,,,,,,False,
605,basic analysis,trend,True,132.97,132.97,True,False,False,Base,baseline,,direction,trend,,,,,,,"[""low_r2""]",numerical,132.97,max,closed_form,1.0,"{""branch"": ""trend"", ""direction"": ""increasing"", ""slope"": 0.189601, ""r2"": 0.023326}",numerical,,False,,,,,,False,
604,basic analysis,noise,True,300.34,300.3350231520055,True,False,False,Base,baseline,,variance_level,noise,,,,,,,"[""arch_effects""]",numerical,300.3350231520055,std,closed_form,0.9999834292868266,"{""branch"": ""noise"", ""is_stationary"": true, ""is_white_noise"": false, ""adf_pval"": 0.008219, ""kpss_pval"": 0.1}",numerical,,False,,,,,,False,
606,basic analysis,trend,True,-272.58,-272.58,True,False,False,Base,baseline,,direction,trend,,,,,,,"[""low_r2""]",numerical,-272.58,min,closed_form,1.0,"{""branch"": ""trend"", ""direction"": ""decreasing"", ""slope"": -0.039113, ""r2"": 0.009349}",numerical,,False,,,,,,False,
592,index,trend,False,B,B,True,False,True,Base,baseline,,direction,trend,B,high,True,,,line_plot,"[""low_r2""]",mcq,,,,,"{""branch"": ""trend"", ""vision_confidence"": ""high""}",a binary choice question,,False,,,,,,False,
607,basic analysis,similarity,True,-329.24,-329.23939453124996,True,False,False,Base,baseline,,statistical,similarity,,,,,,,"[""high_volatility""]",numerical,-329.23939453124996,mean,closed_form,0.9999981610109645,"{""branch"": ""similarity"", ""best_lag"": null}",numerical,,False,,,,,,False,
608,basic analysis,noise,True,705.51,705.51,True,False,False,Base,baseline,,variance_level,noise,,,,,,,"[""adf_kpss_disagree"", ""arch_effects""]",numerical,705.51,percentile,closed_form,1.0,"{""branch"": ""noise"", ""is_stationary"": false, ""is_white_noise"": false, ""adf_pval"": 0.997773, ""kpss_pval"": 0.1}",numerical,,False,,,,,,False,
610,basic analysis,noise,True,0.64,0.635,True,False,False,Base,baseline,,variance_level,noise,,,,,,,"[""arch_effects""]",numerical,0.635,percentile,closed_form,0.9921875,"{""branch"": ""noise"", ""is_stationary"": false, ""is_white_noise"": false, ""adf_pval"": 0.324533, ""kpss_pval"": 0.01}",numerical,,False,,,,,,False,
609,basic analysis,noise,True,-35.42,-35.42,True,False,False,Base,baseline,,variance_level,noise,,,,,,,"[""arch_effects""]",numerical,-35.42,percentile,closed_form,1.0,"{""branch"": ""noise"", ""is_stationary"": false, ""is_white_noise"": false, ""adf_pval"": 0.957702, ""kpss_pval"": 0.01}",numerical,,False,,,,,,False,
611,basic analysis,noise,True,80.62,80.62300000000003,True,False,False,Base,baseline,,variance_level,noise,,,,,,,"[""arch_effects""]",numerical,80.62300000000003,percentile,closed_form,0.9999627883899773,"{""branch"": ""noise"", ""is_stationary"": false, ""is_white_noise"": false, ""adf_pval"": 0.56225, ""kpss_pval"": 0.01}",numerical,,False,,,,,,False,
613,basic analysis,noise,True,156.07,156.075,True,False,False,Base,baseline,,variance_level,noise,,,,,,,"[""arch_effects""]",numerical,156.075,percentile,closed_form,0.9999679630934837,"{""branch"": ""noise"", ""is_stationary"": true, ""is_white_noise"": false, ""adf_pval"": 0.0, ""kpss_pval"": 0.1}",numerical,,False,,,,,,False,
588,index,trend,False,A,B,False,False,True,Base,baseline,,direction,trend,B,high,True,,,line_plot,"[""low_r2""]",mcq,,,,,"{""branch"": ""trend"", ""vision_confidence"": ""high""}",a binary choice question,,False,,,,,,False,
615,basic analysis,trend,True,27.07,27.07,True,False,False,Base,baseline,,direction,trend,,,,,,,"[""low_r2""]",numerical,27.07,min,closed_form,1.0,"{""branch"": ""trend"", ""direction"": ""increasing"", ""slope"": 0.20636, ""r2"": 0.338534}",numerical,,False,,,,,,False,
591,index,anomaly,False,C,C,True,False,True,Base,baseline,,point_anomaly,anomaly,C,high,True,,,spectrogram,"[""high_volatility""]",mcq,,,,,"{""branch"": ""anomaly"", ""outlier_count"": 0, ""max_deviation"": 1.499429, ""vision_confidence"": ""high""}",a multiple choice question,,False,,,,,,False,
595,index,anomaly,False,B,C,False,False,True,Base,baseline,,point_anomaly,anomaly,C,high,True,,,spectrogram,[],mcq,,,,,"{""branch"": ""anomaly"", ""outlier_count"": 0, ""max_deviation"": 2.371441, ""vision_confidence"": ""high""}",a multiple choice question,,False,,,,,,False,
616,basic analysis,trend,True,-131.42,-131.42,True,False,False,Base,baseline,,direction,trend,,,,,,,"[""low_r2""]",numerical,-131.42,max,closed_form,1.0,"{""branch"": ""trend"", ""direction"": ""decreasing"", ""slope"": -0.135075, ""r2"": 0.266063}",numerical,,False,,,,,,False,
614,basic analysis,trend,True,1.93,1.93,True,False,False,Base,baseline,,direction,trend,,,,,,,"[""low_r2""]",numerical,1.93,min,closed_form,1.0,"{""branch"": ""trend"", ""direction"": ""flat"", ""slope"": 0.000328, ""r2"": 2e-06}",numerical,,False,,,,,,False,
612,basic analysis,noise,True,-139.95,-139.95499999999998,True,False,False,Base,baseline,,variance_level,noise,,,,,,,"[""adf_kpss_disagree"", ""arch_effects""]",numerical,-139.95499999999998,percentile,closed_form,0.9999642729546266,"{""branch"": ""noise"", ""is_stationary"": false, ""is_white_noise"": false, ""adf_pval"": 0.001882, ""kpss_pval"": 0.01}",numerical,,False,,,,,,False,
617,basic analysis,noise,True,-10.29,-10.29,True,False,False,Base,baseline,,variance_level,noise,,,,,,,"[""arch_effects""]",numerical,-10.29,median,closed_form,1.0,"{""branch"": ""noise"", ""is_stationary"": false, ""is_white_noise"": false, ""adf_pval"": 0.901341, ""kpss_pval"": 0.01}",numerical,,False,,,,,,False,
618,basic analysis,trend,True,245.37,245.37,True,False,False,Base,baseline,,direction,trend,,,,,,,[],numerical,245.37,max,closed_form,1.0,"{""branch"": ""trend"", ""direction"": ""increasing"", ""slope"": 0.105667, ""r2"": 0.917714}",numerical,,False,,,,,,False,
621,basic analysis,noise,True,-7.4,-7.4,True,False,False,Base,baseline,,variance_level,noise,,,,,,,[],numerical,-7.4,percentile,closed_form,1.0,"{""branch"": ""noise"", ""is_stationary"": false, ""is_white_noise"": false, ""adf_pval"": 0.089273, ""kpss_pval"": 0.1}",numerical,,False,,,,,,False,
600,index,trend,False,A,A,True,False,True,Base,baseline,,direction,trend,A,high,True,,,line_plot,[],mcq,,,,,"{""branch"": ""trend"", ""vision_confidence"": ""high""}",a binary choice question,,False,,,,,,False,
619,basic analysis,similarity,True,127.06,127.06,True,False,False,Base,baseline,,statistical,similarity,,,,,,,[],numerical,127.06,range,closed_form,1.0,"{""branch"": ""similarity"", ""best_lag"": null}",numerical,,False,,,,,,False,
598,index,trend,False,D,C,False,False,True,Base,baseline,,direction,trend,C,high,True,,,line_plot,"[""low_r2""]",mcq,,,,,"{""branch"": ""trend"", ""direction"": ""increasing"", ""slope"": 0.039676, ""r2"": 0.013997, ""vision_confidence"": ""high""}",a multiple choice question,,False,,,,,,False,
622,basic analysis,similarity,True,48.2,48.20328125,True,False,False,Base,baseline,,statistical,similarity,,,,,,,"[""high_volatility""]",numerical,48.20328125,mean,closed_form,0.9999319242738589,"{""branch"": ""similarity"", ""best_lag"": -8}",numerical,,False,,,,,,False,
625,basic analysis,noise,True,118.99,118.99459935564678,True,False,False,Base,baseline,,variance_level,noise,,,,,,,"[""arch_effects""]",numerical,118.99459935564678,std,closed_form,0.9999613467043719,"{""branch"": ""noise"", ""is_stationary"": true, ""is_white_noise"": false, ""adf_pval"": 0.0, ""kpss_pval"": 0.1}",numerical,,False,,,,,,False,
624,basic analysis,similarity,True,-209.1,-209.10185546875,True,False,False,Base,baseline,,statistical,similarity,,,,,,,"[""high_volatility""]",numerical,-209.10185546875,mean,closed_form,0.9999911264048302,"{""branch"": ""similarity"", ""best_lag"": -20}",numerical,,False,,,,,,False,
627,basic analysis,similarity,True,75.48,75.47700000000002,True,False,False,Base,baseline,,statistical,similarity,,,,,,,"[""high_volatility""]",numerical,75.47700000000002,percentile,closed_form,0.9999602543720193,"{""branch"": ""similarity"", ""best_lag"": 20}",numerical,,False,,,,,,False,
628,basic analysis,similarity,True,24.05,24.05,True,False,False,Base,baseline,,statistical,similarity,,,,,,,"[""high_volatility""]",numerical,24.05,median,closed_form,1.0,"{""branch"": ""similarity"", ""best_lag"": -20}",numerical,,False,,,,,,False,
626,basic analysis,trend,True,6.11,6.11,True,False,False,Base,baseline,,direction,trend,,,,,,,"[""low_r2""]",numerical,6.11,max,closed_form,1.0,"{""branch"": ""trend"", ""direction"": ""decreasing"", ""slope"": -0.208545, ""r2"": 0.00352}",numerical,,False,,,,,,False,
620,basic analysis,noise,True,2.76,2.7589999999999986,True,False,False,Base,baseline,,variance_level,noise,,,,,,,"[""arch_effects""]",numerical,2.7589999999999986,percentile,closed_form,0.9996376811594199,"{""branch"": ""noise"", ""is_stationary"": false, ""is_white_noise"": false, ""adf_pval"": 1.0, ""kpss_pval"": 0.01}",numerical,,False,,,,,,False,
630,basic analysis,noise,True,457.47,457.4715,True,False,False,Base,baseline,,variance_level,noise,,,,,,,"[""adf_kpss_disagree"", ""arch_effects""]",numerical,457.4715,percentile,closed_form,0.9999967210964654,"{""branch"": ""noise"", ""is_stationary"": false, ""is_white_noise"": false, ""adf_pval"": 0.199989, ""kpss_pval"": 0.085295}",numerical,,False,,,,,,False,
623,basic analysis,trend,True,724.07,724.07,True,False,False,Base,baseline,,direction,trend,,,,,,,"[""low_r2""]",numerical,724.07,max,closed_form,1.0,"{""branch"": ""trend"", ""direction"": ""increasing"", ""slope"": 0.146095, ""r2"": 0.002545}",numerical,,False,,,,,,False,
629,basic analysis,noise,True,295.23,295.2257821609605,True,False,False,Base,baseline,,variance_level,noise,,,,,,,"[""arch_effects""]",numerical,295.2257821609605,std,closed_form,0.9999857133792652,"{""branch"": ""noise"", ""is_stationary"": true, ""is_white_noise"": false, ""adf_pval"": 0.030176, ""kpss_pval"": 0.1}",numerical,,False,,,,,,False,
596,index,trend,False,B,B,True,False,True,Base,baseline,,direction,trend,B,high,True,,,line_plot,"[""low_r2""]",mcq,,,,,"{""branch"": ""trend"", ""vision_confidence"": ""high""}",a binary choice question,,False,,,,,,False,
572,index,trend,False,B,B,True,False,True,Base,baseline,,direction,trend,B,high,True,,,line_plot,"[""low_r2""]",mcq,,,,,"{""branch"": ""trend"", ""vision_confidence"": ""high""}",a binary choice question,,False,,,,,,False,
634,basic analysis,similarity,True,55.24,55.24,True,False,False,Base,baseline,,statistical,similarity,,,,,,,"[""high_volatility""]",numerical,55.24,range,closed_form,1.0,"{""branch"": ""similarity"", ""best_lag"": -20}",numerical,,False,,,,,,False,
636,basic analysis,similarity,True,-5.97,-5.969051383399206,True,False,False,Base,baseline,,statistical,similarity,,,,,,,"[""high_volatility""]",numerical,-5.969051383399206,mean,closed_form,0.9998411027469357,"{""branch"": ""similarity"", ""best_lag"": null}",numerical,,False,,,,,,False,
632,basic analysis,similarity,True,14.88,14.879999999999999,True,False,False,Base,baseline,,statistical,similarity,,,,,,,"[""high_volatility""]",numerical,14.879999999999999,median,closed_form,0.9999999999999999,"{""branch"": ""similarity"", ""best_lag"": 20}",numerical,,False,,,,,,False,
631,basic analysis,noise,True,-7.32,-7.324999999999999,True,False,False,Base,baseline,,variance_level,noise,,,,,,,"[""arch_effects""]",numerical,-7.324999999999999,percentile,closed_form,0.9993169398907105,"{""branch"": ""noise"", ""is_stationary"": false, ""is_white_noise"": false, ""adf_pval"": 0.249321, ""kpss_pval"": 0.033707}",numerical,,False,,,,,,False,
637,basic analysis,noise,True,247.43,247.43400000000003,True,False,False,Base,baseline,,variance_level,noise,,,,,,,"[""adf_kpss_disagree"", ""arch_effects""]",numerical,247.43400000000003,percentile,closed_form,0.999983833811583,"{""branch"": ""noise"", ""is_stationary"": false, ""is_white_noise"": false, ""adf_pval"": 1.0, ""kpss_pval"": 0.1}",numerical,,False,,,,,,False,
640,basic analysis,noise,True,18.68,18.68,True,False,False,Base,baseline,,variance_level,noise,,,,,,,"[""adf_kpss_disagree"", ""arch_effects""]",numerical,18.68,percentile,closed_form,1.0,"{""branch"": ""noise"", ""is_stationary"": false, ""is_white_noise"": false, ""adf_pval"": 0.184205, ""kpss_pval"": 0.1}",numerical,,False,,,,,,False,
633,basic analysis,noise,True,-7.4,-7.4,True,False,False,Base,baseline,,variance_level,noise,,,,,,,"[""adf_kpss_disagree"", ""arch_effects""]",numerical,-7.4,percentile,closed_form,1.0,"{""branch"": ""noise"", ""is_stationary"": false, ""is_white_noise"": false, ""adf_pval"": 0.01643, ""kpss_pval"": 0.031738}",numerical,,False,,,,,,False,
635,basic analysis,noise,True,-49.08,-49.084999999999994,True,False,False,Base,baseline,,variance_level,noise,,,,,,,"[""adf_kpss_disagree"", ""arch_effects""]",numerical,-49.084999999999994,percentile,closed_form,0.9998981255093725,"{""branch"": ""noise"", ""is_stationary"": false, ""is_white_noise"": false, ""adf_pval"": 0.185014, ""kpss_pval"": 0.061086}",numerical,,False,,,,,,False,
641,basic analysis,noise,True,213.39,213.387,True,False,False,Base,baseline,,variance_level,noise,,,,,,,"[""arch_effects""]",numerical,213.387,percentile,closed_form,0.9999859412343597,"{""branch"": ""noise"", ""is_stationary"": false, ""is_white_noise"": false, ""adf_pval"": 0.122621, ""kpss_pval"": 0.01}",numerical,,False,,,,,,False,
639,basic analysis,noise,True,-110.54,-110.53999999999999,True,False,False,Base,baseline,,variance_level,noise,,,,,,,"[""arch_effects""]",numerical,-110.53999999999999,median,closed_form,0.9999999999999999,"{""branch"": ""noise"", ""is_stationary"": true, ""is_white_noise"": false, ""adf_pval"": 4e-06, ""kpss_pval"": 0.1}",numerical,,False,,,,,,False,
642,basic analysis,noise,True,7.54,7.539000000000014,True,False,False,Base,baseline,,variance_level,noise,,,,,,,"[""arch_effects""]",numerical,7.539000000000014,percentile,closed_form,0.9998673740053069,"{""branch"": ""noise"", ""is_stationary"": false, ""is_white_noise"": false, ""adf_pval"": 0.99828, ""kpss_pval"": 0.01}",numerical,,False,,,,,,False,
643,basic analysis,noise,True,260.79,260.7861584755856,True,False,False,Base,baseline,,variance_level,noise,,,,,,,"[""adf_kpss_disagree"", ""arch_effects""]",numerical,260.7861584755856,std,closed_form,0.9999852696636587,"{""branch"": ""noise"", ""is_stationary"": false, ""is_white_noise"": false, ""adf_pval"": 0.0, ""kpss_pval"": 0.013654}",numerical,,False,,,,,,False,
638,basic analysis,trend,True,-52.8,-52.8,True,False,False,Base,baseline,,direction,trend,,,,,,,"[""low_r2""]",numerical,-52.8,min,closed_form,1.0,"{""branch"": ""trend"", ""direction"": ""decreasing"", ""slope"": -0.056598, ""r2"": 0.391644}",numerical,,False,,,,,,False,
645,basic analysis,similarity,True,105.03,105.025,True,False,False,Base,baseline,,statistical,similarity,,,,,,,"[""high_volatility""]",numerical,105.025,median,closed_form,0.999952394553937,"{""branch"": ""similarity"", ""best_lag"": null}",numerical,,False,,,,,,False,
644,basic analysis,noise,True,-47.11,-47.114999999999995,True,False,False,Base,baseline,,variance_level,noise,,,,,,,"[""adf_kpss_disagree"", ""arch_effects""]",numerical,-47.114999999999995,median,closed_form,0.9998938654213544,"{""branch"": ""noise"", ""is_stationary"": false, ""is_white_noise"": false, ""adf_pval"": 0.134062, ""kpss_pval"": 0.056022}",numerical,,False,,,,,,False,
646,basic analysis,similarity,True,51.59,51.59,True,False,False,Base,baseline,,statistical,similarity,,,,,,,[],numerical,51.59,range,closed_form,1.0,"{""branch"": ""similarity"", ""best_lag"": null}",numerical,,False,,,,,,False,
649,basic analysis,similarity,True,635.14,635.14,True,False,False,Base,baseline,,statistical,similarity,,,,,,,"[""high_volatility""]",numerical,635.14,range,closed_form,1.0,"{""branch"": ""similarity"", ""best_lag"": null}",numerical,,False,,,,,,False,
653,basic analysis,similarity,True,-30.64,-30.645,True,False,False,Base,baseline,,statistical,similarity,,,,,,,"[""high_volatility""]",numerical,-30.645,median,closed_form,0.9998368146214099,"{""branch"": ""similarity"", ""best_lag"": null}",numerical,,False,,,,,,False,
648,basic analysis,similarity,True,-44.66,-44.66,True,False,False,Base,baseline,,statistical,similarity,,,,,,,"[""high_volatility""]",numerical,-44.66,median,closed_form,1.0,"{""branch"": ""similarity"", ""best_lag"": null}",numerical,,False,,,,,,False,
654,basic analysis,noise,True,388.45,388.4493,True,False,False,Base,baseline,,variance_level,noise,,,,,,,"[""arch_effects""]",numerical,388.4493,percentile,closed_form,0.9999981979662762,"{""branch"": ""noise"", ""is_stationary"": true, ""is_white_noise"": false, ""adf_pval"": 0.001843, ""kpss_pval"": 0.1}",numerical,,False,,,,,,False,
651,basic analysis,noise,True,-108.0,-107.99775862068965,True,False,False,Base,baseline,,stationarity,noise,,,,,,,"[""arch_effects""]",numerical,-107.99775862068965,mean,closed_form,0.9999792464878672,"{""branch"": ""noise"", ""is_stationary"": false, ""is_white_noise"": false, ""adf_pval"": 0.818384, ""kpss_pval"": 0.01}",numerical,,False,,,,,,False,
652,basic analysis,noise,True,17.18,17.177167351698618,True,False,False,Base,baseline,,variance_level,noise,,,,,,,"[""adf_kpss_disagree"", ""arch_effects""]",numerical,17.177167351698618,std,closed_form,0.9998351194236681,"{""branch"": ""noise"", ""is_stationary"": false, ""is_white_noise"": false, ""adf_pval"": 0.096282, ""kpss_pval"": 0.01}",numerical,,False,,,,,,False,
647,basic analysis,noise,True,402.63,402.6323,True,False,False,Base,baseline,,variance_level,noise,,,,,,,"[""adf_kpss_disagree"", ""arch_effects""]",numerical,402.6323,percentile,closed_form,0.9999942875592976,"{""branch"": ""noise"", ""is_stationary"": false, ""is_white_noise"": false, ""adf_pval"": 0.0, ""kpss_pval"": 0.01}",numerical,,False,,,,,,False,
657,basic analysis,noise,True,-16.44,-16.44015625,True,False,False,Base,baseline,,stationarity,noise,,,,,,,"[""adf_kpss_disagree"", ""arch_effects""]",numerical,-16.44015625,mean,closed_form,0.9999904957420924,"{""branch"": ""noise"", ""is_stationary"": false, ""is_white_noise"": false, ""adf_pval"": 0.095504, ""kpss_pval"": 0.01}",numerical,,False,,,,,,False,
656,basic analysis,noise,True,146.28,146.28172959817434,True,False,False,Base,baseline,,variance_level,noise,,,,,,,"[""adf_kpss_disagree"", ""arch_effects""]",numerical,146.28172959817434,std,closed_form,0.9999881761131095,"{""branch"": ""noise"", ""is_stationary"": false, ""is_white_noise"": false, ""adf_pval"": 0.380296, ""kpss_pval"": 0.1}",numerical,,False,,,,,,False,
655,basic analysis,noise,True,111.25,111.24600000000002,True,False,False,Base,baseline,,variance_level,noise,,,,,,,"[""arch_effects""]",numerical,111.24600000000002,percentile,closed_form,0.9999640449438204,"{""branch"": ""noise"", ""is_stationary"": false, ""is_white_noise"": false, ""adf_pval"": 0.832373, ""kpss_pval"": 0.01}",numerical,,False,,,,,,False,
658,basic analysis,noise,True,0.23,0.23259999999999537,True,False,False,Base,baseline,,variance_level,noise,,,,,,,"[""adf_kpss_disagree"", ""arch_effects""]",numerical,0.23259999999999537,percentile,closed_form,0.9886956521739332,"{""branch"": ""noise"", ""is_stationary"": false, ""is_white_noise"": false, ""adf_pval"": 0.186151, ""kpss_pval"": 0.1}",numerical,,False,,,,,,False,
650,basic analysis,trend,True,79.04,79.04,True,False,False,Base,baseline,,direction,trend,,,,,,,"[""low_r2""]",numerical,79.04,max,closed_form,1.0,"{""branch"": ""trend"", ""direction"": ""increasing"", ""slope"": 0.070992, ""r2"": 0.052367}",numerical,,False,,,,,,False,
662,basic analysis,similarity,True,46.43,46.43000000000001,True,False,False,Base,baseline,,statistical,similarity,,,,,,,"[""high_volatility""]",numerical,46.43000000000001,percentile,closed_form,0.9999999999999999,"{""branch"": ""similarity"", ""best_lag"": null}",numerical,,False,,,,,,False,
660,basic analysis,trend,True,-639.26,-639.26,True,False,False,Base,baseline,,direction,trend,,,,,,,"[""low_r2""]",numerical,-639.26,min,closed_form,1.0,"{""branch"": ""trend"", ""direction"": ""decreasing"", ""slope"": -0.359154, ""r2"": 0.022266}",numerical,,False,,,,,,False,
661,basic analysis,trend,True,112.77,112.77,True,False,False,Base,baseline,,direction,trend,,,,,,,"[""low_r2""]",numerical,112.77,max,closed_form,1.0,"{""branch"": ""trend"", ""direction"": ""increasing"", ""slope"": 0.021125, ""r2"": 0.00079}",numerical,,False,,,,,,False,
668,basic analysis,similarity,True,70.55,70.55200000000002,True,False,False,Base,baseline,,statistical,similarity,,,,,,,"[""high_volatility""]",numerical,70.55200000000002,percentile,closed_form,0.9999716513111265,"{""branch"": ""similarity"", ""best_lag"": 14}",numerical,,False,,,,,,False,
667,basic analysis,similarity,True,-83.02,-83.01853515625001,True,False,False,Base,baseline,,statistical,similarity,,,,,,,"[""high_volatility""]",numerical,-83.01853515625001,mean,closed_form,0.9999823555317997,"{""branch"": ""similarity"", ""best_lag"": 4}",numerical,,False,,,,,,False,
670,basic analysis,similarity,True,224.97,224.97,True,False,False,Base,baseline,,statistical,similarity,,,,,,,[],numerical,224.97,range,closed_form,1.0,"{""branch"": ""similarity"", ""best_lag"": 9}",numerical,,False,,,,,,False,
671,basic analysis,noise,True,205.87,205.86599999999999,True,False,False,Base,baseline,,variance_level,noise,,,,,,,"[""adf_kpss_disagree"", ""arch_effects""]",numerical,205.86599999999999,percentile,closed_form,0.9999805702627871,"{""branch"": ""noise"", ""is_stationary"": false, ""is_white_noise"": false, ""adf_pval"": 0.195946, ""kpss_pval"": 0.1}",numerical,,False,,,,,,False,
669,basic analysis,noise,True,35.36,35.3602,True,False,False,Base,baseline,,variance_level,noise,,,,,,,"[""arch_effects""]",numerical,35.3602,percentile,closed_form,0.9999943438914027,"{""branch"": ""noise"", ""is_stationary"": true, ""is_white_noise"": false, ""adf_pval"": 1e-06, ""kpss_pval"": 0.1}",numerical,,False,,,,,,False,
663,basic analysis,noise,True,0.94,0.935,True,False,False,Base,baseline,,variance_level,noise,,,,,,,"[""adf_kpss_disagree"", ""arch_effects""]",numerical,0.935,percentile,closed_form,0.9946808510638299,"{""branch"": ""noise"", ""is_stationary"": false, ""is_white_noise"": false, ""adf_pval"": 0.997996, ""kpss_pval"": 0.1}",numerical,,False,,,,,,False,
666,basic analysis,noise,True,536.56,536.5600000000001,True,False,False,Base,baseline,,variance_level,noise,,,,,,,"[""arch_effects""]",numerical,536.5600000000001,percentile,closed_form,0.9999999999999998,"{""branch"": ""noise"", ""is_stationary"": false, ""is_white_noise"": false, ""adf_pval"": 0.267643, ""kpss_pval"": 0.03779}",numerical,,False,,,,,,False,
664,basic analysis,noise,True,27.23,27.235,True,False,False,Base,baseline,,variance_level,noise,,,,,,,"[""arch_effects""]",numerical,27.235,percentile,closed_form,0.999816378993757,"{""branch"": ""noise"", ""is_stationary"": false, ""is_white_noise"": false, ""adf_pval"": 0.914364, ""kpss_pval"": 0.01}",numerical,,False,,,,,,False,
673,basic analysis,noise,True,-48.69,-48.685,True,False,False,Base,baseline,,variance_level,noise,,,,,,,"[""adf_kpss_disagree"", ""arch_effects""]",numerical,-48.685,median,closed_form,0.9998973095091396,"{""branch"": ""noise"", ""is_stationary"": false, ""is_white_noise"": false, ""adf_pval"": 0.056083, ""kpss_pval"": 0.01}",numerical,,False,,,,,,False,
665,basic analysis,noise,True,443.85,443.84680000000003,True,False,False,Base,baseline,,variance_level,noise,,,,,,,"[""arch_effects""]",numerical,443.84680000000003,percentile,closed_form,0.9999927903571026,"{""branch"": ""noise"", ""is_stationary"": true, ""is_white_noise"": false, ""adf_pval"": 0.003362, ""kpss_pval"": 0.1}",numerical,,False,,,,,,False,
672,basic analysis,noise,True,49.02,49.019999999999996,True,False,False,Base,baseline,,variance_level,noise,,,,,,,"[""adf_kpss_disagree"", ""arch_effects""]",numerical,49.019999999999996,percentile,closed_form,0.9999999999999999,"{""branch"": ""noise"", ""is_stationary"": false, ""is_white_noise"": false, ""adf_pval"": 2e-06, ""kpss_pval"": 0.022756}",numerical,,False,,,,,,False,
674,basic analysis,trend,True,106.25,106.25,True,False,False,Base,baseline,,direction,trend,,,,,,,"[""low_r2""]",numerical,106.25,max,closed_form,1.0,"{""branch"": ""trend"", ""direction"": ""decreasing"", ""slope"": -0.084904, ""r2"": 0.126885}",numerical,,False,,,,,,False,
659,basic analysis,trend,True,627.52,627.52,True,False,False,Base,baseline,,direction,trend,,,,,,,"[""low_r2""]",numerical,627.52,min,closed_form,1.0,"{""branch"": ""trend"", ""direction"": ""decreasing"", ""slope"": -0.060552, ""r2"": 0.085065}",numerical,,False,,,,,,False,
584,index,trend,False,A,A,True,False,True,Base,baseline,,direction,trend,A,high,True,,,line_plot,"[""low_r2""]",mcq,,,,,"{""branch"": ""trend"", ""vision_confidence"": ""high""}",a binary choice question,,False,,,,,,False,
675,basic analysis,similarity,True,-24.09,-24.09,True,False,False,Base,baseline,,statistical,similarity,,,,,,,"[""high_volatility""]",numerical,-24.09,median,closed_form,1.0,"{""branch"": ""similarity"", ""best_lag"": 20}",numerical,,False,,,,,,False,
685,basic analysis,similarity,True,376.72,376.721,True,False,False,Base,baseline,,statistical,similarity,,,,,,,"[""high_volatility""]",numerical,376.721,percentile,closed_form,0.9999973455086006,"{""branch"": ""similarity"", ""best_lag"": null}",numerical,,False,,,,,,False,
680,basic analysis,similarity,True,51.28,51.279999999999994,True,False,False,Base,baseline,,statistical,similarity,,,,,,,"[""high_volatility""]",numerical,51.279999999999994,range,closed_form,0.9999999999999999,"{""branch"": ""similarity"", ""best_lag"": null}",numerical,,False,,,,,,False,
686,basic analysis,similarity,True,-228.15,-228.15449218749998,True,False,False,Base,baseline,,statistical,similarity,,,,,,,"[""high_volatility""]",numerical,-228.15449218749998,mean,closed_form,0.9999803103769451,"{""branch"": ""similarity"", ""best_lag"": 8}",numerical,,False,,,,,,False,
679,basic analysis,similarity,True,183.32,183.3249609375,True,False,False,Base,baseline,,statistical,similarity,,,,,,,[],numerical,183.3249609375,mean,closed_form,0.9999729383727907,"{""branch"": ""similarity"", ""best_lag"": 12}",numerical,,False,,,,,,False,
683,basic analysis,similarity,True,-147.53,-147.535,True,False,False,Base,baseline,,statistical,similarity,,,,,,,[],numerical,-147.535,median,closed_form,0.9999661085880838,"{""branch"": ""similarity"", ""best_lag"": 17}",numerical,,False,,,,,,False,
682,basic analysis,noise,True,263.08,263.08000000000004,True,False,False,Base,baseline,,variance_level,noise,,,,,,,"[""arch_effects""]",numerical,263.08000000000004,percentile,closed_form,0.9999999999999998,"{""branch"": ""noise"", ""is_stationary"": true, ""is_white_noise"": false, ""adf_pval"": 0.0, ""kpss_pval"": 0.1}",numerical,,False,,,,,,False,
677,basic analysis,noise,True,-211.86,-211.86,True,False,False,Base,baseline,,variance_level,noise,,,,,,,"[""adf_kpss_disagree"", ""arch_effects""]",numerical,-211.86,percentile,closed_form,1.0,"{""branch"": ""noise"", ""is_stationary"": false, ""is_white_noise"": false, ""adf_pval"": 0.821894, ""kpss_pval"": 0.1}",numerical,,False,,,,,,False,
681,basic analysis,noise,True,116.53,116.53309999999986,True,False,False,Base,baseline,,variance_level,noise,,,,,,,[],numerical,116.53309999999986,percentile,closed_form,0.9999733974083939,"{""branch"": ""noise"", ""is_stationary"": true, ""is_white_noise"": true, ""adf_pval"": 0.0, ""kpss_pval"": 0.1}",numerical,,False,,,,,,False,
678,basic analysis,noise,True,1.93,1.9260742187499957,True,False,False,Base,baseline,,stationarity,noise,,,,,,,"[""arch_effects""]",numerical,1.9260742187499957,mean,closed_form,0.997965916450775,"{""branch"": ""noise"", ""is_stationary"": false, ""is_white_noise"": false, ""adf_pval"": 0.294337, ""kpss_pval"": 0.017503}",numerical,,False,,,,,,False,
688,basic analysis,trend,True,158.97,158.97,True,False,False,Base,baseline,,direction,trend,,,,,,,[],numerical,158.97,max,closed_form,1.0,"{""branch"": ""trend"", ""direction"": ""decreasing"", ""slope"": -0.327264, ""r2"": 0.801442}",numerical,,False,,,,,,False,
687,basic analysis,trend,True,-66.36,-66.36,True,False,False,Base,baseline,,direction,trend,,,,,,,"[""low_r2""]",numerical,-66.36,min,closed_form,1.0,"{""branch"": ""trend"", ""direction"": ""decreasing"", ""slope"": -0.035015, ""r2"": 0.02528}",numerical,,False,,,,,,False,
684,basic analysis,trend,True,-175.66,-175.66,True,False,False,Base,baseline,,direction,trend,,,,,,,[],numerical,-175.66,max,closed_form,1.0,"{""branch"": ""trend"", ""direction"": ""increasing"", ""slope"": 0.182047, ""r2"": 0.67106}",numerical,,False,,,,,,False,
676,basic analysis,trend,True,135.36,135.36,True,False,False,Base,baseline,,direction,trend,,,,,,,"[""low_r2""]",numerical,135.36,max,closed_form,1.0,"{""branch"": ""trend"", ""direction"": ""decreasing"", ""slope"": -0.248057, ""r2"": 0.060036}",numerical,,False,,,,,,False,
689,basic analysis,similarity,True,185.3,185.3,True,False,False,Base,baseline,,statistical,similarity,,,,,,,"[""high_volatility""]",numerical,185.3,median,closed_form,1.0,"{""branch"": ""similarity"", ""best_lag"": null}",numerical,,False,,,,,,False,
564,index,trend,False,B,B,True,False,True,Base,baseline,,direction,trend,B,high,True,,,line_plot,"[""low_r2""]",mcq,,,,,"{""branch"": ""trend"", ""vision_confidence"": ""high""}",a binary choice question,,False,,,,,,False,
696,basic analysis,similarity,True,173.56,173.565,True,False,False,Base,baseline,,statistical,similarity,,,,,,,[],numerical,173.565,median,closed_form,0.9999711915187831,"{""branch"": ""similarity"", ""best_lag"": -20}",numerical,,False,,,,,,False,
693,basic analysis,noise,True,258.0,258.0021999999998,True,False,False,Base,baseline,,variance_level,noise,,,,,,,"[""adf_kpss_disagree"", ""arch_effects""]",numerical,258.0021999999998,percentile,closed_form,0.9999914728682179,"{""branch"": ""noise"", ""is_stationary"": false, ""is_white_noise"": false, ""adf_pval"": 0.201653, ""kpss_pval"": 0.1}",numerical,,False,,,,,,False,
690,basic analysis,noise,True,83.84,83.845,True,False,False,Base,baseline,,variance_level,noise,,,,,,,"[""arch_effects""]",numerical,83.845,median,closed_form,0.9999403625954199,"{""branch"": ""noise"", ""is_stationary"": false, ""is_white_noise"": false, ""adf_pval"": 0.089348, ""kpss_pval"": 0.1}",numerical,,False,,,,,,False,
697,basic analysis,noise,True,198.07,198.0681,True,False,False,Base,baseline,,variance_level,noise,,,,,,,"[""arch_effects""]",numerical,198.0681,percentile,closed_form,0.9999904074317161,"{""branch"": ""noise"", ""is_stationary"": false, ""is_white_noise"": false, ""adf_pval"": 0.371069, ""kpss_pval"": 0.01}",numerical,,False,,,,,,False,
691,basic analysis,noise,True,-242.5,-242.495,True,False,False,Base,baseline,,variance_level,noise,,,,,,,"[""arch_effects""]",numerical,-242.495,percentile,closed_form,0.999979381443299,"{""branch"": ""noise"", ""is_stationary"": true, ""is_white_noise"": false, ""adf_pval"": 0.030176, ""kpss_pval"": 0.1}",numerical,,False,,,,,,False,
695,basic analysis,noise,True,258.0,258.0021999999998,True,False,False,Base,baseline,,variance_level,noise,,,,,,,"[""adf_kpss_disagree"", ""arch_effects""]",numerical,258.0021999999998,percentile,closed_form,0.9999914728682179,"{""branch"": ""noise"", ""is_stationary"": false, ""is_white_noise"": false, ""adf_pval"": 0.997996, ""kpss_pval"": 0.1}",numerical,,False,,,,,,False,
700,basic analysis,noise,True,13.55,13.555,True,False,False,Base,baseline,,variance_level,noise,,,,,,,"[""adf_kpss_disagree"", ""arch_effects""]",numerical,13.555,median,closed_form,0.9996309963099632,"{""branch"": ""noise"", ""is_stationary"": false, ""is_white_noise"": false, ""adf_pval"": 0.094745, ""kpss_pval"": 0.01}",numerical,,False,,,,,,False,
692,basic analysis,trend,True,205.41,205.41,True,False,False,Base,baseline,,direction,trend,,,,,,,"[""low_r2""]",numerical,205.41,max,closed_form,1.0,"{""branch"": ""trend"", ""direction"": ""decreasing"", ""slope"": -0.003385, ""r2"": 0.000349}",numerical,,False,,,,,,False,
699,basic analysis,noise,True,320.94,320.9404,True,False,False,Base,baseline,,variance_level,noise,,,,,,,"[""arch_effects""]",numerical,320.9404,percentile,closed_form,0.9999987536611205,"{""branch"": ""noise"", ""is_stationary"": false, ""is_white_noise"": false, ""adf_pval"": 0.730072, ""kpss_pval"": 0.01}",numerical,,False,,,,,,False,
694,basic analysis,trend,True,428.9,428.9,True,False,False,Base,baseline,,direction,trend,,,,,,,"[""low_r2""]",numerical,428.9,max,closed_form,1.0,"{""branch"": ""trend"", ""direction"": ""decreasing"", ""slope"": -0.311055, ""r2"": 0.043257}",numerical,,False,,,,,,False,
698,basic analysis,trend,True,352.62,352.62,True,False,False,Base,baseline,,direction,trend,,,,,,,"[""low_r2""]",numerical,352.62,max,closed_form,1.0,"{""branch"": ""trend"", ""direction"": ""increasing"", ""slope"": 0.282792, ""r2"": 0.036655}",numerical,,False,,,,,,False,
11,"basic analysis, inductive reasoning",anomaly,False,A,A,True,False,False,InWild,baseline,,point_anomaly,anomaly,,,False,,,,[],mcq,,,,,"{""branch"": ""anomaly"", ""outlier_count"": 6, ""max_deviation"": 7.398428}",a binary question,,False,,,,,,False,
562,index,trend,False,A,A,True,False,True,Base,baseline,,direction,trend,A,high,True,,,line_plot,"[""low_r2""]",mcq,,,,,"{""branch"": ""trend"", ""vision_confidence"": ""high""}",a binary choice question,,False,,,,,,False,
1,"seasonality analysis, inductive reasoning",periodicity,False,B,A,False,False,True,InWild,baseline,,period_value,periodicity,B,high,True,,,spectrogram,[],mcq,,,,,"{""branch"": ""periodicity"", ""dominant_period_fft"": 90.0, ""period_reconciled"": 90.0, ""seasonal_strength"": 0.784014, ""vision_confidence"": ""high""}",a binary question,,False,,,,,,False,
2,"noise analysis, deductive reasoning",noise,True,A,B,False,False,True,InWild,baseline,,white_noise,noise,B,high,True,,,spectrogram,"[""arch_effects""]",mcq,,,,,"{""branch"": ""noise"", ""is_stationary"": false, ""is_white_noise"": false, ""adf_pval"": 0.958223, ""kpss_pval"": 0.01, ""vision_confidence"": ""high""}",a binary question,,False,,,,,,False,
3,"noise analysis, causal reasoning",noise,False,D,A,False,False,True,InWild,baseline,,variance_level,noise,A,high,True,,,spectrogram,"[""arch_effects""]",mcq,,,,,"{""branch"": ""noise"", ""is_stationary"": false, ""is_white_noise"": false, ""adf_pval"": 0.885969, ""kpss_pval"": 0.01, ""vision_confidence"": ""high""}",a multiple choice question,,False,,,,,,False,
12,trend analysis,noise,False,B,B,True,False,True,InWild,baseline,,ar_ma_process,noise,C,high,True,,,spectrogram,"[""arch_effects""]",mcq,,,,,"{""branch"": ""noise"", ""is_stationary"": false, ""is_white_noise"": false, ""adf_pval"": 0.885969, ""kpss_pval"": 0.01, ""vision_confidence"": ""high""}",a multiple choice question,,False,,,,,,False,
4,"trend analysis, analogical reasoning",trend,True,A,A,True,False,True,InWild,baseline,,change_point,trend,A,high,True,,,line_plot,"[""low_r2""]",mcq,,,,,"{""branch"": ""trend"", ""vision_confidence"": ""high""}",a binary question,,False,,,,,,False,
5,"trend analysis, deductive reasoning",trend,False,A,A,True,False,True,InWild,baseline,,direction,trend,A,high,True,,,line_plot,[],mcq,,,,,"{""branch"": ""trend"", ""direction"": ""increasing"", ""slope"": 1.225188, ""r2"": 0.875548, ""vision_confidence"": ""high""}",a binary question,,False,,,,,,False,
15,volatility analysis,noise,False,B,C,False,False,True,InWild,baseline,,variance_level,noise,C,high,True,,,spectrogram,[],mcq,,,,,"{""branch"": ""noise"", ""is_stationary"": false, ""is_white_noise"": false, ""adf_pval"": 0.230104, ""kpss_pval"": 0.01, ""vision_confidence"": ""high""}",a multiple choice question,,False,,,,,,False,
10,"trend analysis, deductive reasoning",causality,True,A,B,False,False,True,InWild,baseline,,lag_direction,causality,B,high,True,,,spectrogram,"[""granger_not_significant""]",mcq,,,,,"{""branch"": ""causality"", ""direction"": ""none"", ""best_lag"": 55, ""best_corr"": 0.82813, ""pval_12"": 1.0, ""pval_21"": 1.0, ""vision_confidence"": ""high""}",a multiple choice question,,False,,,,,,False,
7,deductive reasoning,trend,False,A,A,True,False,True,InWild,baseline,,direction,trend,A,high,True,,,line_plot,"[""low_r2""]",mcq,,,,,"{""branch"": ""trend"", ""vision_confidence"": ""high""}",a binary question,,False,,,,,,False,
14,trend analysis,noise,False,B,A,False,False,True,InWild,baseline,,ar_ma_process,noise,A,high,True,,,spectrogram,"[""arch_effects""]",mcq,,,,,"{""branch"": ""noise"", ""is_stationary"": false, ""is_white_noise"": false, ""adf_pval"": 0.897927, ""kpss_pval"": 0.01, ""vision_confidence"": ""high""}",a multiple choice question,,False,,,,,,False,
6,deductive reasoning,trend,False,A,D,False,False,True,InWild,baseline,,direction,trend,D,high,True,,,line_plot,"[""low_r2""]",mcq,,,,,"{""branch"": ""trend"", ""vision_confidence"": ""high""}",a multiple choice question,,False,,,,,,False,
13,"seasonality analysis, counterfactual reasoning",periodicity,False,A,B,False,False,True,InWild,baseline,,period_value,periodicity,B,high,True,,,spectrogram,[],mcq,,,,,"{""branch"": ""periodicity"", ""dominant_period_fft"": 24.0, ""period_reconciled"": 24.0, ""seasonal_strength"": 0.603983, ""vision_confidence"": ""high""}",a binary question,,False,,,,,,False,
9,"basic analysis, deductive reasoning",similarity,False,A,A,True,False,True,InWild,baseline,,statistical,similarity,A,high,True,,,line_plot,[],mcq,,,,,"{""branch"": ""similarity"", ""best_lag"": 0, ""vision_confidence"": ""high""}",a binary question,,False,,,,,,False,
8,"noise analysis, inductive reasoning",noise,False,A,A,True,False,True,InWild,baseline,,variance_level,noise,A,high,True,,,spectrogram,[],mcq,,,,,"{""branch"": ""noise"", ""is_stationary"": true, ""is_white_noise"": false, ""adf_pval"": 1e-06, ""kpss_pval"": 0.1, ""vision_confidence"": ""high""}",a binary question,,False,,,,,,False,
16,"seasonality analysis, counterfactual reasoning",similarity,False,A,D,False,False,True,InWild,baseline,,shape,similarity,D,high,True,,,line_plot,[],mcq,,,,,"{""branch"": ""similarity"", ""best_lag"": 0, ""vision_confidence"": ""high""}",a multiple choice question,,False,,,,,,False,
18,"noise analysis, deductive reasoning",noise,False,B,B,True,False,True,InWild,baseline,,white_noise,noise,B,high,True,,,spectrogram,"[""arch_effects""]",mcq,,,,,"{""branch"": ""noise"", ""is_stationary"": false, ""is_white_noise"": false, ""adf_pval"": 0.897927, ""kpss_pval"": 0.01, ""vision_confidence"": ""high""}",a binary question,,False,,,,,,False,
27,volatility analysis,similarity,True,B,C,False,False,False,InWild,baseline,,statistical,similarity,,,False,,,,[],mcq,,,,,"{""branch"": ""similarity"", ""best_lag"": 0}",a multiple choice question,,False,,,,,,False,
17,"basic analysis, deductive reasoning",noise,False,D,D,True,False,True,InWild,baseline,,stationarity,noise,D,high,True,,,spectrogram,"[""arch_effects""]",mcq,,,,,"{""branch"": ""noise"", ""is_stationary"": false, ""is_white_noise"": false, ""adf_pval"": 1.0, ""kpss_pval"": 0.01, ""vision_confidence"": ""high""}",a multiple choice question,,False,,,,,,False,
34,volatility analysis,noise,False,A,,False,False,False,InWild,baseline,,variance_level,noise,,,,,,,"[""arch_effects""]",numerical,,,no_quantity_match,,"{""branch"": ""noise"", ""is_stationary"": false, ""is_white_noise"": false, ""adf_pval"": 0.877974, ""kpss_pval"": 0.01}",a binary question,,False,,,,,,False,
29,"volatility analysis, inductive reasoning",similarity,True,C,C,True,False,False,InWild,baseline,,statistical,similarity,,,False,,,,[],mcq,,,,,"{""branch"": ""similarity"", ""best_lag"": 0}",a multiple choice question,,False,,,,,,False,
19,"seasonality analysis, causal reasoning",periodicity,False,B,B,True,False,True,InWild,baseline,,waveform_type,periodicity,B,high,True,,,line_plot,[],mcq,,,,,"{""branch"": ""periodicity"", ""vision_confidence"": ""high""}",a multiple choice question,,False,,,,,,False,
22,noise analysis,noise,False,B,B,True,False,True,InWild,baseline,,white_noise,noise,B,high,True,,,spectrogram,"[""arch_effects""]",mcq,,,,,"{""branch"": ""noise"", ""is_stationary"": false, ""is_white_noise"": false, ""adf_pval"": 0.897927, ""kpss_pval"": 0.01, ""vision_confidence"": ""high""}",a binary question,,False,,,,,,False,
21,"volatility analysis, causal reasoning",noise,False,A,A,True,False,True,InWild,baseline,,variance_level,noise,A,high,True,,,spectrogram,"[""arch_effects""]",mcq,,,,,"{""branch"": ""noise"", ""is_stationary"": false, ""is_white_noise"": false, ""adf_pval"": 0.897927, ""kpss_pval"": 0.01, ""vision_confidence"": ""high""}",a multiple choice question,,False,,,,,,False,
20,trend analysis,trend,False,D,D,True,False,True,InWild,baseline,,direction,trend,D,high,True,,,spectrogram,[],mcq,,,,,"{""branch"": ""trend"", ""direction"": ""increasing"", ""slope"": 0.352549, ""r2"": 0.874511, ""vision_confidence"": ""high""}",a multiple choice question,,False,,,,,,False,
24,inductive reasoning,similarity,False,C,C,True,False,True,InWild,baseline,,shape,similarity,C,high,True,,,line_plot,[],mcq,,,,,"{""branch"": ""similarity"", ""best_lag"": 0, ""vision_confidence"": ""high""}",a multiple choice question,,False,,,,,,False,
23,"basic analysis, inductive reasoning",periodicity,False,A,A,True,False,True,InWild,baseline,,period_value,periodicity,A,high,True,,,spectrogram,[],mcq,,,,,"{""branch"": ""periodicity"", ""dominant_period_fft"": 24.0, ""period_reconciled"": 24.0, ""seasonal_strength"": 0.709869, ""vision_confidence"": ""high""}",a multiple choice question,,False,,,,,,False,
26,"seasonality analysis, analogical reasoning",similarity,False,B,A,False,False,True,InWild,baseline,,shape,similarity,A,high,True,,,line_plot,[],mcq,,,,,"{""branch"": ""similarity"", ""best_lag"": 0, ""vision_confidence"": ""high""}",a binary question,,False,,,,,,False,
28,"seasonality analysis, deductive reasoning",periodicity,False,B,B,True,False,True,InWild,baseline,,period_value,periodicity,B,high,True,,,spectrogram,[],mcq,,,,,"{""branch"": ""periodicity"", ""vision_confidence"": ""high""}",a binary question,,False,,,,,,False,
25,"seasonality analysis, analogical reasoning",similarity,False,D,B,False,False,True,InWild,baseline,,shape,similarity,B,high,True,,,line_plot,[],mcq,,,,,"{""branch"": ""similarity"", ""best_lag"": 0, ""vision_confidence"": ""high""}",a multiple choice question,,False,,,,,,False,
33,"noise analysis, counterfactual reasoning",noise,False,B,A,False,False,True,InWild,baseline,,variance_level,noise,A,high,True,,,spectrogram,[],mcq,,,,,"{""branch"": ""noise"", ""is_stationary"": false, ""is_white_noise"": false, ""adf_pval"": 0.846658, ""kpss_pval"": 0.01, ""vision_confidence"": ""high""}",a binary question,,False,,,,,,False,
32,"volatility analysis, causal reasoning",anomaly,False,A,B,False,False,True,InWild,baseline,,point_anomaly,anomaly,B,high,True,,,line_plot,[],mcq,,,,,"{""branch"": ""anomaly"", ""vision_confidence"": ""high""}",a binary question,,False,,,,,,False,
30,"volatility analysis, deductive reasoning",noise,False,B,B,True,False,True,InWild,baseline,,variance_level,noise,B,high,True,,,spectrogram,"[""arch_effects""]",mcq,,,,,"{""branch"": ""noise"", ""is_stationary"": false, ""is_white_noise"": false, ""adf_pval"": 0.281488, ""kpss_pval"": 0.01, ""vision_confidence"": ""high""}",a binary question,,False,,,,,,False,
36,"basic analysis, inductive reasoning",periodicity,False,C,B,False,False,True,InWild,baseline,,period_value,periodicity,B,high,True,,,spectrogram,[],mcq,,,,,"{""branch"": ""periodicity"", ""dominant_period_fft"": 24.0, ""period_reconciled"": 24.0, ""seasonal_strength"": 0.618586, ""vision_confidence"": ""high""}",a multiple choice question,,False,,,,,,False,
31,analogical reasoning,similarity,False,A,B,False,False,True,InWild,baseline,,shape,similarity,B,high,True,,,line_plot,[],mcq,,,,,"{""branch"": ""similarity"", ""best_lag"": 0, ""vision_confidence"": ""high""}",a multiple choice question,,False,,,,,,False,
40,"basic analysis, analogical reasoning",trend,False,A,A,True,False,True,InWild,baseline,,direction,trend,A,high,True,,,line_plot,"[""low_r2""]",mcq,,,,,"{""branch"": ""trend"", ""direction"": ""increasing"", ""slope"": 4002.35051, ""r2"": 0.567896, ""vision_confidence"": ""high""}",a multiple choice question,,False,,,,,,False,
38,"basic analysis, analogical reasoning",similarity,False,B,B,True,False,True,InWild,baseline,,shape,similarity,B,high,True,,,line_plot,[],mcq,,,,,"{""branch"": ""similarity"", ""best_lag"": 0, ""vision_confidence"": ""high""}",a binary question,,False,,,,,,False,
39,inductive reasoning,trend,False,A,B,False,False,True,InWild,baseline,,change_point,trend,B,high,True,,,line_plot,"[""low_r2""]",mcq,,,,,"{""branch"": ""trend"", ""vision_confidence"": ""high""}",a binary question,,False,,,,,,False,
35,"trend analysis, deductive reasoning",trend,False,A,A,True,False,True,InWild,baseline,,change_point,trend,A,high,True,,,line_plot,"[""low_r2""]",mcq,,,,,"{""branch"": ""trend"", ""vision_confidence"": ""high""}",a binary question,,False,,,,,,False,
41,deductive reasoning,trend,False,A,B,False,False,True,InWild,baseline,,direction,trend,B,high,True,,,line_plot,"[""low_r2""]",mcq,,,,,"{""branch"": ""trend"", ""vision_confidence"": ""high""}",a binary question,,False,,,,,,False,
43,"volatility analysis, analogical reasoning",periodicity,False,B,B,True,False,True,InWild,baseline,,waveform_type,periodicity,B,high,True,,,line_plot,"[""fft_unreliable""]",mcq,,,,,"{""branch"": ""periodicity"", ""dominant_period_fft"": 180.0, ""period_reconciled"": 180.0, ""seasonal_strength"": 0.0, ""vision_confidence"": ""high""}",a binary question,,False,,,,,,False,
42,inductive reasoning,similarity,False,A,B,False,False,True,InWild,baseline,,statistical,similarity,B,high,True,,,spectrogram,[],mcq,,,,,"{""branch"": ""similarity"", ""best_lag"": 0, ""vision_confidence"": ""high""}",a binary question,,False,,,,,,False,
37,inductive reasoning,trend,False,B,B,True,False,True,InWild,baseline,,change_point,trend,B,high,True,,,line_plot,"[""low_r2""]",mcq,,,,,"{""branch"": ""trend"", ""vision_confidence"": ""high""}",a multiple choice question,,False,,,,,,False,
45,noise analysis,noise,True,C,A,False,False,True,InWild,baseline,,white_noise,noise,A,high,True,,,spectrogram,"[""arch_effects""]",mcq,,,,,"{""branch"": ""noise"", ""is_stationary"": false, ""is_white_noise"": false, ""adf_pval"": 0.956777, ""kpss_pval"": 0.01, ""vision_confidence"": ""high""}",a multiple choice question,,False,,,,,,False,
44,"trend analysis, deductive reasoning",trend,False,C,D,False,False,True,InWild,baseline,,change_point,trend,D,high,True,,,line_plot,"[""low_r2""]",mcq,,,,,"{""branch"": ""trend"", ""vision_confidence"": ""high""}",a multiple choice question,,False,,,,,,False,
49,"trend analysis, causal reasoning",trend,False,A,A,True,False,True,InWild,baseline,,direction,trend,A,high,True,,,line_plot,"[""low_r2""]",mcq,,,,,"{""branch"": ""trend"", ""direction"": ""increasing"", ""slope"": 1.207341, ""r2"": 0.61935, ""vision_confidence"": ""high""}",a binary question,,False,,,,,,False,
46,"basic analysis, deductive reasoning",trend,False,A,A,True,False,True,InWild,baseline,,change_point,trend,A,high,True,,,line_plot,"[""low_r2""]",mcq,,,,,"{""branch"": ""trend"", ""vision_confidence"": ""high""}",a binary question,,False,,,,,,False,
48,"trend analysis, inductive reasoning",periodicity,False,D,D,True,False,True,InWild,baseline,,waveform_type,periodicity,D,high,True,,,line_plot,"[""fft_unreliable""]",mcq,,,,,"{""branch"": ""periodicity"", ""vision_confidence"": ""high""}",a multiple choice question,,False,,,,,,False,
47,"noise analysis, deductive reasoning",noise,False,C,D,False,False,True,InWild,baseline,,variance_level,noise,D,high,True,,,spectrogram,"[""arch_effects""]",mcq,,,,,"{""branch"": ""noise"", ""is_stationary"": true, ""is_white_noise"": false, ""adf_pval"": 0.038889, ""kpss_pval"": 0.1, ""vision_confidence"": ""high""}",a multiple choice question,,False,,,,,,False,
60,"volatility analysis, analogical reasoning",periodicity,False,B,B,True,False,False,InWild,baseline,,waveform_type,periodicity,,,False,,,,[],mcq,,,,,"{""branch"": ""periodicity"", ""dominant_period_fft"": 24.0, ""period_reconciled"": 24.0, ""seasonal_strength"": 0.563081}",a multiple choice question,,False,,,,,,False,
50,"noise analysis, deductive reasoning",noise,False,B,D,False,False,True,InWild,baseline,,white_noise,noise,D,high,True,,,spectrogram,"[""arch_effects""]",mcq,,,,,"{""branch"": ""noise"", ""is_stationary"": true, ""is_white_noise"": false, ""adf_pval"": 0.038889, ""kpss_pval"": 0.1, ""vision_confidence"": ""high""}",a multiple choice question,,False,,,,,,False,
51,"basic analysis, deductive reasoning",trend,False,A,A,True,False,True,InWild,baseline,,change_point,trend,A,high,True,,,line_plot,[],mcq,,,,,"{""branch"": ""trend"", ""vision_confidence"": ""high""}",a multiple choice question,,False,,,,,,False,
53,basic analysis,periodicity,False,C,C,True,False,True,InWild,baseline,,waveform_type,periodicity,C,high,True,,,line_plot,"[""fft_unreliable""]",mcq,,,,,"{""branch"": ""periodicity"", ""vision_confidence"": ""high""}",a multiple choice question,,False,,,,,,False,
54,causal reasoning,trend,False,A,A,True,False,True,InWild,baseline,,direction,trend,A,high,True,,,line_plot,"[""low_r2""]",mcq,,,,,"{""branch"": ""trend"", ""vision_confidence"": ""high""}",a multiple choice question,,False,,,,,,False,
55,"volatility analysis, inductive reasoning",noise,False,C,D,False,False,True,InWild,baseline,,variance_level,noise,D,high,True,,,spectrogram,"[""arch_effects""]",mcq,,,,,"{""branch"": ""noise"", ""is_stationary"": true, ""is_white_noise"": false, ""adf_pval"": 0.006713, ""kpss_pval"": 0.1, ""vision_confidence"": ""high""}",a multiple choice question,,False,,,,,,False,
57,inductive reasoning,trend,False,C,C,True,False,True,InWild,baseline,,direction,trend,C,high,True,,,line_plot,[],mcq,,,,,"{""branch"": ""trend"", ""direction"": ""increasing"", ""slope"": 4.092822, ""r2"": 0.779064, ""vision_confidence"": ""high""}",a multiple choice question,,False,,,,,,False,
56,trend analysis,similarity,True,C,C,True,False,True,InWild,baseline,,statistical,similarity,C,high,True,,,line_plot,[],mcq,,,,,"{""branch"": ""similarity"", ""best_lag"": 20, ""vision_confidence"": ""high""}",a multiple choice question,,False,,,,,,False,
58,"volatility analysis, analogical reasoning",noise,False,B,A,False,False,True,InWild,baseline,,variance_level,noise,B,high,True,,,spectrogram,"[""arch_effects""]",mcq,,,,,"{""branch"": ""noise"", ""is_stationary"": false, ""is_white_noise"": false, ""adf_pval"": 0.446819, ""kpss_pval"": 0.045668, ""vision_confidence"": ""high""}",a binary question,,False,,,,,,False,
59,inductive reasoning,anomaly,True,B,B,True,False,True,InWild,baseline,,point_anomaly,anomaly,B,high,True,,,spectrogram,[],mcq,,,,,"{""branch"": ""anomaly"", ""vision_confidence"": ""high""}",a binary question,,False,,,,,,False,
61,volatility analysis,noise,False,B,D,False,False,True,InWild,baseline,,variance_level,noise,D,high,True,,,spectrogram,"[""arch_effects""]",mcq,,,,,"{""branch"": ""noise"", ""is_stationary"": true, ""is_white_noise"": false, ""adf_pval"": 0.006713, ""kpss_pval"": 0.1, ""vision_confidence"": ""high""}",a multiple choice question,,False,,,,,,False,
65,"basic analysis, counterfactual reasoning",anomaly,False,B,A,False,False,True,InWild,baseline,,point_anomaly,anomaly,A,high,True,,,spectrogram,[],mcq,,,,,"{""branch"": ""anomaly"", ""vision_confidence"": ""high""}",a binary question,,False,,,,,,False,
71,"seasonality analysis, counterfactual reasoning",anomaly,False,C,B,False,False,False,InWild,baseline,,point_anomaly,anomaly,,,False,,,,[],mcq,,,,,"{""branch"": ""anomaly""}",a multiple choice question,,False,,,,,,False,
64,noise analysis,periodicity,False,B,B,True,False,True,InWild,baseline,,waveform_type,periodicity,B,high,True,,,line_plot,[],mcq,,,,,"{""branch"": ""periodicity"", ""vision_confidence"": ""high""}",a multiple choice question,,False,,,,,,False,
63,"noise analysis, causal reasoning",noise,False,B,B,True,False,True,InWild,baseline,,white_noise,noise,B,high,True,,,spectrogram,"[""arch_effects""]",mcq,,,,,"{""branch"": ""noise"", ""is_stationary"": false, ""is_white_noise"": false, ""adf_pval"": 0.091872, ""kpss_pval"": 0.1, ""vision_confidence"": ""high""}",a multiple choice question,,False,,,,,,False,
75,counterfactual reasoning,trend,False,B,B,True,False,False,InWild,baseline,,change_point,trend,,,False,,,,[],mcq,,,,,"{""branch"": ""trend""}",a binary question,,False,,,,,,False,
69,volatility analysis,noise,False,B,B,True,False,True,InWild,baseline,,variance_level,noise,B,high,True,,,spectrogram,"[""arch_effects""]",mcq,,,,,"{""branch"": ""noise"", ""is_stationary"": true, ""is_white_noise"": false, ""adf_pval"": 7.2e-05, ""kpss_pval"": 0.1, ""vision_confidence"": ""high""}",a binary question,,False,,,,,,False,
66,"noise analysis, inductive reasoning",noise,False,C,C,True,False,True,InWild,baseline,,variance_level,noise,C,high,True,,,spectrogram,"[""arch_effects""]",mcq,,,,,"{""branch"": ""noise"", ""is_stationary"": false, ""is_white_noise"": false, ""adf_pval"": 0.091872, ""kpss_pval"": 0.1, ""vision_confidence"": ""high""}",a multiple choice question,,False,,,,,,False,
67,"basic analysis, inductive reasoning",periodicity,False,B,B,True,False,True,InWild,baseline,,waveform_type,periodicity,B,high,True,,,line_plot,"[""fft_unreliable""]",mcq,,,,,"{""branch"": ""periodicity"", ""vision_confidence"": ""high""}",a binary question,,False,,,,,,False,
68,trend analysis,noise,False,B,B,True,False,True,InWild,baseline,,white_noise,noise,B,high,True,,,spectrogram,"[""arch_effects""]",mcq,,,,,"{""branch"": ""noise"", ""is_stationary"": true, ""is_white_noise"": false, ""adf_pval"": 0.000259, ""kpss_pval"": 0.1, ""vision_confidence"": ""high""}",a binary question,,False,,,,,,False,
76,"basic analysis, deductive reasoning",periodicity,False,A,B,False,False,False,InWild,baseline,,period_value,periodicity,,,False,,,,[],mcq,,,,,"{""branch"": ""periodicity"", ""dominant_period_fft"": 24.0, ""period_reconciled"": 24.0, ""seasonal_strength"": 0.862525}",a binary question,,False,,,,,,False,
70,"seasonality analysis, inductive reasoning",periodicity,False,A,B,False,False,True,InWild,baseline,,period_value,periodicity,B,high,True,,,spectrogram,[],mcq,,,,,"{""branch"": ""periodicity"", ""dominant_period_fft"": 26.0, ""period_reconciled"": 26.0, ""seasonal_strength"": 0.670541, ""vision_confidence"": ""high""}",a binary question,,False,,,,,,False,
72,trend analysis,trend,False,B,B,True,False,True,InWild,baseline,,direction,trend,B,high,True,,,spectrogram,[],mcq,,,,,"{""branch"": ""trend"", ""vision_confidence"": ""high""}",a binary question,,False,,,,,,False,
74,"volatility analysis, analogical reasoning",noise,False,A,C,False,False,True,InWild,baseline,,variance_level,noise,C,high,True,,,spectrogram,"[""arch_effects""]",mcq,,,,,"{""branch"": ""noise"", ""is_stationary"": true, ""is_white_noise"": false, ""adf_pval"": 7.2e-05, ""kpss_pval"": 0.1, ""vision_confidence"": ""high""}",a multiple choice question,,False,,,,,,False,
77,"volatility analysis, inductive reasoning",noise,False,A,B,False,False,True,InWild,baseline,,variance_level,noise,B,high,True,,,spectrogram,"[""arch_effects""]",mcq,,,,,"{""branch"": ""noise"", ""is_stationary"": true, ""is_white_noise"": false, ""adf_pval"": 0.0, ""kpss_pval"": 0.1, ""vision_confidence"": ""high""}",a binary question,,False,,,,,,False,
80,inductive reasoning,anomaly,False,B,A,False,False,True,InWild,baseline,,point_anomaly,anomaly,A,high,True,,,spectrogram,[],mcq,,,,,"{""branch"": ""anomaly"", ""vision_confidence"": ""high""}",a binary question,,False,,,,,,False,
73,"seasonality analysis, counterfactual reasoning",periodicity,False,A,D,False,False,True,InWild,baseline,,waveform_type,periodicity,D,high,True,,,line_plot,"[""fft_unreliable""]",mcq,,,,,"{""branch"": ""periodicity"", ""vision_confidence"": ""high""}",a multiple choice question,,False,,,,,,False,
78,analogical reasoning,trend,False,A,D,False,False,True,InWild,baseline,,change_point,trend,D,high,True,,,line_plot,"[""low_r2""]",mcq,,,,,"{""branch"": ""trend"", ""vision_confidence"": ""high""}",a multiple choice question,,False,,,,,,False,
86,"volatility analysis, inductive reasoning",similarity,False,A,D,False,False,True,InWild,baseline,,statistical,similarity,D,high,True,,,line_plot,[],mcq,,,,,"{""branch"": ""similarity"", ""best_lag"": 0, ""vision_confidence"": ""high""}",a multiple choice question,,False,,,,,,False,
88,trend analysis,trend,False,B,A,False,False,True,InWild,baseline,,direction,trend,A,high,True,,,line_plot,"[""low_r2""]",mcq,,,,,"{""branch"": ""trend"", ""direction"": ""increasing"", ""slope"": 0.000498, ""r2"": 0.002111, ""vision_confidence"": ""high""}",a multiple choice question,,False,,,,,,False,
87,inductive reasoning,trend,False,B,B,True,False,True,InWild,baseline,,direction,trend,B,high,True,,,line_plot,"[""low_r2""]",mcq,,,,,"{""branch"": ""trend"", ""direction"": ""increasing"", ""slope"": 0.000498, ""r2"": 0.002111, ""vision_confidence"": ""high""}",a multiple choice question,,False,,,,,,False,
85,analogical reasoning,trend,False,A,A,True,False,True,InWild,baseline,,functional_form,trend,A,high,True,,,line_plot,"[""low_r2""]",mcq,,,,,"{""branch"": ""trend"", ""vision_confidence"": ""high""}",a multiple choice question,,False,,,,,,False,
83,counterfactual reasoning,similarity,True,A,A,True,False,True,InWild,baseline,,statistical,similarity,A,high,True,,,spectrogram,[],mcq,,,,,"{""branch"": ""similarity"", ""best_lag"": 19, ""vision_confidence"": ""high""}",a binary question,,False,,,,,,False,
89,"trend analysis, analogical reasoning",noise,False,B,C,False,False,True,InWild,baseline,,ar_ma_process,noise,C,high,True,,,spectrogram,"[""arch_effects""]",mcq,,,,,"{""branch"": ""noise"", ""is_stationary"": false, ""is_white_noise"": false, ""adf_pval"": 0.051273, ""kpss_pval"": 0.1, ""vision_confidence"": ""high""}",a multiple choice question,,False,,,,,,False,
92,inductive reasoning,trend,False,B,B,True,False,True,InWild,baseline,,direction,trend,B,high,True,,,spectrogram,"[""low_r2""]",mcq,,,,,"{""branch"": ""trend"", ""vision_confidence"": ""high""}",a binary question,,False,,,,,,False,
62,"trend analysis, causal reasoning",anomaly,False,B,B,True,False,True,InWild,baseline,,pattern_flip,anomaly,B,high,True,,,spectrogram,[],mcq,,,,,"{""branch"": ""anomaly"", ""vision_confidence"": ""high""}",a binary question,,False,,,,,,False,
90,"volatility analysis, deductive reasoning",noise,False,A,B,False,False,True,InWild,baseline,,variance_level,noise,B,high,True,,,spectrogram,"[""arch_effects""]",mcq,,,,,"{""branch"": ""noise"", ""is_stationary"": true, ""is_white_noise"": false, ""adf_pval"": 0.0, ""kpss_pval"": 0.1, ""vision_confidence"": ""high""}",a binary question,,False,,,,,,False,
95,deductive reasoning,trend,False,A,A,True,False,False,InWild,baseline,,change_point,trend,,,False,,,,[],mcq,,,,,"{""branch"": ""trend""}",a multiple choice question,,False,,,,,,False,
93,"volatility analysis, deductive reasoning",noise,False,D,C,False,False,True,InWild,baseline,,variance_level,noise,C,high,True,,,spectrogram,"[""adf_kpss_disagree""]",mcq,,,,,"{""branch"": ""noise"", ""is_stationary"": false, ""is_white_noise"": false, ""adf_pval"": 0.257985, ""kpss_pval"": 0.1, ""vision_confidence"": ""high""}",a multiple choice question,,False,,,,,,False,
52,"trend analysis, analogical reasoning",similarity,False,A,B,False,False,True,InWild,baseline,,statistical,similarity,B,high,True,,,line_plot,[],mcq,,,,,"{""branch"": ""similarity"", ""best_lag"": 0, ""vision_confidence"": ""high""}",a binary question,,False,,,,,,False,
105,counterfactual reasoning,trend,False,A,A,True,False,False,InWild,baseline,,change_point,trend,,,False,,,,[],mcq,,,,,"{""branch"": ""trend""}",a binary question,,False,,,,,,False,
98,causal reasoning,causality,False,D,D,True,False,True,InWild,baseline,,lag_direction,causality,D,high,True,,,spectrogram,"[""granger_not_significant""]",mcq,,,,,"{""branch"": ""causality"", ""direction"": ""none"", ""best_lag"": 0, ""best_corr"": 1.0, ""pval_12"": 1.0, ""pval_21"": 1.0, ""vision_confidence"": ""high""}",a multiple choice question,,False,,,,,,False,
97,seasonality analysis,periodicity,False,A,B,False,False,True,InWild,baseline,,waveform_type,periodicity,B,high,True,,,line_plot,[],mcq,,,,,"{""branch"": ""periodicity"", ""dominant_period_fft"": 24.0, ""period_reconciled"": 24.0, ""seasonal_strength"": 0.891134, ""vision_confidence"": ""high""}",a binary question,,False,,,,,,False,
106,volatility analysis,similarity,True,A,A,True,False,False,InWild,baseline,,statistical,similarity,,,False,,,,[],mcq,,,,,"{""branch"": ""similarity"", ""best_lag"": -7}",a binary question,,False,,,,,,False,
102,"noise analysis, analogical reasoning",similarity,True,D,C,False,False,True,InWild,baseline,,statistical,similarity,C,high,True,,,line_plot,[],mcq,,,,,"{""branch"": ""similarity"", ""best_lag"": -7, ""vision_confidence"": ""high""}",a multiple choice question,,False,,,,,,False,
108,"basic analysis, deductive reasoning",periodicity,False,B,B,True,False,False,InWild,baseline,,period_value,periodicity,,,False,,,,[],mcq,,,,,"{""branch"": ""periodicity"", ""dominant_period_fft"": 24.0, ""period_reconciled"": 24.0, ""seasonal_strength"": 0.728166}",a binary question,,False,,,,,,False,
107,"basic analysis, counterfactual reasoning",anomaly,False,A,B,False,False,False,InWild,baseline,,point_anomaly,anomaly,,,False,,,,[],mcq,,,,,"{""branch"": ""anomaly"", ""outlier_count"": 3, ""max_deviation"": 5.395723}",a binary question,,False,,,,,,False,
104,deductive reasoning,anomaly,True,C,A,False,False,True,InWild,baseline,,point_anomaly,anomaly,A,high,True,,,spectrogram,[],mcq,,,,,"{""branch"": ""anomaly"", ""vision_confidence"": ""high""}",a multiple choice question,,False,,,,,,False,
110,"seasonality analysis, inductive reasoning",periodicity,False,A,C,False,False,True,InWild,baseline,,waveform_type,periodicity,C,high,True,,,line_plot,"[""fft_unreliable""]",mcq,,,,,"{""branch"": ""periodicity"", ""vision_confidence"": ""high""}",a multiple choice question,,False,,,,,,False,
112,"trend analysis, deductive reasoning",trend,False,D,D,True,False,True,InWild,baseline,,direction,trend,D,high,True,,,line_plot,"[""low_r2""]",mcq,,,,,"{""branch"": ""trend"", ""direction"": ""increasing"", ""slope"": 16.377563, ""r2"": 0.527044, ""vision_confidence"": ""high""}",a multiple choice question,,False,,,,,,False,
111,analogical reasoning,similarity,False,B,B,True,False,True,InWild,baseline,,shape,similarity,B,high,True,,,line_plot,[],mcq,,,,,"{""branch"": ""similarity"", ""best_lag"": 0, ""vision_confidence"": ""high""}",a binary question,,False,,,,,,False,
114,basic analysis,similarity,False,B,B,True,False,True,InWild,baseline,,statistical,similarity,B,high,True,,,line_plot,[],mcq,,,,,"{""branch"": ""similarity"", ""best_lag"": 0, ""vision_confidence"": ""high""}",a binary question,,False,,,,,,False,
99,"trend analysis, causal reasoning",trend,False,A,A,True,False,True,InWild,baseline,,direction,trend,A,high,True,,,line_plot,"[""low_r2""]",mcq,,,,,"{""branch"": ""trend"", ""direction"": ""flat"", ""slope"": 0.000205, ""r2"": 6.2e-05, ""vision_confidence"": ""high""}",a binary question,,False,,,,,,False,
115,"noise analysis, deductive reasoning",noise,False,D,B,False,False,True,InWild,baseline,,variance_level,noise,B,high,True,,,spectrogram,"[""adf_kpss_disagree"", ""arch_effects""]",mcq,,,,,"{""branch"": ""noise"", ""is_stationary"": false, ""is_white_noise"": false, ""adf_pval"": 0.012051, ""kpss_pval"": 0.01, ""vision_confidence"": ""high""}",a multiple choice question,,False,,,,,,False,
81,"volatility analysis, counterfactual reasoning",trend,False,D,C,False,False,True,InWild,baseline,,change_point,trend,C,high,True,,,line_plot,"[""low_r2""]",mcq,,,,,"{""branch"": ""trend"", ""vision_confidence"": ""high""}",a multiple choice question,,False,,,,,,False,
109,seasonality analysis,periodicity,False,B,B,True,False,True,InWild,baseline,,period_value,periodicity,B,high,True,,,spectrogram,"[""fft_unreliable""]",mcq,,,,,"{""branch"": ""periodicity"", ""vision_confidence"": ""high""}",a binary question,,False,,,,,,False,
113,inductive reasoning,noise,False,A,A,True,False,True,InWild,baseline,,stationarity,noise,B,high,True,,,spectrogram,"[""arch_effects""]",mcq,,,,,"{""branch"": ""noise"", ""is_stationary"": true, ""is_white_noise"": false, ""adf_pval"": 0.000326, ""kpss_pval"": 0.1, ""vision_confidence"": ""high""}",a binary question,,False,,,,,,False,
117,counterfactual reasoning,periodicity,False,A,B,False,False,True,InWild,baseline,,waveform_type,periodicity,B,high,True,,,line_plot,"[""fft_unreliable""]",mcq,,,,,"{""branch"": ""periodicity"", ""vision_confidence"": ""high""}",a multiple choice question,,False,,,,,,False,
120,volatility analysis,noise,False,A,A,True,False,True,InWild,baseline,,variance_level,noise,B,high,True,,,spectrogram,"[""adf_kpss_disagree"", ""arch_effects""]",mcq,,,,,"{""branch"": ""noise"", ""is_stationary"": false, ""is_white_noise"": false, ""adf_pval"": 0.012051, ""kpss_pval"": 0.01, ""vision_confidence"": ""high""}",a binary question,,False,,,,,,False,
121,"volatility analysis, counterfactual reasoning",noise,False,D,B,False,False,True,InWild,baseline,,variance_level,noise,B,high,True,,,spectrogram,"[""adf_kpss_disagree"", ""arch_effects""]",mcq,,,,,"{""branch"": ""noise"", ""is_stationary"": false, ""is_white_noise"": false, ""adf_pval"": 0.012051, ""kpss_pval"": 0.01, ""vision_confidence"": ""high""}",a multiple choice question,,False,,,,,,False,
122,"volatility analysis, deductive reasoning",periodicity,False,A,A,True,False,True,InWild,baseline,,period_change,periodicity,A,high,True,,,line_plot,"[""fft_unreliable""]",mcq,,,,,"{""branch"": ""periodicity"", ""vision_confidence"": ""high""}",a multiple choice question,,False,,,,,,False,
123,"seasonality analysis, deductive reasoning",periodicity,False,A,A,True,False,True,InWild,baseline,,period_change,periodicity,A,high,True,,,line_plot,[],mcq,,,,,"{""branch"": ""periodicity"", ""vision_confidence"": ""high""}",a multiple choice question,,False,,,,,,False,
125,"noise analysis, causal reasoning",noise,False,B,B,True,False,True,InWild,baseline,,white_noise,noise,B,high,True,,,spectrogram,"[""arch_effects""]",mcq,,,,,"{""branch"": ""noise"", ""is_stationary"": true, ""is_white_noise"": false, ""adf_pval"": 2.2e-05, ""kpss_pval"": 0.1, ""vision_confidence"": ""high""}",a binary question,,False,,,,,,False,
126,noise analysis,noise,False,A,B,False,False,True,InWild,baseline,,variance_level,noise,B,high,True,,,spectrogram,"[""arch_effects""]",mcq,,,,,"{""branch"": ""noise"", ""is_stationary"": true, ""is_white_noise"": false, ""adf_pval"": 2.2e-05, ""kpss_pval"": 0.1, ""vision_confidence"": ""high""}",a binary question,,False,,,,,,False,
128,noise analysis,noise,False,A,B,False,False,True,InWild,baseline,,white_noise,noise,B,high,True,,,spectrogram,"[""arch_effects""]",mcq,,,,,"{""branch"": ""noise"", ""is_stationary"": false, ""is_white_noise"": false, ""adf_pval"": 0.623425, ""kpss_pval"": 0.01, ""vision_confidence"": ""high""}",a binary question,,False,,,,,,False,
127,"seasonality analysis, deductive reasoning",similarity,False,A,A,True,False,True,InWild,baseline,,shape,similarity,A,high,True,,,spectrogram,[],mcq,,,,,"{""branch"": ""similarity"", ""best_lag"": 0, ""vision_confidence"": ""high""}",a multiple choice question,,False,,,,,,False,
96,"trend analysis, counterfactual reasoning",trend,False,D,D,True,False,True,InWild,baseline,,change_point,trend,D,high,True,,,line_plot,"[""low_r2""]",mcq,,,,,"{""branch"": ""trend"", ""vision_confidence"": ""high""}",a multiple choice question,,False,,,,,,False,
129,trend analysis,trend,False,B,B,True,False,True,InWild,baseline,,direction,trend,B,high,True,,,line_plot,"[""low_r2""]",mcq,,,,,"{""branch"": ""trend"", ""direction"": ""increasing"", ""slope"": 0.000401, ""r2"": 0.000874, ""vision_confidence"": ""high""}",a binary question,,False,,,,,,False,
132,"noise analysis, analogical reasoning",noise,False,A,B,False,False,True,InWild,baseline,,white_noise,noise,B,high,True,,,spectrogram,[],mcq,,,,,"{""branch"": ""noise"", ""is_stationary"": false, ""is_white_noise"": false, ""adf_pval"": 0.128164, ""kpss_pval"": 0.015769, ""vision_confidence"": ""high""}",a binary question,,False,,,,,,False,
131,"trend analysis, deductive reasoning",trend,False,B,C,False,False,True,InWild,baseline,,change_point,trend,C,high,True,,,line_plot,"[""low_r2""]",mcq,,,,,"{""branch"": ""trend"", ""vision_confidence"": ""high""}",a multiple choice question,,False,,,,,,False,
133,trend analysis,trend,False,B,C,False,False,True,InWild,baseline,,direction,trend,C,high,True,,,spectrogram,"[""low_r2""]",mcq,,,,,"{""branch"": ""trend"", ""vision_confidence"": ""high""}",a multiple choice question,,False,,,,,,False,
91,"basic analysis, counterfactual reasoning",periodicity,False,B,B,True,False,True,InWild,baseline,,amplitude_change,periodicity,B,high,True,,,line_plot,"[""fft_unreliable""]",mcq,,,,,"{""branch"": ""periodicity"", ""vision_confidence"": ""high""}",a binary question,,False,,,,,,False,
100,"seasonality analysis, causal reasoning",periodicity,False,C,C,True,False,True,InWild,baseline,,period_value,periodicity,C,high,True,,,spectrogram,[],mcq,,,,,"{""branch"": ""periodicity"", ""dominant_period_fft"": 24.0, ""period_reconciled"": 24.0, ""seasonal_strength"": 0.80132, ""vision_confidence"": ""high""}",a multiple choice question,,False,,,,,,False,
119,"volatility analysis, causal reasoning",anomaly,False,C,A,False,False,True,InWild,baseline,,point_anomaly,anomaly,A,high,True,,,spectrogram,[],mcq,,,,,"{""branch"": ""anomaly"", ""vision_confidence"": ""high""}",a multiple choice question,,False,,,,,,False,
134,"basic analysis, deductive reasoning",trend,False,A,A,True,False,True,InWild,baseline,,direction,trend,A,high,True,,,line_plot,[],mcq,,,,,"{""branch"": ""trend"", ""direction"": ""increasing"", ""slope"": 10.155972, ""r2"": 0.919581, ""vision_confidence"": ""high""}",a multiple choice question,,False,,,,,,False,
135,"trend analysis, inductive reasoning",trend,False,A,B,False,False,True,InWild,baseline,,direction,trend,B,high,True,,,line_plot,"[""low_r2""]",mcq,,,,,"{""branch"": ""trend"", ""vision_confidence"": ""high""}",a binary question,,False,,,,,,False,
84,"seasonality analysis, inductive reasoning",periodicity,False,B,A,False,False,True,InWild,baseline,,waveform_type,periodicity,A,high,True,,,line_plot,[],mcq,,,,,"{""branch"": ""periodicity"", ""vision_confidence"": ""high""}",a binary question,,False,,,,,,False,
124,"trend analysis, deductive reasoning",trend,False,B,B,True,False,True,InWild,baseline,,direction,trend,B,high,True,,,line_plot,"[""low_r2""]",mcq,,,,,"{""branch"": ""trend"", ""vision_confidence"": ""high""}",a binary question,,False,,,,,,False,
136,"trend analysis, counterfactual reasoning",trend,False,A,B,False,False,True,InWild,baseline,,direction,trend,B,high,True,,,line_plot,"[""low_r2""]",mcq,,,,,"{""branch"": ""trend"", ""vision_confidence"": ""high""}",a binary question,,False,,,,,,False,
141,"trend analysis, counterfactual reasoning",trend,False,A,B,False,False,False,InWild,baseline,,change_point,trend,,,False,,,,[],mcq,,,,,"{""branch"": ""trend""}",a binary question,,False,,,,,,False,
94,inductive reasoning,periodicity,False,B,A,False,False,True,InWild,baseline,,period_value,periodicity,A,high,True,,,spectrogram,[],mcq,,,,,"{""branch"": ""periodicity"", ""dominant_period_fft"": 24.0, ""period_reconciled"": 24.0, ""seasonal_strength"": 0.891134, ""vision_confidence"": ""high""}",a binary question,,False,,,,,,False,
143,"basic analysis, deductive reasoning",noise,False,B,A,False,False,True,InWild,baseline,,white_noise,noise,A,high,True,,,spectrogram,[],mcq,,,,,"{""branch"": ""noise"", ""is_stationary"": true, ""is_white_noise"": false, ""adf_pval"": 0.0, ""kpss_pval"": 0.1, ""vision_confidence"": ""high""}",a binary question,,False,,,,,,False,
144,seasonality analysis,periodicity,False,B,C,False,False,True,InWild,baseline,,period_value,periodicity,C,high,True,,,spectrogram,"[""fft_unreliable""]",mcq,,,,,"{""branch"": ""periodicity"", ""dominant_period_fft"": 78.0, ""period_reconciled"": 78.0, ""seasonal_strength"": 0.0, ""vision_confidence"": ""high""}",a multiple choice question,,False,,,,,,False,
142,"basic analysis, deductive reasoning",noise,False,A,A,True,False,True,InWild,baseline,,ar_ma_process,noise,A,high,True,,,spectrogram,"[""adf_kpss_disagree"", ""arch_effects""]",mcq,,,,,"{""branch"": ""noise"", ""is_stationary"": false, ""is_white_noise"": false, ""adf_pval"": 0.254911, ""kpss_pval"": 0.1, ""vision_confidence"": ""high""}",a multiple choice question,,False,,,,,,False,
145,"noise analysis, inductive reasoning",noise,False,B,B,True,False,True,InWild,baseline,,variance_level,noise,B,high,True,,,spectrogram,"[""arch_effects""]",mcq,,,,,"{""branch"": ""noise"", ""is_stationary"": false, ""is_white_noise"": false, ""adf_pval"": 0.989024, ""kpss_pval"": 0.01, ""vision_confidence"": ""high""}",a binary question,,False,,,,,,False,
82,causal reasoning,trend,False,A,A,True,False,True,InWild,baseline,,change_point,trend,A,high,True,,,line_plot,"[""low_r2""]",mcq,,,,,"{""branch"": ""trend"", ""vision_confidence"": ""high""}",a multiple choice question,,False,,,,,,False,
148,"volatility analysis, causal reasoning",noise,False,B,B,True,False,True,InWild,baseline,,variance_level,noise,A,high,True,,,spectrogram,"[""adf_kpss_disagree"", ""arch_effects""]",mcq,,,,,"{""branch"": ""noise"", ""is_stationary"": false, ""is_white_noise"": false, ""adf_pval"": 0.254911, ""kpss_pval"": 0.1, ""vision_confidence"": ""high""}",a binary question,,False,,,,,,False,
146,basic analysis,periodicity,False,C,D,False,False,True,InWild,baseline,,period_value,periodicity,D,high,True,,,spectrogram,[],mcq,,,,,"{""branch"": ""periodicity"", ""dominant_period_fft"": 24.0, ""period_reconciled"": 24.0, ""seasonal_strength"": 0.897654, ""vision_confidence"": ""high""}",a multiple choice question,,False,,,,,,False,
101,basic analysis,periodicity,False,B,B,True,False,True,InWild,baseline,,period_value,periodicity,B,high,True,,,spectrogram,[],mcq,,,,,"{""branch"": ""periodicity"", ""dominant_period_fft"": 24.0, ""period_reconciled"": 24.0, ""seasonal_strength"": 0.80132, ""vision_confidence"": ""high""}",a multiple choice question,,False,,,,,,False,
151,"volatility analysis, counterfactual reasoning",noise,False,B,B,True,False,True,InWild,baseline,,variance_level,noise,B,high,True,,,spectrogram,"[""arch_effects""]",mcq,,,,,"{""branch"": ""noise"", ""is_stationary"": true, ""is_white_noise"": false, ""adf_pval"": 0.005445, ""kpss_pval"": 0.1, ""vision_confidence"": ""high""}",a binary question,,False,,,,,,False,
149,"seasonality analysis, inductive reasoning",similarity,False,D,C,False,False,True,InWild,baseline,,shape,similarity,C,high,True,,,line_plot,[],mcq,,,,,"{""branch"": ""similarity"", ""best_lag"": 0, ""vision_confidence"": ""high""}",a multiple choice question,,False,,,,,,False,
150,basic analysis,trend,False,A,A,True,False,True,InWild,baseline,,change_point,trend,A,high,True,,,line_plot,[],mcq,,,,,"{""branch"": ""trend"", ""vision_confidence"": ""high""}",a multiple choice question,,False,,,,,,False,
147,basic analysis,periodicity,False,B,B,True,False,True,InWild,baseline,,period_value,periodicity,B,high,True,,,spectrogram,[],mcq,,,,,"{""branch"": ""periodicity"", ""dominant_period_fft"": 24.0, ""period_reconciled"": 24.0, ""seasonal_strength"": 0.897654, ""vision_confidence"": ""high""}",a multiple choice question,,False,,,,,,False,
116,"basic analysis, inductive reasoning",anomaly,False,A,B,False,False,True,InWild,baseline,,point_anomaly,anomaly,B,high,True,,,spectrogram,[],mcq,,,,,"{""branch"": ""anomaly"", ""vision_confidence"": ""high""}",a binary question,,False,,,,,,False,
152,"volatility analysis, analogical reasoning",similarity,False,A,B,False,False,True,InWild,baseline,,shape,similarity,B,high,True,,,line_plot,[],mcq,,,,,"{""branch"": ""similarity"", ""best_lag"": 0, ""vision_confidence"": ""high""}",a binary question,,False,,,,,,False,
79,analogical reasoning,similarity,False,B,A,False,False,True,InWild,baseline,,shape,similarity,A,high,True,,,line_plot,[],mcq,,,,,"{""branch"": ""similarity"", ""best_lag"": 0, ""vision_confidence"": ""high""}",a binary question,,False,,,,,,False,
157,"noise analysis, analogical reasoning",noise,False,B,B,True,False,True,InWild,baseline,,white_noise,noise,B,high,True,,,spectrogram,"[""arch_effects""]",mcq,,,,,"{""branch"": ""noise"", ""is_stationary"": true, ""is_white_noise"": false, ""adf_pval"": 0.041352, ""kpss_pval"": 0.1, ""vision_confidence"": ""high""}",a binary question,,False,,,,,,False,
153,"basic analysis, counterfactual reasoning",similarity,False,A,B,False,False,True,InWild,baseline,,statistical,similarity,B,high,True,,,line_plot,[],mcq,,,,,"{""branch"": ""similarity"", ""best_lag"": 0, ""vision_confidence"": ""high""}",a binary question,,False,,,,,,False,
158,"trend analysis, inductive reasoning",trend,False,B,B,True,False,True,InWild,baseline,,change_point,trend,B,high,True,,,line_plot,"[""low_r2""]",mcq,,,,,"{""branch"": ""trend"", ""vision_confidence"": ""high""}",a multiple choice question,,False,,,,,,False,
159,"noise analysis, deductive reasoning",noise,False,C,B,False,False,True,InWild,baseline,,variance_level,noise,B,high,True,,,spectrogram,"[""arch_effects""]",mcq,,,,,"{""branch"": ""noise"", ""is_stationary"": false, ""is_white_noise"": false, ""adf_pval"": 0.663406, ""kpss_pval"": 0.01, ""vision_confidence"": ""high""}",a multiple choice question,,False,,,,,,False,
139,"noise analysis, analogical reasoning",noise,False,B,B,True,False,True,InWild,baseline,,white_noise,noise,A,high,True,,,spectrogram,[],mcq,,,,,"{""branch"": ""noise"", ""is_stationary"": false, ""is_white_noise"": false, ""adf_pval"": 0.420533, ""kpss_pval"": 0.023039, ""vision_confidence"": ""high""}",a binary question,,False,,,,,,False,
160,"seasonality analysis, analogical reasoning",similarity,False,D,C,False,False,True,InWild,baseline,,shape,similarity,C,high,True,,,spectrogram,[],mcq,,,,,"{""branch"": ""similarity"", ""best_lag"": 0, ""vision_confidence"": ""high""}",a multiple choice question,,False,,,,,,False,
140,"basic analysis, counterfactual reasoning",similarity,False,A,B,False,False,True,InWild,baseline,,statistical,similarity,B,high,True,,,line_plot,[],mcq,,,,,"{""branch"": ""similarity"", ""best_lag"": 0, ""vision_confidence"": ""high""}",a binary question,,False,,,,,,False,
161,causal reasoning,trend,False,A,A,True,False,True,InWild,baseline,,change_point,trend,A,high,True,,,line_plot,"[""low_r2""]",mcq,,,,,"{""branch"": ""trend"", ""vision_confidence"": ""high""}",a binary question,,False,,,,,,False,
162,trend analysis,similarity,True,B,B,True,False,True,InWild,baseline,,statistical,similarity,B,high,True,,,line_plot,[],mcq,,,,,"{""branch"": ""similarity"", ""best_lag"": 20, ""vision_confidence"": ""high""}",a binary question,,False,,,,,,False,
137,"trend analysis, analogical reasoning",noise,False,B,B,True,False,True,InWild,baseline,,ar_ma_process,noise,B,high,True,,,spectrogram,"[""arch_effects""]",mcq,,,,,"{""branch"": ""noise"", ""is_stationary"": true, ""is_white_noise"": false, ""adf_pval"": 0.005762, ""kpss_pval"": 0.1, ""vision_confidence"": ""high""}",a binary question,,False,,,,,,False,
163,basic analysis,similarity,True,A,A,True,False,True,InWild,baseline,,statistical,similarity,A,high,True,,,line_plot,[],mcq,,,,,"{""branch"": ""similarity"", ""best_lag"": -20, ""vision_confidence"": ""high""}",a binary question,,False,,,,,,False,
130,trend analysis,noise,False,B,A,False,False,True,InWild,baseline,,ar_ma_process,noise,A,high,True,,,spectrogram,"[""arch_effects""]",mcq,,,,,"{""branch"": ""noise"", ""is_stationary"": true, ""is_white_noise"": false, ""adf_pval"": 0.005762, ""kpss_pval"": 0.1, ""vision_confidence"": ""high""}",a binary question,,False,,,,,,False,
166,basic analysis,noise,False,A,C,False,False,True,InWild,baseline,,stationarity,noise,C,high,True,,,spectrogram,"[""arch_effects""]",mcq,,,,,"{""branch"": ""noise"", ""is_stationary"": false, ""is_white_noise"": false, ""adf_pval"": 0.625204, ""kpss_pval"": 0.03854, ""vision_confidence"": ""high""}",a multiple choice question,,False,,,,,,False,
167,"seasonality analysis, inductive reasoning",periodicity,False,B,B,True,False,True,InWild,baseline,,period_value,periodicity,B,high,True,,,spectrogram,"[""fft_unreliable""]",mcq,,,,,"{""branch"": ""periodicity"", ""dominant_period_fft"": 78.0, ""period_reconciled"": 78.0, ""seasonal_strength"": 0.379852, ""vision_confidence"": ""high""}",a multiple choice question,,False,,,,,,False,
168,"seasonality analysis, analogical reasoning",periodicity,False,C,D,False,False,True,InWild,baseline,,waveform_type,periodicity,D,high,True,,,line_plot,"[""fft_unreliable""]",mcq,,,,,"{""branch"": ""periodicity"", ""vision_confidence"": ""high""}",a multiple choice question,,False,,,,,,False,
156,"volatility analysis, analogical reasoning",similarity,False,A,C,False,False,True,InWild,baseline,,shape,similarity,C,high,True,,,line_plot,[],mcq,,,,,"{""branch"": ""similarity"", ""best_lag"": 0, ""vision_confidence"": ""high""}",a multiple choice question,,False,,,,,,False,
169,"volatility analysis, causal reasoning",noise,False,B,B,True,False,True,InWild,baseline,,variance_level,noise,B,high,True,,,spectrogram,"[""adf_kpss_disagree""]",mcq,,,,,"{""branch"": ""noise"", ""is_stationary"": false, ""is_white_noise"": false, ""adf_pval"": 0.0, ""kpss_pval"": 0.013237, ""vision_confidence"": ""high""}",a binary question,,False,,,,,,False,
170,noise analysis,noise,False,B,B,True,False,True,InWild,baseline,,variance_level,noise,A,high,True,,,spectrogram,"[""adf_kpss_disagree"", ""arch_effects""]",mcq,,,,,"{""branch"": ""noise"", ""is_stationary"": false, ""is_white_noise"": false, ""adf_pval"": 0.006172, ""kpss_pval"": 0.01, ""vision_confidence"": ""high""}",a multiple choice question,,False,,,,,,False,
171,"volatility analysis, deductive reasoning",periodicity,False,A,A,True,False,True,InWild,baseline,,waveform_type,periodicity,A,high,True,,,line_plot,"[""fft_unreliable""]",mcq,,,,,"{""branch"": ""periodicity"", ""vision_confidence"": ""high""}",a binary question,,False,,,,,,False,
174,volatility analysis,noise,False,B,B,True,False,True,InWild,baseline,,ar_ma_process,noise,B,high,True,,,spectrogram,"[""adf_kpss_disagree"", ""arch_effects""]",mcq,,,,,"{""branch"": ""noise"", ""is_stationary"": false, ""is_white_noise"": false, ""adf_pval"": 0.006172, ""kpss_pval"": 0.01, ""vision_confidence"": ""high""}",a binary question,,False,,,,,,False,
172,seasonality analysis,periodicity,False,A,B,False,False,True,InWild,baseline,,period_value,periodicity,B,high,True,,,spectrogram,[],mcq,,,,,"{""branch"": ""periodicity"", ""dominant_period_fft"": 24.0, ""period_reconciled"": 24.0, ""seasonal_strength"": 0.745523, ""vision_confidence"": ""high""}",a multiple choice question,,False,,,,,,False,
175,"basic analysis, deductive reasoning",trend,False,A,A,True,False,True,InWild,baseline,,direction,trend,A,high,True,,,line_plot,"[""low_r2""]",mcq,,,,,"{""branch"": ""trend"", ""direction"": ""decreasing"", ""slope"": -3.797969, ""r2"": 0.173333, ""vision_confidence"": ""high""}",a binary question,,False,,,,,,False,
176,"noise analysis, inductive reasoning",similarity,True,D,B,False,False,True,InWild,baseline,,statistical,similarity,B,high,True,,,line_plot,[],mcq,,,,,"{""branch"": ""similarity"", ""best_lag"": 0, ""vision_confidence"": ""high""}",a multiple choice question,,False,,,,,,False,
179,counterfactual reasoning,noise,False,A,D,False,False,True,InWild,baseline,,variance_level,noise,D,high,True,,,spectrogram,"[""arch_effects""]",mcq,,,,,"{""branch"": ""noise"", ""is_stationary"": true, ""is_white_noise"": false, ""adf_pval"": 1.3e-05, ""kpss_pval"": 0.1, ""vision_confidence"": ""high""}",a multiple choice question,,False,,,,,,False,
178,volatility analysis,noise,False,B,A,False,False,True,InWild,baseline,,variance_level,noise,C,high,True,,,spectrogram,"[""arch_effects""]",mcq,,,,,"{""branch"": ""noise"", ""is_stationary"": true, ""is_white_noise"": false, ""adf_pval"": 1.3e-05, ""kpss_pval"": 0.1, ""vision_confidence"": ""high""}",a multiple choice question,,False,,,,,,False,
177,"seasonality analysis, causal reasoning",periodicity,False,B,C,False,False,True,InWild,baseline,,period_value,periodicity,C,high,True,,,spectrogram,[],mcq,,,,,"{""branch"": ""periodicity"", ""dominant_period_fft"": 52.0, ""period_reconciled"": 52.0, ""seasonal_strength"": 1.0, ""vision_confidence"": ""high""}",a multiple choice question,,False,,,,,,False,
154,"seasonality analysis, deductive reasoning",trend,False,B,B,True,False,True,InWild,baseline,,direction,trend,B,high,True,,,spectrogram,[],mcq,,,,,"{""branch"": ""trend"", ""direction"": ""increasing"", ""slope"": 6.955667, ""r2"": 0.890308, ""vision_confidence"": ""high""}",a binary question,,False,,,,,,False,
182,"volatility analysis, deductive reasoning",noise,False,D,B,False,False,True,InWild,baseline,,variance_level,noise,B,high,True,,,spectrogram,"[""adf_kpss_disagree"", ""arch_effects""]",mcq,,,,,"{""branch"": ""noise"", ""is_stationary"": false, ""is_white_noise"": false, ""adf_pval"": 0.16095, ""kpss_pval"": 0.073534, ""vision_confidence"": ""high""}",a multiple choice question,,False,,,,,,False,
181,deductive reasoning,noise,False,A,B,False,False,True,InWild,baseline,,stationarity,noise,B,high,True,,,spectrogram,"[""arch_effects""]",mcq,,,,,"{""branch"": ""noise"", ""is_stationary"": false, ""is_white_noise"": false, ""adf_pval"": 0.998929, ""kpss_pval"": 0.01, ""vision_confidence"": ""high""}",a multiple choice question,,False,,,,,,False,
180,"noise analysis, analogical reasoning",similarity,False,B,B,True,False,True,InWild,baseline,,statistical,similarity,B,high,True,,,line_plot,[],mcq,,,,,"{""branch"": ""similarity"", ""best_lag"": 0, ""vision_confidence"": ""high""}",a binary question,,False,,,,,,False,
183,noise analysis,noise,True,B,B,True,False,True,InWild,baseline,,variance_level,noise,B,high,True,,,spectrogram,"[""adf_kpss_disagree"", ""arch_effects""]",mcq,,,,,"{""branch"": ""noise"", ""is_stationary"": false, ""is_white_noise"": false, ""adf_pval"": 0.030811, ""kpss_pval"": 0.029465, ""vision_confidence"": ""high""}",a binary question,,False,,,,,,False,
185,"volatility analysis, inductive reasoning",noise,False,B,B,True,False,True,InWild,baseline,,variance_level,noise,B,high,True,,,spectrogram,"[""arch_effects""]",mcq,,,,,"{""branch"": ""noise"", ""is_stationary"": true, ""is_white_noise"": false, ""adf_pval"": 1.3e-05, ""kpss_pval"": 0.1, ""vision_confidence"": ""high""}",a multiple choice question,,False,,,,,,False,
186,"seasonality analysis, causal reasoning",periodicity,False,A,A,True,False,True,InWild,baseline,,period_value,periodicity,A,high,True,,,spectrogram,[],mcq,,,,,"{""branch"": ""periodicity"", ""dominant_period_fft"": 39.0, ""period_reconciled"": 39.0, ""seasonal_strength"": 1.0, ""vision_confidence"": ""high""}",a multiple choice question,,False,,,,,,False,
187,counterfactual reasoning,periodicity,False,B,C,False,False,True,InWild,baseline,,amplitude_change,periodicity,C,high,True,,,line_plot,[],mcq,,,,,"{""branch"": ""periodicity"", ""vision_confidence"": ""high""}",a multiple choice question,,False,,,,,,False,
190,"trend analysis, deductive reasoning",trend,False,B,C,False,False,True,InWild,baseline,,change_point,trend,C,high,True,,,line_plot,"[""low_r2""]",mcq,,,,,"{""branch"": ""trend"", ""vision_confidence"": ""high""}",a multiple choice question,,False,,,,,,False,
191,analogical reasoning,similarity,False,D,D,True,False,True,InWild,baseline,,shape,similarity,D,high,True,,,line_plot,[],mcq,,,,,"{""branch"": ""similarity"", ""best_lag"": 0, ""vision_confidence"": ""high""}",a multiple choice question,,False,,,,,,False,
193,"noise analysis, deductive reasoning",noise,False,B,B,True,False,True,InWild,baseline,,variance_level,noise,B,high,True,,,spectrogram,"[""adf_kpss_disagree""]",mcq,,,,,"{""branch"": ""noise"", ""is_stationary"": false, ""is_white_noise"": false, ""adf_pval"": 0.171044, ""kpss_pval"": 0.1, ""vision_confidence"": ""high""}",a binary question,,False,,,,,,False,
192,"volatility analysis, causal reasoning",similarity,False,D,C,False,False,True,InWild,baseline,,shape,similarity,C,high,True,,,line_plot,[],mcq,,,,,"{""branch"": ""similarity"", ""best_lag"": 0, ""vision_confidence"": ""high""}",a multiple choice question,,False,,,,,,False,
189,counterfactual reasoning,trend,False,B,A,False,False,True,InWild,baseline,,change_point,trend,A,high,True,,,line_plot,"[""low_r2""]",mcq,,,,,"{""branch"": ""trend"", ""vision_confidence"": ""high""}",a binary question,,False,,,,,,False,
197,"volatility analysis, inductive reasoning",noise,False,B,A,False,False,True,InWild,baseline,,variance_level,noise,A,high,True,,,spectrogram,"[""adf_kpss_disagree"", ""arch_effects""]",mcq,,,,,"{""branch"": ""noise"", ""is_stationary"": false, ""is_white_noise"": false, ""adf_pval"": 0.097951, ""kpss_pval"": 0.011997, ""vision_confidence"": ""high""}",a binary question,,False,,,,,,False,
200,"noise analysis, inductive reasoning",noise,False,A,A,True,False,True,InWild,baseline,,variance_level,noise,A,high,True,,,spectrogram,"[""adf_kpss_disagree"", ""arch_effects""]",mcq,,,,,"{""branch"": ""noise"", ""is_stationary"": false, ""is_white_noise"": false, ""adf_pval"": 0.097951, ""kpss_pval"": 0.011997, ""vision_confidence"": ""high""}",a binary question,,False,,,,,,False,
196,"trend analysis, inductive reasoning",similarity,True,B,B,True,False,True,InWild,baseline,,statistical,similarity,B,high,True,,,line_plot,[],mcq,,,,,"{""branch"": ""similarity"", ""best_lag"": -19, ""vision_confidence"": ""high""}",a multiple choice question,,False,,,,,,False,
164,"volatility analysis, deductive reasoning",noise,False,B,A,False,False,True,InWild,baseline,,variance_level,noise,B,high,True,,,spectrogram,"[""arch_effects""]",mcq,,,,,"{""branch"": ""noise"", ""is_stationary"": false, ""is_white_noise"": false, ""adf_pval"": 0.171458, ""kpss_pval"": 0.01, ""vision_confidence"": ""high""}",a binary question,,False,,,,,,False,
184,deductive reasoning,trend,False,D,C,False,False,True,InWild,baseline,,direction,trend,C,high,True,,,line_plot,"[""low_r2""]",mcq,,,,,"{""branch"": ""trend"", ""vision_confidence"": ""high""}",a multiple choice question,,False,,,,,,False,
203,"seasonality analysis, causal reasoning",periodicity,False,A,C,False,False,True,InWild,baseline,,period_value,periodicity,C,high,True,,,spectrogram,"[""fft_unreliable""]",mcq,,,,,"{""branch"": ""periodicity"", ""dominant_period_fft"": 78.0, ""period_reconciled"": 78.0, ""seasonal_strength"": 0.0, ""vision_confidence"": ""high""}",a multiple choice question,,False,,,,,,False,
204,"noise analysis, deductive reasoning",noise,False,A,B,False,False,True,InWild,baseline,,variance_level,noise,B,high,True,,,spectrogram,"[""arch_effects""]",mcq,,,,,"{""branch"": ""noise"", ""is_stationary"": false, ""is_white_noise"": false, ""adf_pval"": 0.142861, ""kpss_pval"": 0.01, ""vision_confidence"": ""high""}",a binary question,,False,,,,,,False,
205,"noise analysis, analogical reasoning",similarity,False,B,B,True,False,True,InWild,baseline,,statistical,similarity,B,high,True,,,line_plot,[],mcq,,,,,"{""branch"": ""similarity"", ""best_lag"": 0, ""vision_confidence"": ""high""}",a multiple choice question,,False,,,,,,False,
206,seasonality analysis,periodicity,False,D,D,True,False,True,InWild,baseline,,period_value,periodicity,D,high,True,,,spectrogram,[],mcq,,,,,"{""branch"": ""periodicity"", ""vision_confidence"": ""high""}",a multiple choice question,,False,,,,,,False,
202,"basic analysis, deductive reasoning",similarity,False,B,B,True,False,True,InWild,baseline,,statistical,similarity,B,high,True,,,line_plot,[],mcq,,,,,"{""branch"": ""similarity"", ""best_lag"": 0, ""vision_confidence"": ""high""}",a binary question,,False,,,,,,False,
207,noise analysis,noise,False,B,B,True,False,True,InWild,baseline,,variance_level,noise,B,high,True,,,spectrogram,"[""arch_effects""]",mcq,,,,,"{""branch"": ""noise"", ""is_stationary"": true, ""is_white_noise"": false, ""adf_pval"": 0.0, ""kpss_pval"": 0.1, ""vision_confidence"": ""high""}",a binary question,,False,,,,,,False,
208,"volatility analysis, counterfactual reasoning",trend,False,A,B,False,False,True,InWild,baseline,,direction,trend,B,high,True,,,line_plot,"[""low_r2""]",mcq,,,,,"{""branch"": ""trend"", ""vision_confidence"": ""high""}",a binary question,,False,,,,,,False,
195,"basic analysis, deductive reasoning",periodicity,False,A,D,False,False,True,InWild,baseline,,waveform_type,periodicity,D,high,True,,,line_plot,"[""fft_unreliable""]",mcq,,,,,"{""branch"": ""periodicity"", ""vision_confidence"": ""high""}",a multiple choice question,,False,,,,,,False,
201,inductive reasoning,similarity,False,A,B,False,False,True,InWild,baseline,,shape,similarity,B,high,True,,,line_plot,[],mcq,,,,,"{""branch"": ""similarity"", ""best_lag"": 0, ""vision_confidence"": ""high""}",a binary question,,False,,,,,,False,
138,"noise analysis, counterfactual reasoning",noise,False,A,B,False,False,True,InWild,baseline,,variance_level,noise,B,high,True,,,spectrogram,"[""arch_effects""]",mcq,,,,,"{""branch"": ""noise"", ""is_stationary"": true, ""is_white_noise"": false, ""adf_pval"": 3e-06, ""kpss_pval"": 0.1, ""vision_confidence"": ""high""}",a binary question,,False,,,,,,False,
209,trend analysis,trend,False,B,B,True,False,True,InWild,baseline,,direction,trend,B,high,True,,,line_plot,[],mcq,,,,,"{""branch"": ""trend"", ""direction"": ""decreasing"", ""slope"": -4.994063, ""r2"": 0.923966, ""vision_confidence"": ""high""}",a binary question,,False,,,,,,False,
211,"seasonality analysis, deductive reasoning",periodicity,False,B,A,False,False,True,InWild,baseline,,period_value,periodicity,A,high,True,,,spectrogram,[],mcq,,,,,"{""branch"": ""periodicity"", ""vision_confidence"": ""high""}",a binary question,,False,,,,,,False,
210,"trend analysis, analogical reasoning",trend,False,B,B,True,False,True,InWild,baseline,,change_point,trend,B,high,True,,,line_plot,"[""low_r2""]",mcq,,,,,"{""branch"": ""trend"", ""vision_confidence"": ""high""}",a binary question,,False,,,,,,False,
188,"seasonality analysis, inductive reasoning",trend,False,A,A,True,False,True,InWild,baseline,,direction,trend,A,high,True,,,line_plot,"[""low_r2""]",mcq,,,,,"{""branch"": ""trend"", ""vision_confidence"": ""high""}",a multiple choice question,,False,,,,,,False,
217,"trend analysis, causal reasoning",anomaly,False,A,B,False,False,False,InWild,baseline,,point_anomaly,anomaly,,,False,,,,[],mcq,,,,,"{""branch"": ""anomaly"", ""outlier_count"": 1, ""max_deviation"": 3.748749}",a binary question,,False,,,,,,False,
198,basic analysis,similarity,True,A,A,True,False,True,InWild,baseline,,statistical,similarity,A,high,True,,,line_plot,[],mcq,,,,,"{""branch"": ""similarity"", ""best_lag"": 20, ""vision_confidence"": ""high""}",a binary question,,False,,,,,,False,
212,"volatility analysis, deductive reasoning",anomaly,False,D,D,True,False,True,InWild,baseline,,point_anomaly,anomaly,D,high,True,,,spectrogram,[],mcq,,,,,"{""branch"": ""anomaly"", ""vision_confidence"": ""high""}",a multiple choice question,,False,,,,,,False,
165,"trend analysis, counterfactual reasoning",similarity,False,B,C,False,False,True,InWild,baseline,,shape,similarity,C,high,True,,,line_plot,[],mcq,,,,,"{""branch"": ""similarity"", ""best_lag"": 0, ""vision_confidence"": ""high""}",a multiple choice question,,False,,,,,,False,
199,"noise analysis, deductive reasoning",similarity,True,B,B,True,False,True,InWild,baseline,,statistical,similarity,A,high,True,,,line_plot,[],mcq,,,,,"{""branch"": ""similarity"", ""best_lag"": 20, ""vision_confidence"": ""high""}",a binary question,,False,,,,,,False,
213,noise analysis,noise,False,B,B,True,False,True,InWild,baseline,,variance_level,noise,B,high,True,,,spectrogram,"[""arch_effects""]",mcq,,,,,"{""branch"": ""noise"", ""is_stationary"": false, ""is_white_noise"": false, ""adf_pval"": 0.467562, ""kpss_pval"": 0.01, ""vision_confidence"": ""high""}",a multiple choice question,,False,,,,,,False,
221,"volatility analysis, deductive reasoning",anomaly,False,B,B,True,False,False,InWild,baseline,,point_anomaly,anomaly,,,False,,,,[],mcq,,,,,"{""branch"": ""anomaly""}",a binary question,,False,,,,,,False,
118,basic analysis,anomaly,False,A,B,False,False,True,InWild,baseline,,point_anomaly,anomaly,B,high,True,,,spectrogram,[],mcq,,,,,"{""branch"": ""anomaly"", ""vision_confidence"": ""high""}",a binary question,,False,,,,,,False,
214,basic analysis,trend,False,A,A,True,False,True,InWild,baseline,,direction,trend,A,high,True,,,line_plot,[],mcq,,,,,"{""branch"": ""trend"", ""direction"": ""decreasing"", ""slope"": -4.994063, ""r2"": 0.923966, ""vision_confidence"": ""high""}",a multiple choice question,,False,,,,,,False,
216,noise analysis,noise,False,A,B,False,False,True,InWild,baseline,,white_noise,noise,B,high,True,,,spectrogram,"[""arch_effects""]",mcq,,,,,"{""branch"": ""noise"", ""is_stationary"": false, ""is_white_noise"": false, ""adf_pval"": 0.576396, ""kpss_pval"": 0.01, ""vision_confidence"": ""high""}",a binary question,,False,,,,,,False,
215,"trend analysis, causal reasoning",trend,False,B,B,True,False,True,InWild,baseline,,direction,trend,B,high,True,,,line_plot,"[""low_r2""]",mcq,,,,,"{""branch"": ""trend"", ""direction"": ""flat"", ""slope"": 0.00029, ""r2"": 0.000137, ""vision_confidence"": ""high""}",a binary question,,False,,,,,,False,
218,"basic analysis, counterfactual reasoning",anomaly,False,D,B,False,False,True,InWild,baseline,,point_anomaly,anomaly,B,high,True,,,spectrogram,[],mcq,,,,,"{""branch"": ""anomaly"", ""vision_confidence"": ""high""}",a multiple choice question,,False,,,,,,False,
155,"trend analysis, inductive reasoning",trend,False,B,B,True,False,True,InWild,baseline,,change_point,trend,B,high,True,,,line_plot,"[""low_r2""]",mcq,,,,,"{""branch"": ""trend"", ""vision_confidence"": ""high""}",a binary question,,False,,,,,,False,
230,analogical reasoning,trend,False,D,C,False,False,False,InWild,baseline,,direction,trend,,,False,,,,[],mcq,,,,,"{""branch"": ""trend"", ""direction"": ""increasing"", ""slope"": 55.210779, ""r2"": 0.895717}",a multiple choice question,,False,,,,,,False,
225,seasonality analysis,periodicity,True,C,C,True,False,False,InWild,baseline,,period_value,periodicity,,,False,,,,[],mcq,,,,,"{""branch"": ""periodicity"", ""dominant_period_fft"": 168.0, ""period_reconciled"": 168.0, ""seasonal_strength"": 0.878438}",a multiple choice question,,False,,,,,,False,
219,trend analysis,noise,False,C,A,False,False,True,InWild,baseline,,ar_ma_process,noise,A,high,True,,,spectrogram,"[""arch_effects""]",mcq,,,,,"{""branch"": ""noise"", ""is_stationary"": false, ""is_white_noise"": false, ""adf_pval"": 0.852501, ""kpss_pval"": 0.01, ""vision_confidence"": ""high""}",a multiple choice question,,False,,,,,,False,
220,analogical reasoning,trend,False,A,A,True,False,True,InWild,baseline,,functional_form,trend,A,high,True,,,line_plot,[],mcq,,,,,"{""branch"": ""trend"", ""direction"": ""increasing"", ""slope"": 3.199991, ""r2"": 0.969817, ""vision_confidence"": ""high""}",a binary question,,False,,,,,,False,
194,analogical reasoning,trend,False,B,A,False,False,True,InWild,baseline,,functional_form,trend,A,high,True,,,line_plot,[],mcq,,,,,"{""branch"": ""trend"", ""vision_confidence"": ""high""}",a binary question,,False,,,,,,False,
222,volatility analysis,noise,False,B,B,True,False,True,InWild,baseline,,variance_level,noise,B,high,True,,,spectrogram,"[""arch_effects""]",mcq,,,,,"{""branch"": ""noise"", ""is_stationary"": false, ""is_white_noise"": false, ""adf_pval"": 0.852501, ""kpss_pval"": 0.01, ""vision_confidence"": ""high""}",a multiple choice question,,False,,,,,,False,
223,"noise analysis, inductive reasoning",noise,False,B,A,False,False,True,InWild,baseline,,variance_level,noise,A,high,True,,,spectrogram,"[""arch_effects""]",mcq,,,,,"{""branch"": ""noise"", ""is_stationary"": false, ""is_white_noise"": false, ""adf_pval"": 0.922731, ""kpss_pval"": 0.01, ""vision_confidence"": ""high""}",a binary question,,False,,,,,,False,
224,"seasonality analysis, inductive reasoning",periodicity,False,A,C,False,False,True,InWild,baseline,,period_value,periodicity,C,high,True,,,spectrogram,"[""fft_unreliable""]",mcq,,,,,"{""branch"": ""periodicity"", ""dominant_period_fft"": 104.0, ""period_reconciled"": 104.0, ""seasonal_strength"": 0.10465, ""vision_confidence"": ""high""}",a multiple choice question,,False,,,,,,False,
226,"trend analysis, analogical reasoning",noise,False,A,B,False,False,True,InWild,baseline,,ar_ma_process,noise,B,high,True,,,spectrogram,"[""arch_effects""]",mcq,,,,,"{""branch"": ""noise"", ""is_stationary"": false, ""is_white_noise"": false, ""adf_pval"": 0.922731, ""kpss_pval"": 0.01, ""vision_confidence"": ""high""}",a multiple choice question,,False,,,,,,False,
229,"volatility analysis, deductive reasoning",noise,False,B,B,True,False,True,InWild,baseline,,variance_level,noise,B,high,True,,,spectrogram,"[""adf_kpss_disagree"", ""arch_effects""]",mcq,,,,,"{""branch"": ""noise"", ""is_stationary"": false, ""is_white_noise"": false, ""adf_pval"": 0.000441, ""kpss_pval"": 0.01, ""vision_confidence"": ""high""}",a binary question,,False,,,,,,False,
228,volatility analysis,noise,False,B,B,True,False,True,InWild,baseline,,variance_level,noise,B,high,True,,,spectrogram,"[""arch_effects""]",mcq,,,,,"{""branch"": ""noise"", ""is_stationary"": false, ""is_white_noise"": false, ""adf_pval"": 0.922731, ""kpss_pval"": 0.01, ""vision_confidence"": ""high""}",a multiple choice question,,False,,,,,,False,
103,"trend analysis, deductive reasoning",noise,False,B,B,True,False,True,InWild,baseline,,stationarity,noise,B,high,True,,,spectrogram,"[""arch_effects""]",mcq,,,,,"{""branch"": ""noise"", ""is_stationary"": true, ""is_white_noise"": false, ""adf_pval"": 0.000334, ""kpss_pval"": 0.1, ""vision_confidence"": ""high""}",a binary question,,False,,,,,,False,
227,"trend analysis, deductive reasoning",trend,False,A,B,False,False,True,InWild,baseline,,change_point,trend,B,high,True,,,line_plot,"[""low_r2""]",mcq,,,,,"{""branch"": ""trend"", ""vision_confidence"": ""high""}",a binary question,,False,,,,,,False,
231,"volatility analysis, inductive reasoning",noise,False,B,C,False,False,True,InWild,baseline,,variance_level,noise,C,high,True,,,spectrogram,"[""adf_kpss_disagree""]",mcq,,,,,"{""branch"": ""noise"", ""is_stationary"": false, ""is_white_noise"": true, ""adf_pval"": 0.0, ""kpss_pval"": 0.030875, ""vision_confidence"": ""high""}",a multiple choice question,,False,,,,,,False,
173,counterfactual reasoning,similarity,False,B,B,True,False,True,InWild,baseline,,shape,similarity,B,high,True,,,line_plot,[],mcq,,,,,"{""branch"": ""similarity"", ""best_lag"": 0, ""vision_confidence"": ""high""}",a multiple choice question,,False,,,,,,False,
234,"seasonality analysis, deductive reasoning",similarity,False,A,B,False,False,True,InWild,baseline,,shape,similarity,B,high,True,,,spectrogram,[],mcq,,,,,"{""branch"": ""similarity"", ""best_lag"": 0, ""vision_confidence"": ""high""}",a binary question,,False,,,,,,False,
236,volatility analysis,noise,False,B,B,True,False,True,InWild,baseline,,variance_level,noise,B,high,True,,,spectrogram,"[""arch_effects""]",mcq,,,,,"{""branch"": ""noise"", ""is_stationary"": false, ""is_white_noise"": false, ""adf_pval"": 0.867376, ""kpss_pval"": 0.01, ""vision_confidence"": ""high""}",a multiple choice question,,False,,,,,,False,
237,inductive reasoning,trend,False,B,D,False,False,True,InWild,baseline,,direction,trend,D,high,True,,,line_plot,[],mcq,,,,,"{""branch"": ""trend"", ""direction"": ""increasing"", ""slope"": 2.408178, ""r2"": 0.940232, ""vision_confidence"": ""high""}",a multiple choice question,,False,,,,,,False,
232,analogical reasoning,periodicity,False,D,A,False,False,True,InWild,baseline,,waveform_type,periodicity,A,high,True,,,line_plot,[],mcq,,,,,"{""branch"": ""periodicity"", ""vision_confidence"": ""high""}",a multiple choice question,,False,,,,,,False,
239,"volatility analysis, counterfactual reasoning",noise,False,D,B,False,False,True,InWild,baseline,,variance_level,noise,B,high,True,,,spectrogram,"[""arch_effects""]",mcq,,,,,"{""branch"": ""noise"", ""is_stationary"": false, ""is_white_noise"": false, ""adf_pval"": 0.867376, ""kpss_pval"": 0.01, ""vision_confidence"": ""high""}",a multiple choice question,,False,,,,,,False,
233,"seasonality analysis, inductive reasoning",periodicity,False,B,B,True,False,True,InWild,baseline,,waveform_type,periodicity,B,high,True,,,line_plot,[],mcq,,,,,"{""branch"": ""periodicity"", ""dominant_period_fft"": 24.0, ""period_reconciled"": 24.0, ""seasonal_strength"": 0.748917, ""vision_confidence"": ""high""}",a binary question,,False,,,,,,False,
235,deductive reasoning,trend,False,A,A,True,False,True,InWild,baseline,,change_point,trend,A,high,True,,,line_plot,[],mcq,,,,,"{""branch"": ""trend"", ""vision_confidence"": ""high""}",a binary question,,False,,,,,,False,
238,"seasonality analysis, deductive reasoning",periodicity,False,B,B,True,False,True,InWild,baseline,,waveform_type,periodicity,B,high,True,,,line_plot,"[""fft_unreliable""]",mcq,,,,,"{""branch"": ""periodicity"", ""vision_confidence"": ""high""}",a binary question,,False,,,,,,False,
240,"trend analysis, counterfactual reasoning",trend,False,B,D,False,False,True,InWild,baseline,,change_point,trend,D,high,True,,,line_plot,"[""low_r2""]",mcq,,,,,"{""branch"": ""trend"", ""vision_confidence"": ""high""}",a multiple choice question,,False,,,,,,False,
241,analogical reasoning,trend,False,C,C,True,False,True,InWild,baseline,,direction,trend,C,high,True,,,line_plot,"[""low_r2""]",mcq,,,,,"{""branch"": ""trend"", ""direction"": ""increasing"", ""slope"": 0.000968, ""r2"": 0.000977, ""vision_confidence"": ""high""}",a multiple choice question,,False,,,,,,False,
244,"seasonality analysis, causal reasoning",trend,False,D,C,False,False,True,InWild,baseline,,direction,trend,C,high,True,,,line_plot,"[""low_r2""]",mcq,,,,,"{""branch"": ""trend"", ""direction"": ""increasing"", ""slope"": 0.000968, ""r2"": 0.000977, ""vision_confidence"": ""high""}",a multiple choice question,,False,,,,,,False,
242,"noise analysis, deductive reasoning",noise,False,D,A,False,False,True,InWild,baseline,,variance_level,noise,A,high,True,,,spectrogram,"[""adf_kpss_disagree""]",mcq,,,,,"{""branch"": ""noise"", ""is_stationary"": false, ""is_white_noise"": false, ""adf_pval"": 0.004343, ""kpss_pval"": 0.021727, ""vision_confidence"": ""high""}",a multiple choice question,,False,,,,,,False,
254,"trend analysis, causal reasoning",trend,False,A,A,True,False,False,InWild,baseline,,change_point,trend,,,False,,,,[],mcq,,,,,"{""branch"": ""trend""}",a binary question,,False,,,,,,False,
245,"trend analysis, inductive reasoning",trend,False,B,B,True,False,True,InWild,baseline,,direction,trend,B,high,True,,,line_plot,"[""low_r2""]",mcq,,,,,"{""branch"": ""trend"", ""direction"": ""increasing"", ""slope"": 0.000968, ""r2"": 0.000977, ""vision_confidence"": ""high""}",a binary question,,False,,,,,,False,
243,"basic analysis, counterfactual reasoning",similarity,False,B,C,False,False,True,InWild,baseline,,shape,similarity,C,high,True,,,line_plot,[],mcq,,,,,"{""branch"": ""similarity"", ""best_lag"": 0, ""vision_confidence"": ""high""}",a multiple choice question,,False,,,,,,False,
247,"seasonality analysis, analogical reasoning",similarity,False,B,A,False,False,True,InWild,baseline,,shape,similarity,A,high,True,,,spectrogram,[],mcq,,,,,"{""branch"": ""similarity"", ""best_lag"": 0, ""vision_confidence"": ""high""}",a binary question,,False,,,,,,False,
248,"volatility analysis, analogical reasoning",periodicity,False,A,A,True,False,True,InWild,baseline,,waveform_type,periodicity,A,high,True,,,line_plot,[],mcq,,,,,"{""branch"": ""periodicity"", ""dominant_period_fft"": 24.0, ""period_reconciled"": 24.0, ""seasonal_strength"": 0.592768, ""vision_confidence"": ""high""}",a multiple choice question,,False,,,,,,False,
260,"basic analysis, causal reasoning",anomaly,False,C,A,False,False,False,InWild,baseline,,point_anomaly,anomaly,,,False,,,,[],mcq,,,,,"{""branch"": ""anomaly""}",a multiple choice question,,False,,,,,,False,
246,basic analysis,trend,False,C,C,True,False,True,InWild,baseline,,direction,trend,C,high,True,,,line_plot,"[""low_r2""]",mcq,,,,,"{""branch"": ""trend"", ""direction"": ""increasing"", ""slope"": 0.000968, ""r2"": 0.000977, ""vision_confidence"": ""high""}",a multiple choice question,,False,,,,,,False,
250,"basic analysis, inductive reasoning",trend,False,A,B,False,False,True,InWild,baseline,,direction,trend,B,high,True,,,line_plot,"[""low_r2""]",mcq,,,,,"{""branch"": ""trend"", ""vision_confidence"": ""high""}",a binary question,,False,,,,,,False,
249,analogical reasoning,similarity,False,B,A,False,False,True,InWild,baseline,,shape,similarity,A,high,True,,,line_plot,[],mcq,,,,,"{""branch"": ""similarity"", ""best_lag"": 0, ""vision_confidence"": ""high""}",a multiple choice question,,False,,,,,,False,
252,"noise analysis, causal reasoning",noise,False,B,A,False,False,True,InWild,baseline,,white_noise,noise,A,high,True,,,spectrogram,"[""arch_effects""]",mcq,,,,,"{""branch"": ""noise"", ""is_stationary"": false, ""is_white_noise"": false, ""adf_pval"": 0.224471, ""kpss_pval"": 0.01, ""vision_confidence"": ""high""}",a binary question,,False,,,,,,False,
256,noise analysis,noise,False,B,B,True,False,True,InWild,baseline,,white_noise,noise,B,high,True,,,spectrogram,"[""arch_effects""]",mcq,,,,,"{""branch"": ""noise"", ""is_stationary"": false, ""is_white_noise"": false, ""adf_pval"": 0.224471, ""kpss_pval"": 0.01, ""vision_confidence"": ""high""}",a binary question,,False,,,,,,False,
253,"trend analysis, inductive reasoning",trend,False,A,A,True,False,True,InWild,baseline,,direction,trend,A,high,True,,,line_plot,[],mcq,,,,,"{""branch"": ""trend"", ""direction"": ""decreasing"", ""slope"": -12.881146, ""r2"": 0.988412, ""vision_confidence"": ""high""}",a multiple choice question,,False,,,,,,False,
251,"seasonality analysis, inductive reasoning",periodicity,False,A,B,False,False,True,InWild,baseline,,waveform_type,periodicity,B,high,True,,,line_plot,"[""fft_unreliable""]",mcq,,,,,"{""branch"": ""periodicity"", ""vision_confidence"": ""high""}",a binary question,,False,,,,,,False,
255,trend analysis,trend,False,D,D,True,False,True,InWild,baseline,,direction,trend,D,high,True,,,line_plot,[],mcq,,,,,"{""branch"": ""trend"", ""direction"": ""decreasing"", ""slope"": -12.881146, ""r2"": 0.988412, ""vision_confidence"": ""high""}",a multiple choice question,,False,,,,,,False,
258,"trend analysis, counterfactual reasoning",trend,False,C,B,False,False,True,InWild,baseline,,direction,trend,B,high,True,,,line_plot,"[""low_r2""]",mcq,,,,,"{""branch"": ""trend"", ""direction"": ""decreasing"", ""slope"": -3.937205, ""r2"": 0.019243, ""vision_confidence"": ""high""}",a multiple choice question,,False,,,,,,False,
257,analogical reasoning,trend,False,A,A,True,False,True,InWild,baseline,,functional_form,trend,A,high,True,,,line_plot,[],mcq,,,,,"{""branch"": ""trend"", ""direction"": ""increasing"", ""slope"": 26.61471, ""r2"": 0.753636, ""vision_confidence"": ""high""}",a binary question,,False,,,,,,False,
272,"volatility analysis, deductive reasoning",periodicity,False,A,B,False,False,False,InWild,baseline,,amplitude_change,periodicity,,,False,,,,[],mcq,,,,,"{""branch"": ""periodicity""}",a binary question,,False,,,,,,False,
262,basic analysis,trend,False,B,B,True,False,True,InWild,baseline,,change_point,trend,A,high,True,,,line_plot,"[""low_r2""]",mcq,,,,,"{""branch"": ""trend"", ""vision_confidence"": ""high""}",a binary question,,False,,,,,,False,
261,causal reasoning,trend,False,A,A,True,False,True,InWild,baseline,,change_point,trend,A,high,True,,,line_plot,"[""low_r2""]",mcq,,,,,"{""branch"": ""trend"", ""vision_confidence"": ""high""}",a multiple choice question,,False,,,,,,False,
268,"seasonality analysis, deductive reasoning",periodicity,False,B,A,False,False,True,InWild,baseline,,period_value,periodicity,A,high,True,,,spectrogram,[],mcq,,,,,"{""branch"": ""periodicity"", ""dominant_period_fft"": 52.0, ""period_reconciled"": 52.0, ""seasonal_strength"": 0.977508, ""vision_confidence"": ""high""}",a binary question,,False,,,,,,False,
259,seasonality analysis,periodicity,False,B,A,False,False,True,InWild,baseline,,period_value,periodicity,A,high,True,,,spectrogram,"[""fft_unreliable""]",mcq,,,,,"{""branch"": ""periodicity"", ""dominant_period_fft"": 78.0, ""period_reconciled"": 78.0, ""seasonal_strength"": 0.24181, ""vision_confidence"": ""high""}",a binary question,,False,,,,,,False,
266,analogical reasoning,periodicity,False,B,B,True,False,True,InWild,baseline,,waveform_type,periodicity,B,high,True,,,line_plot,[],mcq,,,,,"{""branch"": ""periodicity"", ""dominant_period_fft"": 52.0, ""period_reconciled"": 52.0, ""seasonal_strength"": 0.977508, ""vision_confidence"": ""high""}",a binary question,,False,,,,,,False,
263,analogical reasoning,anomaly,False,A,B,False,False,True,InWild,baseline,,pattern_flip,anomaly,B,high,True,,,spectrogram,[],mcq,,,,,"{""branch"": ""anomaly"", ""vision_confidence"": ""high""}",a binary question,,False,,,,,,False,
267,"trend analysis, analogical reasoning",trend,False,A,B,False,False,True,InWild,baseline,,direction,trend,B,high,True,,,line_plot,"[""low_r2""]",mcq,,,,,"{""branch"": ""trend"", ""direction"": ""increasing"", ""slope"": 1.368869, ""r2"": 0.621385, ""vision_confidence"": ""high""}",a binary question,,False,,,,,,False,
265,"basic analysis, inductive reasoning",trend,False,D,C,False,False,True,InWild,baseline,,change_point,trend,C,high,True,,,line_plot,[],mcq,,,,,"{""branch"": ""trend"", ""vision_confidence"": ""high""}",a multiple choice question,,False,,,,,,False,
271,trend analysis,trend,True,A,C,False,False,True,InWild,baseline,,direction,trend,C,high,True,,,line_plot,"[""low_r2""]",mcq,,,,,"{""branch"": ""trend"", ""vision_confidence"": ""high""}",a multiple choice question,,False,,,,,,False,
269,"noise analysis, inductive reasoning",noise,False,A,B,False,False,True,InWild,baseline,,white_noise,noise,B,high,True,,,spectrogram,"[""arch_effects""]",mcq,,,,,"{""branch"": ""noise"", ""is_stationary"": false, ""is_white_noise"": false, ""adf_pval"": 0.800814, ""kpss_pval"": 0.01, ""vision_confidence"": ""high""}",a multiple choice question,,False,,,,,,False,
264,seasonality analysis,periodicity,False,B,A,False,False,True,InWild,baseline,,period_value,periodicity,A,high,True,,,spectrogram,[],mcq,,,,,"{""branch"": ""periodicity"", ""dominant_period_fft"": 52.0, ""period_reconciled"": 52.0, ""seasonal_strength"": 0.977508, ""vision_confidence"": ""high""}",a binary question,,False,,,,,,False,
270,"trend analysis, counterfactual reasoning",similarity,True,B,B,True,False,True,InWild,baseline,,statistical,similarity,B,high,True,,,line_plot,[],mcq,,,,,"{""branch"": ""similarity"", ""best_lag"": 5, ""vision_confidence"": ""high""}",a binary question,,False,,,,,,False,
287,basic analysis,trend,False,A,1948.14,False,False,False,InWild,baseline,,change_point,trend,,,,,,,"[""low_r2""]",numerical,1948.14,min,closed_form,,"{""branch"": ""trend""}",a binary question,,False,,,,,,False,
285,"trend analysis, analogical reasoning",trend,False,A,B,False,False,False,InWild,baseline,,direction,trend,,,False,,,,[],mcq,,,,,"{""branch"": ""trend"", ""direction"": ""increasing"", ""slope"": 3.54851, ""r2"": 0.770471}",a multiple choice question,,False,,,,,,False,
276,noise analysis,noise,False,A,B,False,False,True,InWild,baseline,,white_noise,noise,B,high,True,,,spectrogram,"[""arch_effects""]",mcq,,,,,"{""branch"": ""noise"", ""is_stationary"": false, ""is_white_noise"": false, ""adf_pval"": 0.700509, ""kpss_pval"": 0.01, ""vision_confidence"": ""high""}",a binary question,,False,,,,,,False,
274,"seasonality analysis, counterfactual reasoning",periodicity,False,A,B,False,False,True,InWild,baseline,,period_value,periodicity,B,high,True,,,spectrogram,[],mcq,,,,,"{""branch"": ""periodicity"", ""dominant_period_fft"": 90.0, ""period_reconciled"": 90.0, ""seasonal_strength"": 0.941417, ""vision_confidence"": ""high""}",a binary question,,False,,,,,,False,
273,basic analysis,similarity,True,A,B,False,False,True,InWild,baseline,,statistical,similarity,B,high,True,,,line_plot,[],mcq,,,,,"{""branch"": ""similarity"", ""best_lag"": -15, ""vision_confidence"": ""high""}",a binary question,,False,,,,,,False,
275,"trend analysis, deductive reasoning",trend,False,B,B,True,False,True,InWild,baseline,,direction,trend,B,high,True,,,line_plot,"[""low_r2""]",mcq,,,,,"{""branch"": ""trend"", ""direction"": ""decreasing"", ""slope"": -3.081412, ""r2"": 0.007726, ""vision_confidence"": ""high""}",a binary question,,False,,,,,,False,
281,volatility analysis,noise,False,B,C,False,False,True,InWild,baseline,,variance_level,noise,C,high,True,,,spectrogram,"[""arch_effects""]",mcq,,,,,"{""branch"": ""noise"", ""is_stationary"": true, ""is_white_noise"": false, ""adf_pval"": 0.000377, ""kpss_pval"": 0.1, ""vision_confidence"": ""high""}",a multiple choice question,,False,,,,,,False,
278,"basic analysis, deductive reasoning",noise,False,B,B,True,False,True,InWild,baseline,,variance_level,noise,B,high,True,,,spectrogram,"[""arch_effects""]",mcq,,,,,"{""branch"": ""noise"", ""is_stationary"": true, ""is_white_noise"": false, ""adf_pval"": 0.000377, ""kpss_pval"": 0.1, ""vision_confidence"": ""high""}",a binary question,,False,,,,,,False,
277,"trend analysis, counterfactual reasoning",noise,False,A,A,True,False,True,InWild,baseline,,stationarity,noise,A,high,True,,,spectrogram,"[""arch_effects""]",mcq,,,,,"{""branch"": ""noise"", ""is_stationary"": true, ""is_white_noise"": false, ""adf_pval"": 0.000377, ""kpss_pval"": 0.1, ""vision_confidence"": ""high""}",a binary question,,False,,,,,,False,
280,"seasonality analysis, deductive reasoning",periodicity,False,C,A,False,False,True,InWild,baseline,,period_value,periodicity,A,high,True,,,spectrogram,"[""fft_unreliable""]",mcq,,,,,"{""branch"": ""periodicity"", ""dominant_period_fft"": 72.0, ""period_reconciled"": 72.0, ""seasonal_strength"": 0.082372, ""vision_confidence"": ""high""}",a multiple choice question,,False,,,,,,False,
284,seasonality analysis,periodicity,False,D,C,False,False,True,InWild,baseline,,period_value,periodicity,C,medium,True,,,spectrogram,[],mcq,,,,,"{""branch"": ""periodicity"", ""dominant_period_fft"": 24.0, ""period_reconciled"": 24.0, ""seasonal_strength"": 0.562771, ""vision_confidence"": ""medium""}",a multiple choice question,,False,,,,,,False,
282,"volatility analysis, causal reasoning",similarity,False,D,B,False,False,True,InWild,baseline,,shape,similarity,B,high,True,,,line_plot,[],mcq,,,,,"{""branch"": ""similarity"", ""best_lag"": 0, ""vision_confidence"": ""high""}",a multiple choice question,,False,,,,,,False,
283,"seasonality analysis, counterfactual reasoning",periodicity,False,D,B,False,False,True,InWild,baseline,,period_change,periodicity,B,high,True,,,line_plot,[],mcq,,,,,"{""branch"": ""periodicity"", ""vision_confidence"": ""high""}",a multiple choice question,,False,,,,,,False,
288,"noise analysis, inductive reasoning",noise,False,B,B,True,False,True,InWild,baseline,,white_noise,noise,B,high,True,,,spectrogram,"[""adf_kpss_disagree"", ""arch_effects""]",mcq,,,,,"{""branch"": ""noise"", ""is_stationary"": false, ""is_white_noise"": false, ""adf_pval"": 0.12598, ""kpss_pval"": 0.092513, ""vision_confidence"": ""high""}",a binary question,,False,,,,,,False,
289,"trend analysis, causal reasoning",trend,False,B,B,True,False,True,InWild,baseline,,direction,trend,B,high,True,,,line_plot,"[""low_r2""]",mcq,,,,,"{""branch"": ""trend"", ""direction"": ""decreasing"", ""slope"": -0.202834, ""r2"": 1.4e-05, ""vision_confidence"": ""high""}",a binary question,,False,,,,,,False,
286,"seasonality analysis, causal reasoning",periodicity,False,A,B,False,False,True,InWild,baseline,,period_value,periodicity,B,high,True,,,spectrogram,[],mcq,,,,,"{""branch"": ""periodicity"", ""dominant_period_fft"": 2.4, ""period_reconciled"": 2.4, ""seasonal_strength"": 0.049244, ""vision_confidence"": ""high""}",a binary question,,False,,,,,,False,
279,"trend analysis, causal reasoning",trend,False,C,C,True,False,True,InWild,baseline,,direction,trend,C,high,True,,,line_plot,"[""low_r2""]",mcq,,,,,"{""branch"": ""trend"", ""direction"": ""flat"", ""slope"": 9.8e-05, ""r2"": 6e-06, ""vision_confidence"": ""high""}",a multiple choice question,,False,,,,,,False,
290,"volatility analysis, deductive reasoning",noise,False,A,B,False,False,True,InWild,baseline,,variance_level,noise,A,high,True,,,spectrogram,"[""adf_kpss_disagree"", ""arch_effects""]",mcq,,,,,"{""branch"": ""noise"", ""is_stationary"": false, ""is_white_noise"": false, ""adf_pval"": 0.12598, ""kpss_pval"": 0.092513, ""vision_confidence"": ""high""}",a binary question,,False,,,,,,False,
292,"trend analysis, inductive reasoning",periodicity,False,D,B,False,False,True,InWild,baseline,,period_change,periodicity,B,high,True,,,line_plot,"[""fft_unreliable""]",mcq,,,,,"{""branch"": ""periodicity"", ""vision_confidence"": ""high""}",a multiple choice question,,False,,,,,,False,
291,"basic analysis, analogical reasoning",noise,False,B,A,False,False,True,InWild,baseline,,stationarity,noise,A,high,True,,,spectrogram,"[""adf_kpss_disagree"", ""arch_effects""]",mcq,,,,,"{""branch"": ""noise"", ""is_stationary"": false, ""is_white_noise"": false, ""adf_pval"": 0.12598, ""kpss_pval"": 0.092513, ""vision_confidence"": ""high""}",a binary question,,False,,,,,,False,
293,seasonality analysis,periodicity,False,C,A,False,False,True,InWild,baseline,,period_value,periodicity,A,high,True,,,spectrogram,[],mcq,,,,,"{""branch"": ""periodicity"", ""dominant_period_fft"": 24.0, ""period_reconciled"": 24.0, ""seasonal_strength"": 0.920885, ""vision_confidence"": ""high""}",a multiple choice question,,False,,,,,,False,
295,"volatility analysis, causal reasoning",noise,False,A,B,False,False,True,InWild,baseline,,variance_level,noise,B,high,True,,,spectrogram,"[""arch_effects""]",mcq,,,,,"{""branch"": ""noise"", ""is_stationary"": true, ""is_white_noise"": false, ""adf_pval"": 7e-06, ""kpss_pval"": 0.1, ""vision_confidence"": ""high""}",a binary question,,False,,,,,,False,
294,"trend analysis, causal reasoning",trend,False,B,B,True,False,True,InWild,baseline,,direction,trend,B,high,True,,,line_plot,"[""low_r2""]",mcq,,,,,"{""branch"": ""trend"", ""direction"": ""decreasing"", ""slope"": -0.001776, ""r2"": 0.007738, ""vision_confidence"": ""high""}",a binary question,,False,,,,,,False,
308,"noise analysis, deductive reasoning",noise,False,A,B,False,False,False,InWild,baseline,,variance_level,noise,,,False,,,,[],mcq,,,,,"{""branch"": ""noise"", ""is_stationary"": true, ""is_white_noise"": true, ""adf_pval"": 0.0, ""kpss_pval"": 0.1}",a binary question,,False,,,,,,False,
297,"noise analysis, counterfactual reasoning",periodicity,False,A,A,True,False,True,InWild,baseline,,waveform_type,periodicity,A,high,True,,,line_plot,"[""fft_unreliable""]",mcq,,,,,"{""branch"": ""periodicity"", ""dominant_period_fft"": 120.0, ""period_reconciled"": 120.0, ""seasonal_strength"": 0.0, ""vision_confidence"": ""high""}",a multiple choice question,,False,,,,,,False,
298,"noise analysis, analogical reasoning",noise,False,D,C,False,False,True,InWild,baseline,,variance_level,noise,C,high,True,,,spectrogram,"[""arch_effects""]",mcq,,,,,"{""branch"": ""noise"", ""is_stationary"": false, ""is_white_noise"": false, ""adf_pval"": 0.2109, ""kpss_pval"": 0.01, ""vision_confidence"": ""high""}",a multiple choice question,,False,,,,,,False,
296,"volatility analysis, deductive reasoning",noise,False,B,A,False,False,True,InWild,baseline,,variance_level,noise,A,high,True,,,spectrogram,"[""adf_kpss_disagree""]",mcq,,,,,"{""branch"": ""noise"", ""is_stationary"": false, ""is_white_noise"": true, ""adf_pval"": 0.0, ""kpss_pval"": 0.023506, ""vision_confidence"": ""high""}",a multiple choice question,,False,,,,,,False,
299,"trend analysis, inductive reasoning",trend,False,A,B,False,False,True,InWild,baseline,,direction,trend,B,high,True,,,line_plot,"[""low_r2""]",mcq,,,,,"{""branch"": ""trend"", ""direction"": ""increasing"", ""slope"": 27.271557, ""r2"": 0.46681, ""vision_confidence"": ""high""}",a binary question,,False,,,,,,False,
302,"volatility analysis, causal reasoning",trend,False,A,A,True,False,True,InWild,baseline,,direction,trend,A,high,True,,,line_plot,[],mcq,,,,,"{""branch"": ""trend"", ""direction"": ""increasing"", ""slope"": 1.674075, ""r2"": 0.904465, ""vision_confidence"": ""high""}",a binary question,,False,,,,,,False,
300,"seasonality analysis, analogical reasoning",similarity,False,B,A,False,False,True,InWild,baseline,,shape,similarity,A,high,True,,,line_plot,[],mcq,,,,,"{""branch"": ""similarity"", ""best_lag"": 0, ""vision_confidence"": ""high""}",a binary question,,False,,,,,,False,
303,"noise analysis, deductive reasoning",noise,False,A,B,False,False,True,InWild,baseline,,variance_level,noise,B,high,True,,,spectrogram,"[""arch_effects""]",mcq,,,,,"{""branch"": ""noise"", ""is_stationary"": false, ""is_white_noise"": false, ""adf_pval"": 0.970497, ""kpss_pval"": 0.01, ""vision_confidence"": ""high""}",a binary question,,False,,,,,,False,
301,volatility analysis,noise,False,A,B,False,False,True,InWild,baseline,,variance_level,noise,B,high,True,,,spectrogram,"[""arch_effects""]",mcq,,,,,"{""branch"": ""noise"", ""is_stationary"": true, ""is_white_noise"": false, ""adf_pval"": 4.2e-05, ""kpss_pval"": 0.1, ""vision_confidence"": ""high""}",a binary question,,False,,,,,,False,
306,"basic analysis, causal reasoning",causality,False,A,C,False,False,True,InWild,baseline,,lag_direction,causality,C,high,True,,,spectrogram,"[""granger_not_significant""]",mcq,,,,,"{""branch"": ""causality"", ""direction"": ""none"", ""best_lag"": 0, ""best_corr"": 1.0, ""pval_12"": 1.0, ""pval_21"": 1.0, ""vision_confidence"": ""high""}",a multiple choice question,,False,,,,,,False,
316,"basic analysis, causal reasoning",anomaly,False,D,A,False,False,False,InWild,baseline,,point_anomaly,anomaly,,,False,,,,[],mcq,,,,,"{""branch"": ""anomaly"", ""outlier_count"": 68, ""max_deviation"": 4.506919}",a multiple choice question,,False,,,,,,False,
307,"trend analysis, deductive reasoning",trend,False,A,A,True,False,True,InWild,baseline,,direction,trend,A,high,True,,,line_plot,"[""low_r2""]",mcq,,,,,"{""branch"": ""trend"", ""direction"": ""increasing"", ""slope"": 2.026812, ""r2"": 0.408282, ""vision_confidence"": ""high""}",a binary question,,False,,,,,,False,
309,volatility analysis,noise,False,B,A,False,False,True,InWild,baseline,,variance_level,noise,A,high,True,,,spectrogram,"[""arch_effects""]",mcq,,,,,"{""branch"": ""noise"", ""is_stationary"": false, ""is_white_noise"": false, ""adf_pval"": 0.970497, ""kpss_pval"": 0.01, ""vision_confidence"": ""high""}",a multiple choice question,,False,,,,,,False,
305,"trend analysis, counterfactual reasoning",trend,False,A,A,True,False,True,InWild,baseline,,direction,trend,A,high,True,,,line_plot,"[""low_r2""]",mcq,,,,,"{""branch"": ""trend"", ""direction"": ""increasing"", ""slope"": 0.001139, ""r2"": 0.001695, ""vision_confidence"": ""high""}",a multiple choice question,,False,,,,,,False,
304,"volatility analysis, counterfactual reasoning",noise,False,A,B,False,False,True,InWild,baseline,,variance_level,noise,B,high,True,,,spectrogram,"[""arch_effects""]",mcq,,,,,"{""branch"": ""noise"", ""is_stationary"": true, ""is_white_noise"": false, ""adf_pval"": 0.0, ""kpss_pval"": 0.1, ""vision_confidence"": ""high""}",a binary question,,False,,,,,,False,
310,inductive reasoning,similarity,True,A,A,True,False,True,InWild,baseline,,shape,similarity,A,high,True,,,line_plot,[],mcq,,,,,"{""branch"": ""similarity"", ""best_lag"": -20, ""vision_confidence"": ""high""}",a multiple choice question,,False,,,,,,False,
315,"basic analysis, inductive reasoning",trend,False,A,A,True,False,True,InWild,baseline,,direction,trend,A,high,True,,,line_plot,"[""low_r2""]",mcq,,,,,"{""branch"": ""trend"", ""direction"": ""decreasing"", ""slope"": -7.484841, ""r2"": 0.618483, ""vision_confidence"": ""high""}",a binary question,,False,,,,,,False,
313,"noise analysis, counterfactual reasoning",noise,False,B,A,False,False,True,InWild,baseline,,variance_level,noise,A,high,True,,,spectrogram,"[""arch_effects""]",mcq,,,,,"{""branch"": ""noise"", ""is_stationary"": false, ""is_white_noise"": false, ""adf_pval"": 0.91024, ""kpss_pval"": 0.01, ""vision_confidence"": ""high""}",a binary question,,False,,,,,,False,
312,"noise analysis, inductive reasoning",noise,False,A,B,False,False,True,InWild,baseline,,white_noise,noise,B,high,True,,,spectrogram,"[""adf_kpss_disagree""]",mcq,,,,,"{""branch"": ""noise"", ""is_stationary"": false, ""is_white_noise"": false, ""adf_pval"": 0.013369, ""kpss_pval"": 0.032352, ""vision_confidence"": ""high""}",a binary question,,False,,,,,,False,
314,seasonality analysis,periodicity,False,C,B,False,False,True,InWild,baseline,,period_value,periodicity,B,high,True,,,spectrogram,[],mcq,,,,,"{""branch"": ""periodicity"", ""dominant_period_fft"": 24.0, ""period_reconciled"": 24.0, ""seasonal_strength"": 0.42043, ""vision_confidence"": ""high""}",a multiple choice question,,False,,,,,,False,
311,"trend analysis, analogical reasoning",trend,False,D,C,False,False,True,InWild,baseline,,change_point,trend,C,high,True,,,line_plot,"[""low_r2""]",mcq,,,,,"{""branch"": ""trend"", ""vision_confidence"": ""high""}",a multiple choice question,,False,,,,,,False,
317,"noise analysis, inductive reasoning",noise,False,B,A,False,False,True,InWild,baseline,,variance_level,noise,A,high,True,,,spectrogram,"[""arch_effects""]",mcq,,,,,"{""branch"": ""noise"", ""is_stationary"": false, ""is_white_noise"": false, ""adf_pval"": 0.91024, ""kpss_pval"": 0.01, ""vision_confidence"": ""high""}",a binary question,,False,,,,,,False,
319,"basic analysis, counterfactual reasoning",trend,False,D,A,False,False,True,InWild,baseline,,direction,trend,A,high,True,,,line_plot,"[""low_r2""]",mcq,,,,,"{""branch"": ""trend"", ""vision_confidence"": ""high""}",a multiple choice question,,False,,,,,,False,
327,"trend analysis, inductive reasoning",trend,False,A,B,False,False,False,InWild,baseline,,direction,trend,,,False,,,,[],mcq,,,,,"{""branch"": ""trend""}",a binary question,,False,,,,,,False,
320,deductive reasoning,trend,False,A,C,False,False,True,InWild,baseline,,direction,trend,C,high,True,,,line_plot,"[""low_r2""]",mcq,,,,,"{""branch"": ""trend"", ""direction"": ""increasing"", ""slope"": 0.11846, ""r2"": 0.131529, ""vision_confidence"": ""high""}",a multiple choice question,,False,,,,,,False,
318,trend analysis,trend,False,B,D,False,False,True,InWild,baseline,,change_point,trend,D,high,True,,,line_plot,"[""low_r2""]",mcq,,,,,"{""branch"": ""trend"", ""vision_confidence"": ""high""}",a multiple choice question,,False,,,,,,False,
321,"noise analysis, analogical reasoning",noise,False,B,B,True,False,True,InWild,baseline,,white_noise,noise,B,high,True,,,spectrogram,"[""adf_kpss_disagree"", ""arch_effects""]",mcq,,,,,"{""branch"": ""noise"", ""is_stationary"": false, ""is_white_noise"": false, ""adf_pval"": 0.363987, ""kpss_pval"": 0.1, ""vision_confidence"": ""high""}",a binary question,,False,,,,,,False,
332,inductive reasoning,trend,False,B,B,True,False,False,InWild,baseline,,direction,trend,,,False,,,,[],mcq,,,,,"{""branch"": ""trend"", ""direction"": ""increasing"", ""slope"": 13.234947, ""r2"": 0.851897}",a binary question,,False,,,,,,False,
326,trend analysis,trend,False,C,C,True,False,True,InWild,baseline,,direction,trend,C,high,True,,,line_plot,"[""low_r2""]",mcq,,,,,"{""branch"": ""trend"", ""direction"": ""increasing"", ""slope"": 0.11846, ""r2"": 0.131529, ""vision_confidence"": ""high""}",a multiple choice question,,False,,,,,,False,
323,volatility analysis,noise,False,C,A,False,False,True,InWild,baseline,,variance_level,noise,A,high,True,,,spectrogram,"[""arch_effects""]",mcq,,,,,"{""branch"": ""noise"", ""is_stationary"": true, ""is_white_noise"": false, ""adf_pval"": 4.3e-05, ""kpss_pval"": 0.1, ""vision_confidence"": ""high""}",a multiple choice question,,False,,,,,,False,
338,trend analysis,trend,False,A,8461.501452514802,False,False,False,InWild,baseline,,direction,trend,,,,,,,[],numerical,8461.501452514802,var,closed_form,,"{""branch"": ""trend"", ""direction"": ""increasing"", ""slope"": 5.19539, ""r2"": 0.718544}",a multiple choice question,,False,,,,,,False,
325,"basic analysis, analogical reasoning",similarity,False,A,A,True,False,True,InWild,baseline,,shape,similarity,A,high,True,,,line_plot,[],mcq,,,,,"{""branch"": ""similarity"", ""best_lag"": 0, ""vision_confidence"": ""high""}",a multiple choice question,,False,,,,,,False,
322,"trend analysis, analogical reasoning",trend,False,C,D,False,False,True,InWild,baseline,,change_point,trend,D,high,True,,,line_plot,"[""low_r2""]",mcq,,,,,"{""branch"": ""trend"", ""vision_confidence"": ""high""}",a multiple choice question,,False,,,,,,False,
324,"basic analysis, causal reasoning",anomaly,False,B,D,False,False,True,InWild,baseline,,point_anomaly,anomaly,D,high,True,,,spectrogram,[],mcq,,,,,"{""branch"": ""anomaly"", ""vision_confidence"": ""high""}",a multiple choice question,,False,,,,,,False,
335,"trend analysis, inductive reasoning",trend,False,A,B,False,False,False,InWild,baseline,,direction,trend,,,False,,,,[],mcq,,,,,"{""branch"": ""trend"", ""direction"": ""increasing"", ""slope"": 75.527434, ""r2"": 0.69723}",a binary question,,False,,,,,,False,
329,counterfactual reasoning,noise,False,B,B,True,False,True,InWild,baseline,,variance_level,noise,B,high,True,,,spectrogram,"[""arch_effects""]",mcq,,,,,"{""branch"": ""noise"", ""is_stationary"": true, ""is_white_noise"": false, ""adf_pval"": 3e-06, ""kpss_pval"": 0.1, ""vision_confidence"": ""high""}",a binary question,,False,,,,,,False,
328,inductive reasoning,similarity,False,A,B,False,False,True,InWild,baseline,,shape,similarity,B,high,True,,,line_plot,[],mcq,,,,,"{""branch"": ""similarity"", ""best_lag"": 0, ""vision_confidence"": ""high""}",a binary question,,False,,,,,,False,
330,volatility analysis,noise,False,B,B,True,False,True,InWild,baseline,,variance_level,noise,B,high,True,,,spectrogram,"[""arch_effects""]",mcq,,,,,"{""branch"": ""noise"", ""is_stationary"": true, ""is_white_noise"": false, ""adf_pval"": 3e-06, ""kpss_pval"": 0.1, ""vision_confidence"": ""high""}",a binary question,,False,,,,,,False,
331,"noise analysis, deductive reasoning",noise,False,A,B,False,False,True,InWild,baseline,,white_noise,noise,B,high,True,,,spectrogram,"[""arch_effects""]",mcq,,,,,"{""branch"": ""noise"", ""is_stationary"": true, ""is_white_noise"": false, ""adf_pval"": 3.9e-05, ""kpss_pval"": 0.073034, ""vision_confidence"": ""high""}",a binary question,,False,,,,,,False,
334,trend analysis,noise,False,C,A,False,False,True,InWild,baseline,,ar_ma_process,noise,A,high,True,,,spectrogram,"[""arch_effects""]",mcq,,,,,"{""branch"": ""noise"", ""is_stationary"": true, ""is_white_noise"": false, ""adf_pval"": 0.0, ""kpss_pval"": 0.1, ""vision_confidence"": ""high""}",a multiple choice question,,False,,,,,,False,
333,analogical reasoning,similarity,False,B,C,False,False,True,InWild,baseline,,shape,similarity,C,high,True,,,line_plot,[],mcq,,,,,"{""branch"": ""similarity"", ""best_lag"": 0, ""vision_confidence"": ""high""}",a multiple choice question,,False,,,,,,False,
336,counterfactual reasoning,trend,False,D,D,True,False,True,InWild,baseline,,change_point,trend,D,high,True,,,line_plot,"[""low_r2""]",mcq,,,,,"{""branch"": ""trend"", ""vision_confidence"": ""high""}",a multiple choice question,,False,,,,,,False,
340,"seasonality analysis, deductive reasoning",periodicity,False,A,B,False,False,True,InWild,baseline,,waveform_type,periodicity,B,high,True,,,line_plot,"[""fft_unreliable""]",mcq,,,,,"{""branch"": ""periodicity"", ""vision_confidence"": ""high""}",a multiple choice question,,False,,,,,,False,
341,"trend analysis, deductive reasoning",similarity,False,D,A,False,False,True,InWild,baseline,,shape,similarity,A,high,True,,,line_plot,[],mcq,,,,,"{""branch"": ""similarity"", ""best_lag"": 0, ""vision_confidence"": ""high""}",a multiple choice question,,False,,,,,,False,
339,"trend analysis, counterfactual reasoning",trend,False,C,D,False,False,True,InWild,baseline,,direction,trend,D,high,True,,,line_plot,"[""low_r2""]",mcq,,,,,"{""branch"": ""trend"", ""vision_confidence"": ""high""}",a multiple choice question,,False,,,,,,False,
337,counterfactual reasoning,trend,False,D,D,True,False,True,InWild,baseline,,change_point,trend,D,high,True,,,line_plot,"[""low_r2""]",mcq,,,,,"{""branch"": ""trend"", ""vision_confidence"": ""high""}",a multiple choice question,,False,,,,,,False,
342,"trend analysis, inductive reasoning",trend,False,D,D,True,False,True,InWild,baseline,,change_point,trend,D,high,True,,,line_plot,"[""low_r2""]",mcq,,,,,"{""branch"": ""trend"", ""vision_confidence"": ""high""}",a multiple choice question,,False,,,,,,False,
344,"volatility analysis, analogical reasoning",similarity,False,B,A,False,False,True,InWild,baseline,,statistical,similarity,A,high,True,,,line_plot,[],mcq,,,,,"{""branch"": ""similarity"", ""best_lag"": 0, ""vision_confidence"": ""high""}",a binary question,,False,,,,,,False,
345,inductive reasoning,trend,False,C,A,False,False,True,InWild,baseline,,direction,trend,A,high,True,,,line_plot,[],mcq,,,,,"{""branch"": ""trend"", ""direction"": ""increasing"", ""slope"": 2364.439026, ""r2"": 0.774863, ""vision_confidence"": ""high""}",a multiple choice question,,False,,,,,,False,
343,"noise analysis, analogical reasoning",noise,False,B,A,False,False,True,InWild,baseline,,white_noise,noise,A,high,True,,,spectrogram,"[""arch_effects""]",mcq,,,,,"{""branch"": ""noise"", ""is_stationary"": false, ""is_white_noise"": false, ""adf_pval"": 0.969832, ""kpss_pval"": 0.01, ""vision_confidence"": ""high""}",a multiple choice question,,False,,,,,,False,
346,basic analysis,trend,False,B,A,False,False,True,InWild,baseline,,change_point,trend,A,high,True,,,line_plot,"[""low_r2""]",mcq,,,,,"{""branch"": ""trend"", ""vision_confidence"": ""high""}",a binary question,,False,,,,,,False,
354,"basic analysis, inductive reasoning",periodicity,False,B,B,True,False,False,InWild,baseline,,period_value,periodicity,,,False,,,,[],mcq,,,,,"{""branch"": ""periodicity"", ""dominant_period_fft"": 24.0, ""period_reconciled"": 24.0, ""seasonal_strength"": 0.621208}",a binary question,,False,,,,,,False,
348,trend analysis,noise,False,A,B,False,False,True,InWild,baseline,,ar_ma_process,noise,B,high,True,,,spectrogram,"[""arch_effects""]",mcq,,,,,"{""branch"": ""noise"", ""is_stationary"": false, ""is_white_noise"": false, ""adf_pval"": 0.969832, ""kpss_pval"": 0.01, ""vision_confidence"": ""high""}",a binary question,,False,,,,,,False,
359,"basic analysis, causal reasoning",anomaly,False,C,C,True,False,False,InWild,baseline,,point_anomaly,anomaly,,,False,,,,[],mcq,,,,,"{""branch"": ""anomaly""}",a multiple choice question,,False,,,,,,False,
350,"noise analysis, analogical reasoning",noise,False,B,A,False,False,True,InWild,baseline,,white_noise,noise,A,high,True,,,spectrogram,"[""arch_effects""]",mcq,,,,,"{""branch"": ""noise"", ""is_stationary"": false, ""is_white_noise"": false, ""adf_pval"": 0.999087, ""kpss_pval"": 0.01, ""vision_confidence"": ""high""}",a binary question,,False,,,,,,False,
349,trend analysis,trend,False,B,B,True,False,True,InWild,baseline,,direction,trend,B,high,True,,,line_plot,"[""low_r2""]",mcq,,,,,"{""branch"": ""trend"", ""vision_confidence"": ""high""}",a binary question,,False,,,,,,False,
351,"seasonality analysis, counterfactual reasoning",periodicity,False,A,A,True,False,True,InWild,baseline,,waveform_type,periodicity,A,high,True,,,line_plot,[],mcq,,,,,"{""branch"": ""periodicity"", ""vision_confidence"": ""high""}",a binary question,,False,,,,,,False,
363,"noise analysis, analogical reasoning",periodicity,False,A,B,False,False,False,InWild,baseline,,waveform_type,periodicity,,,False,,,,[],mcq,,,,,"{""branch"": ""periodicity""}",a binary question,,False,,,,,,False,
352,analogical reasoning,periodicity,False,D,B,False,False,True,InWild,baseline,,waveform_type,periodicity,B,high,True,,,line_plot,[],mcq,,,,,"{""branch"": ""periodicity"", ""vision_confidence"": ""high""}",a multiple choice question,,False,,,,,,False,
355,deductive reasoning,periodicity,False,D,B,False,False,True,InWild,baseline,,period_value,periodicity,B,high,True,,,spectrogram,[],mcq,,,,,"{""branch"": ""periodicity"", ""dominant_period_fft"": 24.0, ""period_reconciled"": 24.0, ""seasonal_strength"": 0.573736, ""vision_confidence"": ""high""}",a multiple choice question,,False,,,,,,False,
357,seasonality analysis,periodicity,False,B,B,True,False,True,InWild,baseline,,period_value,periodicity,B,high,True,,,spectrogram,"[""fft_unreliable""]",mcq,,,,,"{""branch"": ""periodicity"", ""vision_confidence"": ""high""}",a binary question,,False,,,,,,False,
358,"seasonality analysis, counterfactual reasoning",periodicity,False,B,B,True,False,True,InWild,baseline,,amplitude_change,periodicity,B,high,True,,,line_plot,[],mcq,,,,,"{""branch"": ""periodicity"", ""vision_confidence"": ""high""}",a binary question,,False,,,,,,False,
371,basic analysis,anomaly,False,A,,False,False,False,InWild,baseline,,pattern_flip,anomaly,,,,,,,[],numerical,,,no_quantity_match,,"{""branch"": ""anomaly""}",a binary question,,False,,,,,,False,
353,"noise analysis, counterfactual reasoning",noise,False,B,A,False,False,True,InWild,baseline,,variance_level,noise,A,high,True,,,spectrogram,"[""arch_effects""]",mcq,,,,,"{""branch"": ""noise"", ""is_stationary"": true, ""is_white_noise"": false, ""adf_pval"": 0.00132, ""kpss_pval"": 0.1, ""vision_confidence"": ""high""}",a binary question,,False,,,,,,False,
360,seasonality analysis,similarity,True,C,C,True,False,True,InWild,baseline,,shape,similarity,C,medium,True,,,spectrogram,[],mcq,,,,,"{""branch"": ""similarity"", ""best_lag"": 20, ""vision_confidence"": ""medium""}",a multiple choice question,,False,,,,,,False,
364,counterfactual reasoning,anomaly,False,D,A,False,False,True,InWild,baseline,,pattern_flip,anomaly,A,high,True,,,spectrogram,[],mcq,,,,,"{""branch"": ""anomaly"", ""vision_confidence"": ""high""}",a multiple choice question,,False,,,,,,False,
365,"trend analysis, deductive reasoning",trend,False,B,B,True,False,True,InWild,baseline,,direction,trend,B,high,True,,,line_plot,[],mcq,,,,,"{""branch"": ""trend"", ""direction"": ""decreasing"", ""slope"": -8.032443, ""r2"": 0.974797, ""vision_confidence"": ""high""}",a binary question,,False,,,,,,False,
362,"basic analysis, analogical reasoning",similarity,False,D,D,True,False,True,InWild,baseline,,statistical,similarity,D,high,True,,,line_plot,[],mcq,,,,,"{""branch"": ""similarity"", ""best_lag"": 0, ""vision_confidence"": ""high""}",a multiple choice question,,False,,,,,,False,
367,"volatility analysis, inductive reasoning",noise,False,A,B,False,False,True,InWild,baseline,,variance_level,noise,B,high,True,,,spectrogram,"[""arch_effects""]",mcq,,,,,"{""branch"": ""noise"", ""is_stationary"": false, ""is_white_noise"": false, ""adf_pval"": 0.984138, ""kpss_pval"": 0.01, ""vision_confidence"": ""high""}",a binary question,,False,,,,,,False,
366,noise analysis,noise,False,B,B,True,False,True,InWild,baseline,,variance_level,noise,B,high,True,,,spectrogram,"[""arch_effects""]",mcq,,,,,"{""branch"": ""noise"", ""is_stationary"": false, ""is_white_noise"": false, ""adf_pval"": 0.984138, ""kpss_pval"": 0.01, ""vision_confidence"": ""high""}",a multiple choice question,,False,,,,,,False,
368,trend analysis,trend,False,A,C,False,False,True,InWild,baseline,,direction,trend,C,high,True,,,spectrogram,[],mcq,,,,,"{""branch"": ""trend"", ""direction"": ""decreasing"", ""slope"": -8.032443, ""r2"": 0.974797, ""vision_confidence"": ""high""}",a multiple choice question,,False,,,,,,False,
369,"basic analysis, analogical reasoning",similarity,False,B,A,False,False,True,InWild,baseline,,statistical,similarity,A,high,True,,,line_plot,[],mcq,,,,,"{""branch"": ""similarity"", ""best_lag"": 0, ""vision_confidence"": ""high""}",a binary question,,False,,,,,,False,
347,"volatility analysis, analogical reasoning",similarity,False,C,C,True,False,True,InWild,baseline,,statistical,similarity,B,high,True,,,line_plot,[],mcq,,,,,"{""branch"": ""similarity"", ""best_lag"": 0, ""vision_confidence"": ""high""}",a multiple choice question,,False,,,,,,False,
370,inductive reasoning,noise,False,B,B,True,False,True,InWild,baseline,,white_noise,noise,B,high,True,,,spectrogram,"[""arch_effects""]",mcq,,,,,"{""branch"": ""noise"", ""is_stationary"": false, ""is_white_noise"": false, ""adf_pval"": 0.998445, ""kpss_pval"": 0.01, ""vision_confidence"": ""high""}",a multiple choice question,,False,,,,,,False,
373,volatility analysis,noise,False,B,B,True,False,True,InWild,baseline,,variance_level,noise,A,high,True,,,spectrogram,"[""arch_effects""]",mcq,,,,,"{""branch"": ""noise"", ""is_stationary"": true, ""is_white_noise"": false, ""adf_pval"": 0.009675, ""kpss_pval"": 0.1, ""vision_confidence"": ""high""}",a binary question,,False,,,,,,False,
375,"volatility analysis, inductive reasoning",noise,False,A,A,True,False,True,InWild,baseline,,variance_level,noise,B,high,True,,,spectrogram,"[""arch_effects""]",mcq,,,,,"{""branch"": ""noise"", ""is_stationary"": true, ""is_white_noise"": false, ""adf_pval"": 0.009675, ""kpss_pval"": 0.1, ""vision_confidence"": ""high""}",a binary question,,False,,,,,,False,
374,"volatility analysis, analogical reasoning",trend,False,B,B,True,False,True,InWild,baseline,,direction,trend,B,high,True,,,line_plot,[],mcq,,,,,"{""branch"": ""trend"", ""direction"": ""decreasing"", ""slope"": -11.086998, ""r2"": 0.670116, ""vision_confidence"": ""high""}",a binary question,,False,,,,,,False,
372,"noise analysis, inductive reasoning",noise,False,B,A,False,False,True,InWild,baseline,,white_noise,noise,D,high,True,,,spectrogram,"[""arch_effects""]",mcq,,,,,"{""branch"": ""noise"", ""is_stationary"": false, ""is_white_noise"": false, ""adf_pval"": 0.965042, ""kpss_pval"": 0.01, ""vision_confidence"": ""high""}",a multiple choice question,,False,,,,,,False,
376,"basic analysis, inductive reasoning",trend,False,A,A,True,False,True,InWild,baseline,,direction,trend,A,high,True,,,line_plot,[],mcq,,,,,"{""branch"": ""trend"", ""direction"": ""increasing"", ""slope"": 557.586139, ""r2"": 0.91512, ""vision_confidence"": ""high""}",a multiple choice question,,False,,,,,,False,
377,"volatility analysis, deductive reasoning",noise,False,D,C,False,False,True,InWild,baseline,,variance_level,noise,C,high,True,,,spectrogram,"[""adf_kpss_disagree""]",mcq,,,,,"{""branch"": ""noise"", ""is_stationary"": false, ""is_white_noise"": true, ""adf_pval"": 6e-06, ""kpss_pval"": 0.036656, ""vision_confidence"": ""high""}",a multiple choice question,,False,,,,,,False,
378,"volatility analysis, deductive reasoning",noise,False,B,A,False,False,True,InWild,baseline,,variance_level,noise,A,high,True,,,spectrogram,"[""arch_effects""]",mcq,,,,,"{""branch"": ""noise"", ""is_stationary"": false, ""is_white_noise"": false, ""adf_pval"": 0.965042, ""kpss_pval"": 0.01, ""vision_confidence"": ""high""}",a multiple choice question,,False,,,,,,False,
381,"trend analysis, inductive reasoning",trend,False,C,C,True,False,True,InWild,baseline,,change_point,trend,C,high,True,,,line_plot,"[""low_r2""]",mcq,,,,,"{""branch"": ""trend"", ""vision_confidence"": ""high""}",a multiple choice question,,False,,,,,,False,
379,trend analysis,trend,False,A,A,True,False,True,InWild,baseline,,direction,trend,A,high,True,,,line_plot,[],mcq,,,,,"{""branch"": ""trend"", ""direction"": ""decreasing"", ""slope"": -20.119121, ""r2"": 0.903859, ""vision_confidence"": ""high""}",a binary question,,False,,,,,,False,
386,seasonality analysis,similarity,True,C,C,True,False,False,InWild,baseline,,statistical,similarity,,,False,,,,[],mcq,,,,,"{""branch"": ""similarity"", ""best_lag"": 20}",a multiple choice question,,False,,,,,,False,
389,"seasonality analysis, counterfactual reasoning",periodicity,False,A,B,False,False,False,InWild,baseline,,period_value,periodicity,,,False,,,,[],mcq,,,,,"{""branch"": ""periodicity"", ""dominant_period_fft"": 24.0, ""period_reconciled"": 24.0, ""seasonal_strength"": 0.78296}",a binary question,,False,,,,,,False,
382,"trend analysis, inductive reasoning",trend,False,D,D,True,False,True,InWild,baseline,,direction,trend,D,high,True,,,line_plot,[],mcq,,,,,"{""branch"": ""trend"", ""direction"": ""increasing"", ""slope"": 3.050906, ""r2"": 0.756498, ""vision_confidence"": ""high""}",a multiple choice question,,False,,,,,,False,
361,"trend analysis, inductive reasoning",trend,True,A,A,True,False,True,InWild,baseline,,direction,trend,A,high,True,,,line_plot,"[""low_r2""]",mcq,,,,,"{""branch"": ""trend"", ""vision_confidence"": ""high""}",a binary question,,False,,,,,,False,
380,"basic analysis, analogical reasoning",similarity,False,B,A,False,False,True,InWild,baseline,,statistical,similarity,A,high,True,,,line_plot,[],mcq,,,,,"{""branch"": ""similarity"", ""best_lag"": 0, ""vision_confidence"": ""high""}",a binary question,,False,,,,,,False,
383,"seasonality analysis, deductive reasoning",periodicity,False,B,B,True,False,True,InWild,baseline,,period_value,periodicity,B,high,True,,,spectrogram,[],mcq,,,,,"{""branch"": ""periodicity"", ""dominant_period_fft"": 2.769231, ""period_reconciled"": 2.769231, ""seasonal_strength"": 0.212739, ""vision_confidence"": ""high""}",a binary question,,False,,,,,,False,
400,basic analysis,trend,False,B,,False,False,False,InWild,baseline,,direction,trend,,,,,,,"[""low_r2""]",numerical,,,no_quantity_match,,"{""branch"": ""trend""}",a binary question,,False,,,,,,False,
384,"noise analysis, analogical reasoning",similarity,False,A,A,True,False,True,InWild,baseline,,statistical,similarity,A,high,True,,,line_plot,[],mcq,,,,,"{""branch"": ""similarity"", ""best_lag"": 0, ""vision_confidence"": ""high""}",a binary question,,False,,,,,,False,
356,basic analysis,anomaly,True,C,C,True,False,True,InWild,baseline,,point_anomaly,anomaly,C,high,True,,,spectrogram,[],mcq,,,,,"{""branch"": ""anomaly"", ""vision_confidence"": ""high""}",a multiple choice question,,False,,,,,,False,
385,"noise analysis, counterfactual reasoning",noise,False,B,D,False,False,True,InWild,baseline,,white_noise,noise,D,high,True,,,spectrogram,"[""arch_effects""]",mcq,,,,,"{""branch"": ""noise"", ""is_stationary"": false, ""is_white_noise"": false, ""adf_pval"": 0.698008, ""kpss_pval"": 0.01, ""vision_confidence"": ""high""}",a multiple choice question,,False,,,,,,False,
388,"seasonality analysis, deductive reasoning",periodicity,False,D,C,False,False,True,InWild,baseline,,period_value,periodicity,C,high,True,,,spectrogram,[],mcq,,,,,"{""branch"": ""periodicity"", ""dominant_period_fft"": 12.0, ""period_reconciled"": 12.0, ""seasonal_strength"": 0.688775, ""vision_confidence"": ""high""}",a multiple choice question,,False,,,,,,False,
387,inductive reasoning,causality,True,A,B,False,False,True,InWild,baseline,,lag_direction,causality,B,high,True,,,spectrogram,"[""granger_not_significant""]",mcq,,,,,"{""branch"": ""causality"", ""direction"": ""none"", ""best_lag"": 24, ""best_corr"": -0.832846, ""pval_12"": 1.0, ""pval_21"": 1.0, ""vision_confidence"": ""high""}",a binary question,,False,,,,,,False,
392,"seasonality analysis, causal reasoning",periodicity,False,A,A,True,False,True,InWild,baseline,,waveform_type,periodicity,A,high,True,,,line_plot,"[""fft_unreliable""]",mcq,,,,,"{""branch"": ""periodicity"", ""vision_confidence"": ""high""}",a multiple choice question,,False,,,,,,False,
402,"noise analysis, causal reasoning",anomaly,False,B,B,True,False,False,InWild,baseline,,point_anomaly,anomaly,,,False,,,,[],mcq,,,,,"{""branch"": ""anomaly""}",a binary question,,False,,,,,,False,
391,"noise analysis, causal reasoning",anomaly,False,A,B,False,False,True,InWild,baseline,,point_anomaly,anomaly,B,high,True,,,line_plot,[],mcq,,,,,"{""branch"": ""anomaly"", ""vision_confidence"": ""high""}",a binary question,,False,,,,,,False,
390,"trend analysis, causal reasoning",causality,False,A,B,False,False,True,InWild,baseline,,lag_direction,causality,B,high,True,,,spectrogram,"[""granger_not_significant""]",mcq,,,,,"{""branch"": ""causality"", ""direction"": ""none"", ""best_lag"": 0, ""best_corr"": 1.0, ""pval_12"": 1.0, ""pval_21"": 1.0, ""vision_confidence"": ""high""}",a multiple choice question,,False,,,,,,False,
394,"noise analysis, deductive reasoning",noise,False,D,D,True,False,True,InWild,baseline,,white_noise,noise,D,high,True,,,spectrogram,[],mcq,,,,,"{""branch"": ""noise"", ""is_stationary"": true, ""is_white_noise"": true, ""adf_pval"": 0.0, ""kpss_pval"": 0.1, ""vision_confidence"": ""high""}",a multiple choice question,,False,,,,,,False,
393,"noise analysis, analogical reasoning",similarity,False,A,A,True,False,True,InWild,baseline,,statistical,similarity,A,high,True,,,line_plot,[],mcq,,,,,"{""branch"": ""similarity"", ""best_lag"": 0, ""vision_confidence"": ""high""}",a binary question,,False,,,,,,False,
396,analogical reasoning,similarity,False,D,D,True,False,True,InWild,baseline,,shape,similarity,D,high,True,,,line_plot,[],mcq,,,,,"{""branch"": ""similarity"", ""best_lag"": 0, ""vision_confidence"": ""high""}",a multiple choice question,,False,,,,,,False,
397,trend analysis,trend,False,A,A,True,False,True,InWild,baseline,,direction,trend,A,high,True,,,line_plot,[],mcq,,,,,"{""branch"": ""trend"", ""direction"": ""increasing"", ""slope"": 3.532644, ""r2"": 0.925447, ""vision_confidence"": ""high""}",a multiple choice question,,False,,,,,,False,
399,volatility analysis,trend,False,B,B,True,False,True,InWild,baseline,,direction,trend,B,high,True,,,line_plot,[],mcq,,,,,"{""branch"": ""trend"", ""direction"": ""increasing"", ""slope"": 3.532644, ""r2"": 0.925447, ""vision_confidence"": ""high""}",a binary question,,False,,,,,,False,
398,"basic analysis, inductive reasoning",trend,False,D,D,True,False,True,InWild,baseline,,direction,trend,D,high,True,,,line_plot,[],mcq,,,,,"{""branch"": ""trend"", ""direction"": ""increasing"", ""slope"": 3.532644, ""r2"": 0.925447, ""vision_confidence"": ""high""}",a multiple choice question,,False,,,,,,False,
407,"trend analysis, deductive reasoning",trend,False,D,D,True,False,False,InWild,baseline,,direction,trend,,,False,,,,[],mcq,,,,,"{""branch"": ""trend"", ""direction"": ""increasing"", ""slope"": 42.431865, ""r2"": 0.876117}",a multiple choice question,,False,,,,,,False,
395,"trend analysis, causal reasoning",trend,False,B,B,True,False,True,InWild,baseline,,direction,trend,B,high,True,,,line_plot,"[""low_r2""]",mcq,,,,,"{""branch"": ""trend"", ""direction"": ""decreasing"", ""slope"": -0.000748, ""r2"": 0.001911, ""vision_confidence"": ""high""}",a binary question,,False,,,,,,False,
401,"trend analysis, analogical reasoning",trend,False,C,C,True,False,True,InWild,baseline,,direction,trend,C,high,True,,,line_plot,"[""low_r2""]",mcq,,,,,"{""branch"": ""trend"", ""direction"": ""decreasing"", ""slope"": -8.205057, ""r2"": 0.126347, ""vision_confidence"": ""high""}",a multiple choice question,,False,,,,,,False,
403,"noise analysis, counterfactual reasoning",noise,False,B,B,True,False,True,InWild,baseline,,variance_level,noise,B,high,True,,,spectrogram,"[""arch_effects""]",mcq,,,,,"{""branch"": ""noise"", ""is_stationary"": true, ""is_white_noise"": false, ""adf_pval"": 5.6e-05, ""kpss_pval"": 0.1, ""vision_confidence"": ""high""}",a binary question,,False,,,,,,False,
404,trend analysis,trend,True,B,B,True,False,True,InWild,baseline,,direction,trend,B,high,True,,,line_plot,"[""low_r2""]",mcq,,,,,"{""branch"": ""trend"", ""vision_confidence"": ""high""}",a binary question,,False,,,,,,False,
406,"seasonality analysis, deductive reasoning",periodicity,False,D,B,False,False,True,InWild,baseline,,period_value,periodicity,B,high,True,,,spectrogram,[],mcq,,,,,"{""branch"": ""periodicity"", ""dominant_period_fft"": 2.4, ""period_reconciled"": 2.4, ""seasonal_strength"": 0.130916, ""vision_confidence"": ""high""}",a multiple choice question,,False,,,,,,False,
408,"trend analysis, analogical reasoning",similarity,False,C,C,True,False,True,InWild,baseline,,shape,similarity,C,high,True,,,line_plot,[],mcq,,,,,"{""branch"": ""similarity"", ""best_lag"": 0, ""vision_confidence"": ""high""}",a multiple choice question,,False,,,,,,False,
414,deductive reasoning,trend,False,C,C,True,False,True,InWild,baseline,,change_point,trend,C,high,True,,,line_plot,"[""low_r2""]",mcq,,,,,"{""branch"": ""trend"", ""direction"": ""increasing"", ""slope"": 1.987819, ""r2"": 0.314984, ""vision_confidence"": ""high""}",a multiple choice question,,False,,,,,,False,
405,"trend analysis, analogical reasoning",similarity,True,B,B,True,False,True,InWild,baseline,,statistical,similarity,B,high,True,,,line_plot,[],mcq,,,,,"{""branch"": ""similarity"", ""best_lag"": -20, ""vision_confidence"": ""high""}",a binary question,,False,,,,,,False,
416,noise analysis,noise,False,A,A,True,False,True,InWild,baseline,,white_noise,noise,B,high,True,,,spectrogram,"[""arch_effects""]",mcq,,,,,"{""branch"": ""noise"", ""is_stationary"": false, ""is_white_noise"": false, ""adf_pval"": 0.841227, ""kpss_pval"": 0.01, ""vision_confidence"": ""high""}",a binary question,,False,,,,,,False,
409,"trend analysis, analogical reasoning",similarity,True,A,A,True,False,True,InWild,baseline,,shape,similarity,A,high,True,,,line_plot,[],mcq,,,,,"{""branch"": ""similarity"", ""best_lag"": 0, ""vision_confidence"": ""high""}",a binary question,,False,,,,,,False,
410,"trend analysis, analogical reasoning",noise,False,C,C,True,False,True,InWild,baseline,,stationarity,noise,C,high,True,,,spectrogram,"[""arch_effects""]",mcq,,,,,"{""branch"": ""noise"", ""is_stationary"": true, ""is_white_noise"": false, ""adf_pval"": 0.010809, ""kpss_pval"": 0.1, ""vision_confidence"": ""high""}",a multiple choice question,,False,,,,,,False,
413,causal reasoning,anomaly,False,A,B,False,False,True,InWild,baseline,,pattern_flip,anomaly,B,high,True,,,spectrogram,[],mcq,,,,,"{""branch"": ""anomaly"", ""vision_confidence"": ""high""}",a binary question,,False,,,,,,False,
418,"volatility analysis, inductive reasoning",noise,False,C,C,True,False,True,InWild,baseline,,variance_level,noise,C,high,True,,,spectrogram,"[""arch_effects""]",mcq,,,,,"{""branch"": ""noise"", ""is_stationary"": true, ""is_white_noise"": false, ""adf_pval"": 0.001318, ""kpss_pval"": 0.1, ""vision_confidence"": ""high""}",a multiple choice question,,False,,,,,,False,
424,seasonality analysis,periodicity,False,C,A,False,False,False,InWild,baseline,,period_value,periodicity,,,False,,,,[],mcq,,,,,"{""branch"": ""periodicity"", ""dominant_period_fft"": 52.0, ""period_reconciled"": 52.0, ""seasonal_strength"": 0.887493}",a multiple choice question,,False,,,,,,False,
429,"basic analysis, inductive reasoning",trend,False,A,B,False,False,False,InWild,baseline,,functional_form,trend,,,False,,,,[],mcq,,,,,"{""branch"": ""trend"", ""direction"": ""increasing"", ""slope"": 133.146399, ""r2"": 0.907493}",a binary question,,False,,,,,,False,
419,"volatility analysis, analogical reasoning",trend,False,C,A,False,False,True,InWild,baseline,,change_point,trend,A,high,True,,,line_plot,[],mcq,,,,,"{""branch"": ""trend"", ""vision_confidence"": ""high""}",a multiple choice question,,False,,,,,,False,
412,"trend analysis, inductive reasoning",trend,False,C,C,True,False,True,InWild,baseline,,direction,trend,C,high,True,,,line_plot,[],mcq,,,,,"{""branch"": ""trend"", ""direction"": ""increasing"", ""slope"": 2.006684, ""r2"": 0.705282, ""vision_confidence"": ""high""}",a multiple choice question,,False,,,,,,False,
421,"seasonality analysis, causal reasoning",periodicity,False,A,A,True,False,True,InWild,baseline,,period_value,periodicity,A,high,True,,,spectrogram,[],mcq,,,,,"{""branch"": ""periodicity"", ""dominant_period_fft"": 24.0, ""period_reconciled"": 24.0, ""seasonal_strength"": 0.264681, ""vision_confidence"": ""high""}",a binary question,,False,,,,,,False,
420,"basic analysis, counterfactual reasoning",periodicity,False,C,C,True,False,True,InWild,baseline,,waveform_type,periodicity,C,high,True,,,line_plot,"[""fft_unreliable""]",mcq,,,,,"{""branch"": ""periodicity"", ""vision_confidence"": ""high""}",a multiple choice question,,False,,,,,,False,
425,deductive reasoning,anomaly,False,A,B,False,False,True,InWild,baseline,,point_anomaly,anomaly,B,high,True,,,spectrogram,[],mcq,,,,,"{""branch"": ""anomaly"", ""vision_confidence"": ""high""}",a multiple choice question,,False,,,,,,False,
433,"basic analysis, counterfactual reasoning",trend,False,B,B,True,False,False,InWild,baseline,,change_point,trend,,,False,,,,[],mcq,,,,,"{""branch"": ""trend""}",a binary question,,False,,,,,,False,
427,"volatility analysis, inductive reasoning",noise,False,B,A,False,False,True,InWild,baseline,,variance_level,noise,A,high,True,,,spectrogram,"[""arch_effects""]",mcq,,,,,"{""branch"": ""noise"", ""is_stationary"": false, ""is_white_noise"": false, ""adf_pval"": 0.092025, ""kpss_pval"": 0.1, ""vision_confidence"": ""high""}",a multiple choice question,,False,,,,,,False,
422,"trend analysis, inductive reasoning",trend,False,C,D,False,False,True,InWild,baseline,,direction,trend,D,high,True,,,line_plot,"[""low_r2""]",mcq,,,,,"{""branch"": ""trend"", ""direction"": ""decreasing"", ""slope"": -4.276188, ""r2"": 0.032807, ""vision_confidence"": ""high""}",a multiple choice question,,False,,,,,,False,
411,"seasonality analysis, inductive reasoning",periodicity,False,B,A,False,False,True,InWild,baseline,,period_change,periodicity,A,high,True,,,line_plot,[],mcq,,,,,"{""branch"": ""periodicity"", ""vision_confidence"": ""high""}",a binary question,,False,,,,,,False,
428,trend analysis,trend,False,C,C,True,False,True,InWild,baseline,,direction,trend,C,high,True,,,line_plot,"[""low_r2""]",mcq,,,,,"{""branch"": ""trend"", ""direction"": ""flat"", ""slope"": 0.000289, ""r2"": 4.1e-05, ""vision_confidence"": ""high""}",a multiple choice question,,False,,,,,,False,
435,"seasonality analysis, counterfactual reasoning",periodicity,False,C,C,True,False,False,InWild,baseline,,period_value,periodicity,,,False,,,,[],mcq,,,,,"{""branch"": ""periodicity"", ""dominant_period_fft"": 12.0, ""period_reconciled"": 12.0, ""seasonal_strength"": 0.47351}",a multiple choice question,,False,,,,,,False,
423,"basic analysis, deductive reasoning",noise,False,C,D,False,False,True,InWild,baseline,,white_noise,noise,D,high,True,,,spectrogram,"[""arch_effects""]",mcq,,,,,"{""branch"": ""noise"", ""is_stationary"": false, ""is_white_noise"": false, ""adf_pval"": 0.99786, ""kpss_pval"": 0.01, ""vision_confidence"": ""high""}",a multiple choice question,,False,,,,,,False,
430,"basic analysis, deductive reasoning",trend,False,A,D,False,False,True,InWild,baseline,,direction,trend,D,high,True,,,spectrogram,"[""low_r2""]",mcq,,,,,"{""branch"": ""trend"", ""vision_confidence"": ""high""}",a multiple choice question,,False,,,,,,False,
415,analogical reasoning,trend,False,A,B,False,False,True,InWild,baseline,,change_point,trend,B,high,True,,,line_plot,"[""low_r2""]",mcq,,,,,"{""branch"": ""trend"", ""vision_confidence"": ""high""}",a binary question,,False,,,,,,False,
426,"noise analysis, analogical reasoning",similarity,False,D,A,False,False,True,InWild,baseline,,statistical,similarity,A,high,True,,,line_plot,[],mcq,,,,,"{""branch"": ""similarity"", ""best_lag"": 0, ""vision_confidence"": ""high""}",a multiple choice question,,False,,,,,,False,
431,"trend analysis, counterfactual reasoning",trend,False,D,D,True,False,True,InWild,baseline,,change_point,trend,D,high,True,,,line_plot,"[""low_r2""]",mcq,,,,,"{""branch"": ""trend"", ""vision_confidence"": ""high""}",a multiple choice question,,False,,,,,,False,
446,trend analysis,anomaly,False,C,D,False,False,False,InWild,baseline,,point_anomaly,anomaly,,,False,,,,[],mcq,,,,,"{""branch"": ""anomaly"", ""outlier_count"": 0, ""max_deviation"": 1.152739}",a multiple choice question,,False,,,,,,False,
432,causal reasoning,anomaly,False,B,A,False,False,True,InWild,baseline,,point_anomaly,anomaly,A,high,True,,,spectrogram,[],mcq,,,,,"{""branch"": ""anomaly"", ""vision_confidence"": ""high""}",a binary question,,False,,,,,,False,
436,"trend analysis, inductive reasoning",trend,False,B,B,True,False,True,InWild,baseline,,change_point,trend,B,high,True,,,line_plot,"[""low_r2""]",mcq,,,,,"{""branch"": ""trend"", ""vision_confidence"": ""high""}",a binary question,,False,,,,,,False,
439,"seasonality analysis, inductive reasoning",trend,False,C,C,True,False,True,InWild,baseline,,direction,trend,C,high,True,,,line_plot,"[""low_r2""]",mcq,,,,,"{""branch"": ""trend"", ""direction"": ""increasing"", ""slope"": 1.452308, ""r2"": 0.364783, ""vision_confidence"": ""high""}",a multiple choice question,,False,,,,,,False,
434,"noise analysis, deductive reasoning",noise,True,A,A,True,False,True,InWild,baseline,,variance_level,noise,A,high,True,,,spectrogram,"[""arch_effects""]",mcq,,,,,"{""branch"": ""noise"", ""is_stationary"": false, ""is_white_noise"": false, ""adf_pval"": 0.131117, ""kpss_pval"": 0.01, ""vision_confidence"": ""high""}",a binary question,,False,,,,,,False,
450,basic analysis,trend,False,D,D,True,False,False,InWild,baseline,,direction,trend,,,False,,,,[],mcq,,,,,"{""branch"": ""trend"", ""direction"": ""increasing"", ""slope"": 953.158431, ""r2"": 0.728645}",a multiple choice question,,False,,,,,,False,
437,"seasonality analysis, deductive reasoning",similarity,False,A,C,False,False,True,InWild,baseline,,shape,similarity,C,high,True,,,spectrogram,[],mcq,,,,,"{""branch"": ""similarity"", ""best_lag"": 0, ""vision_confidence"": ""high""}",a multiple choice question,,False,,,,,,False,
440,"noise analysis, counterfactual reasoning",noise,False,B,C,False,False,True,InWild,baseline,,variance_level,noise,C,high,True,,,spectrogram,"[""arch_effects""]",mcq,,,,,"{""branch"": ""noise"", ""is_stationary"": true, ""is_white_noise"": false, ""adf_pval"": 1e-06, ""kpss_pval"": 0.1, ""vision_confidence"": ""high""}",a multiple choice question,,False,,,,,,False,
438,seasonality analysis,periodicity,False,D,C,False,False,True,InWild,baseline,,period_value,periodicity,C,high,True,,,spectrogram,[],mcq,,,,,"{""branch"": ""periodicity"", ""dominant_period_fft"": 24.0, ""period_reconciled"": 24.0, ""seasonal_strength"": 0.621466, ""vision_confidence"": ""high""}",a multiple choice question,,False,,,,,,False,
442,"trend analysis, counterfactual reasoning",trend,False,A,D,False,False,True,InWild,baseline,,direction,trend,D,high,True,,,line_plot,"[""low_r2""]",mcq,,,,,"{""branch"": ""trend"", ""direction"": ""flat"", ""slope"": 8e-05, ""r2"": 1.7e-05, ""vision_confidence"": ""high""}",a multiple choice question,,False,,,,,,False,
444,"noise analysis, inductive reasoning",noise,False,B,B,True,False,True,InWild,baseline,,variance_level,noise,B,high,True,,,spectrogram,"[""arch_effects""]",mcq,,,,,"{""branch"": ""noise"", ""is_stationary"": false, ""is_white_noise"": false, ""adf_pval"": 0.587987, ""kpss_pval"": 0.01, ""vision_confidence"": ""high""}",a multiple choice question,,False,,,,,,False,
441,"seasonality analysis, analogical reasoning",similarity,False,B,A,False,False,True,InWild,baseline,,shape,similarity,A,high,True,,,spectrogram,[],mcq,,,,,"{""branch"": ""similarity"", ""best_lag"": 0, ""vision_confidence"": ""high""}",a binary question,,False,,,,,,False,
445,analogical reasoning,trend,False,B,B,True,False,True,InWild,baseline,,change_point,trend,B,high,True,,,line_plot,"[""low_r2""]",mcq,,,,,"{""branch"": ""trend"", ""vision_confidence"": ""high""}",a multiple choice question,,False,,,,,,False,
443,"volatility analysis, inductive reasoning",noise,False,A,A,True,False,True,InWild,baseline,,variance_level,noise,A,high,True,,,spectrogram,"[""adf_kpss_disagree"", ""arch_effects""]",mcq,,,,,"{""branch"": ""noise"", ""is_stationary"": false, ""is_white_noise"": false, ""adf_pval"": 0.110284, ""kpss_pval"": 0.087013, ""vision_confidence"": ""high""}",a multiple choice question,,False,,,,,,False,
447,"trend analysis, inductive reasoning",trend,False,C,A,False,False,True,InWild,baseline,,direction,trend,A,high,True,,,line_plot,"[""low_r2""]",mcq,,,,,"{""branch"": ""trend"", ""direction"": ""decreasing"", ""slope"": -31.634722, ""r2"": 0.122755, ""vision_confidence"": ""high""}",a multiple choice question,,False,,,,,,False,
448,trend analysis,trend,False,B,B,True,False,True,InWild,baseline,,change_point,trend,B,high,True,,,line_plot,"[""low_r2""]",mcq,,,,,"{""branch"": ""trend"", ""vision_confidence"": ""high""}",a binary question,,False,,,,,,False,
460,deductive reasoning,trend,False,A,B,False,False,False,InWild,baseline,,change_point,trend,,,False,,,,[],mcq,,,,,"{""branch"": ""trend""}",a binary question,,False,,,,,,False,
449,"trend analysis, deductive reasoning",trend,False,A,B,False,False,True,InWild,baseline,,direction,trend,B,high,True,,,line_plot,"[""low_r2""]",mcq,,,,,"{""branch"": ""trend"", ""direction"": ""increasing"", ""slope"": 54.028314, ""r2"": 0.370364, ""vision_confidence"": ""high""}",a binary question,,False,,,,,,False,
458,"trend analysis, analogical reasoning",similarity,True,A,C,False,False,False,InWild,baseline,,shape,similarity,,,False,,,,[],mcq,,,,,"{""branch"": ""similarity"", ""best_lag"": 14}",a multiple choice question,,False,,,,,,False,
417,"trend analysis, deductive reasoning",trend,False,A,A,True,False,True,InWild,baseline,,direction,trend,A,high,True,,,line_plot,[],mcq,,,,,"{""branch"": ""trend"", ""direction"": ""increasing"", ""slope"": 2.006684, ""r2"": 0.705282, ""vision_confidence"": ""high""}",a binary question,,False,,,,,,False,
451,noise analysis,trend,False,B,B,True,False,True,InWild,baseline,,direction,trend,B,high,True,,,line_plot,"[""low_r2""]",mcq,,,,,"{""branch"": ""trend"", ""direction"": ""increasing"", ""slope"": 0.012964, ""r2"": 0.04438, ""vision_confidence"": ""high""}",a multiple choice question,,False,,,,,,False,
452,causal reasoning,anomaly,False,B,C,False,False,True,InWild,baseline,,point_anomaly,anomaly,C,high,True,,,spectrogram,[],mcq,,,,,"{""branch"": ""anomaly"", ""vision_confidence"": ""high""}",a multiple choice question,,False,,,,,,False,
456,"volatility analysis, deductive reasoning",noise,False,B,B,True,False,True,InWild,baseline,,variance_level,noise,B,high,True,,,spectrogram,"[""arch_effects""]",mcq,,,,,"{""branch"": ""noise"", ""is_stationary"": true, ""is_white_noise"": false, ""adf_pval"": 0.044298, ""kpss_pval"": 0.1, ""vision_confidence"": ""high""}",a multiple choice question,,False,,,,,,False,
453,"trend analysis, inductive reasoning",trend,False,C,A,False,False,True,InWild,baseline,,change_point,trend,A,high,True,,,line_plot,[],mcq,,,,,"{""branch"": ""trend"", ""vision_confidence"": ""high""}",a multiple choice question,,False,,,,,,False,
470,"seasonality analysis, inductive reasoning",periodicity,False,B,A,False,False,False,InWild,baseline,,period_value,periodicity,,,False,,,,[],mcq,,,,,"{""branch"": ""periodicity"", ""dominant_period_fft"": 36.0, ""period_reconciled"": 36.0, ""seasonal_strength"": 0.76816}",a binary question,,False,,,,,,False,
461,trend analysis,trend,False,A,B,False,False,True,InWild,baseline,,direction,trend,B,high,True,,,line_plot,"[""low_r2""]",mcq,,,,,"{""branch"": ""trend"", ""direction"": ""decreasing"", ""slope"": -7.544887, ""r2"": 0.042142, ""vision_confidence"": ""high""}",a binary question,,False,,,,,,False,
454,"noise analysis, inductive reasoning",noise,False,A,A,True,False,False,InWild,baseline,,variance_level,noise,,high,True,,,spectrogram,"[""arch_effects""]",mcq,,,,,"{""branch"": ""noise"", ""is_stationary"": true, ""is_white_noise"": false, ""adf_pval"": 0.017138, ""kpss_pval"": 0.1, ""vision_confidence"": ""high""}",a binary question,,False,,,,,,False,
462,"seasonality analysis, deductive reasoning",periodicity,False,C,B,False,False,True,InWild,baseline,,period_value,periodicity,B,high,True,,,spectrogram,"[""fft_unreliable""]",mcq,,,,,"{""branch"": ""periodicity"", ""dominant_period_fft"": 72.0, ""period_reconciled"": 72.0, ""seasonal_strength"": 0.269512, ""vision_confidence"": ""high""}",a multiple choice question,,False,,,,,,False,
457,volatility analysis,noise,False,B,D,False,False,True,InWild,baseline,,variance_level,noise,D,high,True,,,spectrogram,"[""arch_effects""]",mcq,,,,,"{""branch"": ""noise"", ""is_stationary"": true, ""is_white_noise"": false, ""adf_pval"": 0.044298, ""kpss_pval"": 0.1, ""vision_confidence"": ""high""}",a multiple choice question,,False,,,,,,False,
455,seasonality analysis,similarity,True,B,B,True,False,True,InWild,baseline,,statistical,similarity,B,high,True,,,spectrogram,[],mcq,,,,,"{""branch"": ""similarity"", ""best_lag"": 14, ""vision_confidence"": ""high""}",a binary question,,False,,,,,,False,
459,"trend analysis, deductive reasoning",similarity,False,A,A,True,False,True,InWild,baseline,,shape,similarity,A,high,True,,,line_plot,[],mcq,,,,,"{""branch"": ""similarity"", ""best_lag"": 0, ""vision_confidence"": ""high""}",a binary question,,False,,,,,,False,
463,trend analysis,noise,False,C,C,True,False,True,InWild,baseline,,ar_ma_process,noise,C,high,True,,,spectrogram,"[""arch_effects""]",mcq,,,,,"{""branch"": ""noise"", ""is_stationary"": false, ""is_white_noise"": false, ""adf_pval"": 0.615566, ""kpss_pval"": 0.01, ""vision_confidence"": ""high""}",a multiple choice question,,False,,,,,,False,
464,"seasonality analysis, analogical reasoning",periodicity,False,B,A,False,False,True,InWild,baseline,,period_value,periodicity,A,high,True,,,spectrogram,[],mcq,,,,,"{""branch"": ""periodicity"", ""vision_confidence"": ""high""}",a binary question,,False,,,,,,False,
465,"seasonality analysis, deductive reasoning",trend,False,A,B,False,False,True,InWild,baseline,,direction,trend,B,high,True,,,line_plot,"[""low_r2""]",mcq,,,,,"{""branch"": ""trend"", ""vision_confidence"": ""high""}",a binary question,,False,,,,,,False,
467,"basic analysis, analogical reasoning",noise,False,C,D,False,False,True,InWild,baseline,,ar_ma_process,noise,D,high,True,,,spectrogram,"[""arch_effects""]",mcq,,,,,"{""branch"": ""noise"", ""is_stationary"": true, ""is_white_noise"": false, ""adf_pval"": 0.0, ""kpss_pval"": 0.1, ""vision_confidence"": ""high""}",a multiple choice question,,False,,,,,,False,
466,"noise analysis, deductive reasoning",noise,False,A,B,False,False,True,InWild,baseline,,white_noise,noise,B,high,True,,,spectrogram,"[""arch_effects""]",mcq,,,,,"{""branch"": ""noise"", ""is_stationary"": true, ""is_white_noise"": false, ""adf_pval"": 3.9e-05, ""kpss_pval"": 0.073034, ""vision_confidence"": ""high""}",a binary question,,False,,,,,,False,
478,noise analysis,trend,False,A,B,False,False,False,InWild,baseline,,change_point,trend,,,False,,,,[],mcq,,,,,"{""branch"": ""trend""}",a binary question,,False,,,,,,False,
469,"noise analysis, inductive reasoning",noise,False,A,A,True,False,True,InWild,baseline,,white_noise,noise,A,high,True,,,spectrogram,"[""arch_effects""]",mcq,,,,,"{""branch"": ""noise"", ""is_stationary"": false, ""is_white_noise"": false, ""adf_pval"": 0.457407, ""kpss_pval"": 0.01, ""vision_confidence"": ""high""}",a multiple choice question,,False,,,,,,False,
468,volatility analysis,noise,False,B,B,True,False,True,InWild,baseline,,variance_level,noise,B,high,True,,,spectrogram,"[""arch_effects""]",mcq,,,,,"{""branch"": ""noise"", ""is_stationary"": false, ""is_white_noise"": false, ""adf_pval"": 0.594347, ""kpss_pval"": 0.01, ""vision_confidence"": ""high""}",a binary question,,False,,,,,,False,
471,"noise analysis, deductive reasoning",noise,False,C,C,True,False,True,InWild,baseline,,white_noise,noise,C,high,True,,,spectrogram,"[""arch_effects""]",mcq,,,,,"{""branch"": ""noise"", ""is_stationary"": true, ""is_white_noise"": false, ""adf_pval"": 4e-06, ""kpss_pval"": 0.1, ""vision_confidence"": ""high""}",a multiple choice question,,False,,,,,,False,
473,"trend analysis, deductive reasoning",trend,False,A,C,False,False,True,InWild,baseline,,direction,trend,C,high,True,,,line_plot,"[""low_r2""]",mcq,,,,,"{""branch"": ""trend"", ""vision_confidence"": ""high""}",a binary question,,False,,,,,,False,
474,seasonality analysis,trend,False,B,B,True,False,True,InWild,baseline,,direction,trend,B,high,True,,,line_plot,[],mcq,,,,,"{""branch"": ""trend"", ""vision_confidence"": ""high""}",a multiple choice question,,False,,,,,,False,
472,"seasonality analysis, analogical reasoning",similarity,False,B,A,False,False,True,InWild,baseline,,shape,similarity,A,high,True,,,line_plot,[],mcq,,,,,"{""branch"": ""similarity"", ""best_lag"": 0, ""vision_confidence"": ""high""}",a binary question,,False,,,,,,False,
475,"seasonality analysis, counterfactual reasoning",periodicity,False,A,A,True,False,True,InWild,baseline,,period_change,periodicity,A,high,True,,,line_plot,[],mcq,,,,,"{""branch"": ""periodicity"", ""vision_confidence"": ""high""}",a binary question,,False,,,,,,False,
476,causal reasoning,periodicity,False,B,B,True,False,True,InWild,baseline,,waveform_type,periodicity,B,high,True,,,line_plot,[],mcq,,,,,"{""branch"": ""periodicity"", ""vision_confidence"": ""high""}",a binary question,,False,,,,,,False,
481,deductive reasoning,similarity,False,A,B,False,False,True,InWild,baseline,,shape,similarity,B,high,True,,,line_plot,[],mcq,,,,,"{""branch"": ""similarity"", ""best_lag"": 0, ""vision_confidence"": ""high""}",a binary question,,False,,,,,,False,
484,basic analysis,trend,False,A,B,False,False,True,InWild,baseline,,change_point,trend,A,high,True,,,spectrogram,[],mcq,,,,,"{""branch"": ""trend"", ""vision_confidence"": ""high""}",a binary question,,False,,,,,,False,
477,seasonality analysis,periodicity,False,A,A,True,False,True,InWild,baseline,,waveform_type,periodicity,A,high,True,,,line_plot,[],mcq,,,,,"{""branch"": ""periodicity"", ""dominant_period_fft"": 52.0, ""period_reconciled"": 52.0, ""seasonal_strength"": 0.975872, ""vision_confidence"": ""high""}",a binary question,,False,,,,,,False,
480,volatility analysis,noise,False,C,D,False,False,True,InWild,baseline,,variance_level,noise,D,high,True,,,spectrogram,"[""adf_kpss_disagree"", ""arch_effects""]",mcq,,,,,"{""branch"": ""noise"", ""is_stationary"": false, ""is_white_noise"": false, ""adf_pval"": 0.158696, ""kpss_pval"": 0.074282, ""vision_confidence"": ""high""}",a multiple choice question,,False,,,,,,False,
483,"trend analysis, deductive reasoning",trend,False,B,B,True,False,True,InWild,baseline,,direction,trend,B,high,True,,,line_plot,"[""low_r2""]",mcq,,,,,"{""branch"": ""trend"", ""direction"": ""decreasing"", ""slope"": -3.719838, ""r2"": 0.163489, ""vision_confidence"": ""high""}",a multiple choice question,,False,,,,,,False,
482,volatility analysis,noise,False,A,B,False,False,True,InWild,baseline,,variance_level,noise,B,high,True,,,spectrogram,"[""adf_kpss_disagree"", ""arch_effects""]",mcq,,,,,"{""branch"": ""noise"", ""is_stationary"": false, ""is_white_noise"": false, ""adf_pval"": 0.158696, ""kpss_pval"": 0.074282, ""vision_confidence"": ""high""}",a binary question,,False,,,,,,False,
479,causal reasoning,similarity,False,A,B,False,False,True,InWild,baseline,,shape,similarity,B,high,True,,,line_plot,[],mcq,,,,,"{""branch"": ""similarity"", ""best_lag"": 0, ""vision_confidence"": ""high""}",a binary question,,False,,,,,,False,
495,basic analysis,anomaly,False,A,,False,False,False,InWild,baseline,,point_anomaly,anomaly,,,,,,,[],numerical,,,no_quantity_match,,"{""branch"": ""anomaly""}",a binary question,,False,,,,,,False,
486,"volatility analysis, analogical reasoning",noise,False,C,C,True,False,True,InWild,baseline,,variance_level,noise,C,high,True,,,spectrogram,"[""arch_effects""]",mcq,,,,,"{""branch"": ""noise"", ""is_stationary"": true, ""is_white_noise"": false, ""adf_pval"": 0.0, ""kpss_pval"": 0.1, ""vision_confidence"": ""high""}",a multiple choice question,,False,,,,,,False,
485,"basic analysis, inductive reasoning",trend,False,B,C,False,False,True,InWild,baseline,,direction,trend,C,high,True,,,line_plot,"[""low_r2""]",mcq,,,,,"{""branch"": ""trend"", ""direction"": ""decreasing"", ""slope"": -16.427101, ""r2"": 0.019877, ""vision_confidence"": ""high""}",a multiple choice question,,False,,,,,,False,
487,basic analysis,trend,False,A,A,True,False,True,InWild,baseline,,direction,trend,A,medium,True,,,line_plot,"[""low_r2""]",mcq,,,,,"{""branch"": ""trend"", ""vision_confidence"": ""medium""}",a multiple choice question,,False,,,,,,False,
488,counterfactual reasoning,noise,False,A,B,False,False,True,InWild,baseline,,ar_ma_process,noise,B,high,True,,,spectrogram,"[""adf_kpss_disagree""]",mcq,,,,,"{""branch"": ""noise"", ""is_stationary"": false, ""is_white_noise"": false, ""adf_pval"": 0.550745, ""kpss_pval"": 0.1, ""vision_confidence"": ""high""}",a binary question,,False,,,,,,False,
503,"volatility analysis, deductive reasoning",noise,False,B,B,True,False,False,InWild,baseline,,ar_ma_process,noise,,,False,,,,[],mcq,,,,,"{""branch"": ""noise"", ""is_stationary"": true, ""is_white_noise"": false, ""adf_pval"": 0.0, ""kpss_pval"": 0.1}",a binary question,,False,,,,,,False,
489,basic analysis,anomaly,False,B,B,True,False,True,InWild,baseline,,point_anomaly,anomaly,B,high,True,,,spectrogram,[],mcq,,,,,"{""branch"": ""anomaly"", ""vision_confidence"": ""high""}",a binary question,,False,,,,,,False,
494,basic analysis,trend,False,A,B,False,False,True,InWild,baseline,,direction,trend,B,high,True,,,spectrogram,"[""low_r2""]",mcq,,,,,"{""branch"": ""trend"", ""vision_confidence"": ""high""}",a binary question,,False,,,,,,False,
491,trend analysis,trend,False,B,A,False,False,True,InWild,baseline,,change_point,trend,A,high,True,,,line_plot,"[""low_r2""]",mcq,,,,,"{""branch"": ""trend"", ""vision_confidence"": ""high""}",a binary question,,False,,,,,,False,
490,"basic analysis, analogical reasoning",noise,False,B,B,True,False,True,InWild,baseline,,stationarity,noise,B,high,True,,,spectrogram,"[""arch_effects""]",mcq,,,,,"{""branch"": ""noise"", ""is_stationary"": true, ""is_white_noise"": false, ""adf_pval"": 0.0, ""kpss_pval"": 0.1, ""vision_confidence"": ""high""}",a binary question,,False,,,,,,False,
492,seasonality analysis,trend,False,D,D,True,False,True,InWild,baseline,,direction,trend,D,high,True,,,line_plot,"[""low_r2""]",mcq,,,,,"{""branch"": ""trend"", ""direction"": ""increasing"", ""slope"": 0.003147, ""r2"": 0.003249, ""vision_confidence"": ""high""}",a multiple choice question,,False,,,,,,False,
506,"volatility analysis, deductive reasoning",noise,False,C,D,False,False,False,InWild,baseline,,variance_level,noise,,,False,,,,[],mcq,,,,,"{""branch"": ""noise"", ""is_stationary"": true, ""is_white_noise"": true, ""adf_pval"": 0.0, ""kpss_pval"": 0.078951}",a multiple choice question,,False,,,,,,False,
509,seasonality analysis,periodicity,False,B,2841.5988001109467,False,False,False,InWild,baseline,,period_value,periodicity,,,,,,,[],numerical,2841.5988001109467,var,closed_form,,"{""branch"": ""periodicity"", ""dominant_period_fft"": 26.0, ""period_reconciled"": 26.0, ""seasonal_strength"": 0.96951}",a binary question,,False,,,,,,False,
496,seasonality analysis,periodicity,False,A,B,False,False,True,InWild,baseline,,waveform_type,periodicity,B,high,True,,,line_plot,[],mcq,,,,,"{""branch"": ""periodicity"", ""dominant_period_fft"": 2.571429, ""period_reconciled"": 2.571429, ""seasonal_strength"": 0.398347, ""vision_confidence"": ""high""}",a binary question,,False,,,,,,False,
497,"noise analysis, analogical reasoning",noise,False,A,A,True,False,True,InWild,baseline,,variance_level,noise,A,high,True,,,spectrogram,"[""arch_effects""]",mcq,,,,,"{""branch"": ""noise"", ""is_stationary"": false, ""is_white_noise"": false, ""adf_pval"": 0.307459, ""kpss_pval"": 0.01, ""vision_confidence"": ""high""}",a binary question,,False,,,,,,False,
499,"noise analysis, deductive reasoning",noise,False,B,B,True,False,True,InWild,baseline,,variance_level,noise,B,high,True,,,spectrogram,"[""arch_effects""]",mcq,,,,,"{""branch"": ""noise"", ""is_stationary"": true, ""is_white_noise"": false, ""adf_pval"": 0.015597, ""kpss_pval"": 0.1, ""vision_confidence"": ""high""}",a binary question,,False,,,,,,False,
501,"basic analysis, deductive reasoning",anomaly,False,A,B,False,False,True,InWild,baseline,,point_anomaly,anomaly,B,high,True,,,spectrogram,[],mcq,,,,,"{""branch"": ""anomaly"", ""vision_confidence"": ""high""}",a binary question,,False,,,,,,False,
498,trend analysis,similarity,True,A,B,False,False,True,InWild,baseline,,statistical,similarity,B,high,True,,,line_plot,[],mcq,,,,,"{""branch"": ""similarity"", ""best_lag"": 5, ""vision_confidence"": ""high""}",a binary question,,False,,,,,,False,
500,"trend analysis, inductive reasoning",trend,False,D,D,True,False,True,InWild,baseline,,direction,trend,D,high,True,,,line_plot,"[""low_r2""]",mcq,,,,,"{""branch"": ""trend"", ""direction"": ""increasing"", ""slope"": 18.400768, ""r2"": 0.586761, ""vision_confidence"": ""high""}",a multiple choice question,,False,,,,,,False,
493,"trend analysis, deductive reasoning",trend,False,A,C,False,False,True,InWild,baseline,,direction,trend,C,high,True,,,line_plot,"[""low_r2""]",mcq,,,,,"{""branch"": ""trend"", ""vision_confidence"": ""high""}",a multiple choice question,,False,,,,,,False,
510,"trend analysis, analogical reasoning",trend,False,A,B,False,False,False,InWild,baseline,,change_point,trend,,,False,,,,[],mcq,,,,,"{""branch"": ""trend""}",a binary question,,False,,,,,,False,
511,"seasonality analysis, deductive reasoning",periodicity,False,B,D,False,False,False,InWild,baseline,,period_value,periodicity,,,False,,,,[],mcq,,,,,"{""branch"": ""periodicity"", ""dominant_period_fft"": 24.0, ""period_reconciled"": 24.0, ""seasonal_strength"": 0.699579}",a multiple choice question,,False,,,,,,False,
514,seasonality analysis,trend,False,D,D,True,False,False,InWild,baseline,,direction,trend,,,False,,,,[],mcq,,,,,"{""branch"": ""trend"", ""direction"": ""increasing"", ""slope"": 557.586139, ""r2"": 0.91512}",a multiple choice question,,False,,,,,,False,
513,"basic analysis, counterfactual reasoning",anomaly,False,A,B,False,False,False,InWild,baseline,,point_anomaly,anomaly,,,False,,,,[],mcq,,,,,"{""branch"": ""anomaly""}",a binary question,,False,,,,,,False,
504,deductive reasoning,trend,False,C,C,True,False,True,InWild,baseline,,change_point,trend,C,high,True,,,spectrogram,[],mcq,,,,,"{""branch"": ""trend"", ""direction"": ""increasing"", ""slope"": 4.092822, ""r2"": 0.779064, ""vision_confidence"": ""high""}",a multiple choice question,,False,,,,,,False,
502,"volatility analysis, analogical reasoning",similarity,False,A,B,False,False,True,InWild,baseline,,shape,similarity,B,high,True,,,line_plot,[],mcq,,,,,"{""branch"": ""similarity"", ""best_lag"": 0, ""vision_confidence"": ""high""}",a multiple choice question,,False,,,,,,False,
507,"seasonality analysis, inductive reasoning",similarity,False,B,A,False,False,True,InWild,baseline,,shape,similarity,A,high,True,,,spectrogram,[],mcq,,,,,"{""branch"": ""similarity"", ""best_lag"": 0, ""vision_confidence"": ""high""}",a binary question,,False,,,,,,False,
521,volatility analysis,trend,False,B,B,True,False,False,InWild,baseline,,change_point,trend,,,False,,,,[],mcq,,,,,"{""branch"": ""trend""}",a binary question,,False,,,,,,False,
508,trend analysis,trend,False,B,B,True,False,True,InWild,baseline,,direction,trend,B,high,True,,,line_plot,"[""low_r2""]",mcq,,,,,"{""branch"": ""trend"", ""direction"": ""increasing"", ""slope"": 2.528056, ""r2"": 0.506612, ""vision_confidence"": ""high""}",a multiple choice question,,False,,,,,,False,
505,"seasonality analysis, inductive reasoning",trend,False,A,A,True,False,True,InWild,baseline,,direction,trend,A,high,True,,,line_plot,"[""low_r2""]",mcq,,,,,"{""branch"": ""trend"", ""direction"": ""flat"", ""slope"": -0.000236, ""r2"": 0.000127, ""vision_confidence"": ""high""}",a binary question,,False,,,,,,False,
512,"noise analysis, deductive reasoning",noise,False,D,A,False,False,True,InWild,baseline,,variance_level,noise,A,high,True,,,spectrogram,"[""adf_kpss_disagree""]",mcq,,,,,"{""branch"": ""noise"", ""is_stationary"": false, ""is_white_noise"": true, ""adf_pval"": 2e-06, ""kpss_pval"": 0.048239, ""vision_confidence"": ""high""}",a multiple choice question,,False,,,,,,False,
527,seasonality analysis,anomaly,False,A,,False,False,False,InWild,baseline,,point_anomaly,anomaly,,,,,,,[],numerical,,,no_quantity_match,,"{""branch"": ""anomaly""}",a binary question,,False,,,,,,False,
519,"trend analysis, deductive reasoning",trend,False,C,B,False,False,True,InWild,baseline,,direction,trend,B,high,True,,,spectrogram,"[""low_r2""]",mcq,,,,,"{""branch"": ""trend"", ""vision_confidence"": ""high""}",a multiple choice question,,False,,,,,,False,
517,"volatility analysis, deductive reasoning",noise,False,C,D,False,False,True,InWild,baseline,,variance_level,noise,D,high,True,,,spectrogram,"[""arch_effects""]",mcq,,,,,"{""branch"": ""noise"", ""is_stationary"": false, ""is_white_noise"": false, ""adf_pval"": 0.745952, ""kpss_pval"": 0.01, ""vision_confidence"": ""high""}",a multiple choice question,,False,,,,,,False,
515,"volatility analysis, analogical reasoning",noise,False,D,A,False,False,True,InWild,baseline,,variance_level,noise,A,high,True,,,spectrogram,"[""arch_effects""]",mcq,,,,,"{""branch"": ""noise"", ""is_stationary"": false, ""is_white_noise"": false, ""adf_pval"": 0.745952, ""kpss_pval"": 0.01, ""vision_confidence"": ""high""}",a multiple choice question,,False,,,,,,False,
518,basic analysis,trend,False,B,B,True,False,True,InWild,baseline,,change_point,trend,B,high,True,,,spectrogram,"[""low_r2""]",mcq,,,,,"{""branch"": ""trend"", ""vision_confidence"": ""high""}",a binary question,,False,,,,,,False,
516,"trend analysis, deductive reasoning",trend,False,D,D,True,False,True,InWild,baseline,,direction,trend,D,high,True,,,line_plot,[],mcq,,,,,"{""branch"": ""trend"", ""direction"": ""increasing"", ""slope"": 1.29651, ""r2"": 0.854462, ""vision_confidence"": ""high""}",a multiple choice question,,False,,,,,,False,
530,basic analysis,periodicity,False,A,C,False,False,False,InWild,baseline,,period_value,periodicity,,,False,,,,[],mcq,,,,,"{""branch"": ""periodicity"", ""dominant_period_fft"": 24.0, ""period_reconciled"": 24.0, ""seasonal_strength"": 0.692062}",a multiple choice question,,False,,,,,,False,
522,causal reasoning,noise,False,B,B,True,False,True,InWild,baseline,,stationarity,noise,B,medium,True,,,spectrogram,"[""arch_effects""]",mcq,,,,,"{""branch"": ""noise"", ""is_stationary"": true, ""is_white_noise"": false, ""adf_pval"": 0.0, ""kpss_pval"": 0.1, ""vision_confidence"": ""medium""}",a multiple choice question,,False,,,,,,False,
520,"noise analysis, deductive reasoning",noise,False,D,D,True,False,True,InWild,baseline,,white_noise,noise,D,high,True,,,spectrogram,"[""arch_effects""]",mcq,,,,,"{""branch"": ""noise"", ""is_stationary"": true, ""is_white_noise"": false, ""adf_pval"": 0.0, ""kpss_pval"": 0.1, ""vision_confidence"": ""high""}",a multiple choice question,,False,,,,,,False,
525,basic analysis,anomaly,False,A,A,True,False,True,InWild,baseline,,point_anomaly,anomaly,A,high,True,,,spectrogram,[],mcq,,,,,"{""branch"": ""anomaly"", ""vision_confidence"": ""high""}",a binary question,,False,,,,,,False,
524,inductive reasoning,anomaly,False,C,C,True,False,True,InWild,baseline,,point_anomaly,anomaly,C,high,True,,,spectrogram,[],mcq,,,,,"{""branch"": ""anomaly"", ""vision_confidence"": ""high""}",a multiple choice question,,False,,,,,,False,
526,counterfactual reasoning,anomaly,False,A,D,False,False,True,InWild,baseline,,point_anomaly,anomaly,D,high,True,,,spectrogram,[],mcq,,,,,"{""branch"": ""anomaly"", ""vision_confidence"": ""high""}",a multiple choice question,,False,,,,,,False,
523,"volatility analysis, deductive reasoning",trend,False,A,A,True,False,True,InWild,baseline,,direction,trend,A,high,True,,,line_plot,"[""low_r2""]",mcq,,,,,"{""branch"": ""trend"", ""direction"": ""flat"", ""slope"": 0.000195, ""r2"": 0.00025, ""vision_confidence"": ""high""}",a binary question,,False,,,,,,False,
535,"volatility analysis, causal reasoning",noise,False,A,A,True,False,False,InWild,baseline,,variance_level,noise,,,False,,,,[],mcq,,,,,"{""branch"": ""noise"", ""is_stationary"": true, ""is_white_noise"": false, ""adf_pval"": 0.008077, ""kpss_pval"": 0.1}",a binary question,,False,,,,,,False,
536,"basic analysis, counterfactual reasoning",noise,False,C,C,True,False,False,InWild,baseline,,stationarity,noise,,,False,,,,[],mcq,,,,,"{""branch"": ""noise"", ""is_stationary"": true, ""is_white_noise"": false, ""adf_pval"": 0.008077, ""kpss_pval"": 0.1}",a multiple choice question,,False,,,,,,False,
528,trend analysis,trend,False,A,A,True,False,True,InWild,baseline,,direction,trend,A,high,True,,,line_plot,"[""low_r2""]",mcq,,,,,"{""branch"": ""trend"", ""direction"": ""decreasing"", ""slope"": -0.313684, ""r2"": 0.016524, ""vision_confidence"": ""high""}",a multiple choice question,,False,,,,,,False,
532,"basic analysis, inductive reasoning",trend,False,A,A,True,False,True,InWild,baseline,,direction,trend,A,high,True,,,line_plot,"[""low_r2""]",mcq,,,,,"{""branch"": ""trend"", ""direction"": ""increasing"", ""slope"": 16.563707, ""r2"": 0.06896, ""vision_confidence"": ""high""}",a binary question,,False,,,,,,False,
531,"trend analysis, inductive reasoning",trend,False,A,A,True,False,True,InWild,baseline,,direction,trend,A,high,True,,,line_plot,"[""low_r2""]",mcq,,,,,"{""branch"": ""trend"", ""direction"": ""decreasing"", ""slope"": -3.97868, ""r2"": 0.034829, ""vision_confidence"": ""high""}",a binary question,,False,,,,,,False,
541,deductive reasoning,trend,False,D,A,False,False,True,InWild,baseline,,direction,trend,A,high,True,,,line_plot,"[""low_r2""]",mcq,,,,,"{""branch"": ""trend"", ""direction"": ""increasing"", ""slope"": 1.368869, ""r2"": 0.621385, ""vision_confidence"": ""high""}",a multiple choice question,,False,,,,,,False,
529,deductive reasoning,trend,False,A,B,False,False,True,InWild,baseline,,direction,trend,B,high,True,,,line_plot,"[""low_r2""]",mcq,,,,,"{""branch"": ""trend"", ""direction"": ""increasing"", ""slope"": 0.005864, ""r2"": 0.004589, ""vision_confidence"": ""high""}",a multiple choice question,,False,,,,,,False,
539,"seasonality analysis, deductive reasoning",noise,False,B,B,True,False,True,InWild,baseline,,stationarity,noise,B,high,True,,,spectrogram,"[""arch_effects""]",mcq,,,,,"{""branch"": ""noise"", ""is_stationary"": true, ""is_white_noise"": false, ""adf_pval"": 0.0, ""kpss_pval"": 0.1, ""vision_confidence"": ""high""}",a binary question,,False,,,,,,False,
537,"trend analysis, deductive reasoning",trend,False,A,A,True,False,True,InWild,baseline,,direction,trend,A,high,True,,,line_plot,"[""low_r2""]",mcq,,,,,"{""branch"": ""trend"", ""direction"": ""decreasing"", ""slope"": -0.000145, ""r2"": 0.000173, ""vision_confidence"": ""high""}",a binary question,,False,,,,,,False,
533,deductive reasoning,anomaly,False,D,A,False,False,True,InWild,baseline,,pattern_flip,anomaly,A,high,True,,,spectrogram,[],mcq,,,,,"{""branch"": ""anomaly"", ""outlier_count"": 0, ""max_deviation"": 1.236058, ""vision_confidence"": ""high""}",a multiple choice question,,False,,,,,,False,
540,basic analysis,noise,False,B,A,False,False,True,InWild,baseline,,variance_level,noise,A,high,True,,,spectrogram,"[""adf_kpss_disagree""]",mcq,,,,,"{""branch"": ""noise"", ""is_stationary"": false, ""is_white_noise"": false, ""adf_pval"": 0.094478, ""kpss_pval"": 0.018002, ""vision_confidence"": ""high""}",a multiple choice question,,False,,,,,,False,
534,basic analysis,trend,False,A,B,False,False,True,InWild,baseline,,change_point,trend,B,high,True,,,spectrogram,"[""low_r2""]",mcq,,,,,"{""branch"": ""trend"", ""vision_confidence"": ""high""}",a binary question,,False,,,,,,False,
544,inductive reasoning,trend,False,D,D,True,False,True,InWild,baseline,,direction,trend,D,high,True,,,line_plot,"[""low_r2""]",mcq,,,,,"{""branch"": ""trend"", ""direction"": ""decreasing"", ""slope"": -0.202834, ""r2"": 1.4e-05, ""vision_confidence"": ""high""}",a multiple choice question,,False,,,,,,False,
543,inductive reasoning,periodicity,False,B,B,True,False,True,InWild,baseline,,period_value,periodicity,B,high,True,,,spectrogram,"[""fft_unreliable""]",mcq,,,,,"{""branch"": ""periodicity"", ""vision_confidence"": ""high""}",a binary question,,False,,,,,,False,
555,volatility analysis,noise,False,A,,False,False,False,InWild,baseline,,variance_level,noise,,,,,,,[],numerical,,,no_quantity_match,,"{""branch"": ""noise"", ""is_stationary"": true, ""is_white_noise"": false, ""adf_pval"": 0.040569, ""kpss_pval"": 0.1}",a binary question,,False,,,,,,False,
542,basic analysis,noise,True,B,B,True,False,True,InWild,baseline,,ar_ma_process,noise,B,high,True,,,spectrogram,"[""adf_kpss_disagree"", ""arch_effects""]",mcq,,,,,"{""branch"": ""noise"", ""is_stationary"": false, ""is_white_noise"": false, ""adf_pval"": 0.023802, ""kpss_pval"": 0.01, ""vision_confidence"": ""high""}",a binary question,,False,,,,,,False,
538,deductive reasoning,periodicity,False,B,B,True,False,True,InWild,baseline,,waveform_type,periodicity,B,high,True,,,line_plot,[],mcq,,,,,"{""branch"": ""periodicity"", ""vision_confidence"": ""high""}",a binary question,,False,,,,,,False,
545,volatility analysis,trend,False,A,B,False,False,False,InWild,baseline,,change_point,trend,,high,True,,,spectrogram,"[""low_r2""]",mcq,,,,,"{""branch"": ""trend"", ""vision_confidence"": ""high""}",a binary question,,False,,,,,,False,
552,"basic analysis, deductive reasoning",anomaly,False,B,A,False,False,False,InWild,baseline,,point_anomaly,anomaly,,,False,,,,[],mcq,,,,,"{""branch"": ""anomaly""}",a binary question,,False,,,,,,False,
546,"basic analysis, deductive reasoning",noise,False,A,C,False,False,True,InWild,baseline,,stationarity,noise,C,high,True,,,spectrogram,"[""arch_effects""]",mcq,,,,,"{""branch"": ""noise"", ""is_stationary"": true, ""is_white_noise"": false, ""adf_pval"": 1.3e-05, ""kpss_pval"": 0.1, ""vision_confidence"": ""high""}",a multiple choice question,,False,,,,,,False,
554,"basic analysis, deductive reasoning",noise,False,A,B,False,False,False,InWild,baseline,,variance_level,noise,,,False,,,,[],mcq,,,,,"{""branch"": ""noise"", ""is_stationary"": true, ""is_white_noise"": false, ""adf_pval"": 0.040569, ""kpss_pval"": 0.1}",a binary question,,False,,,,,,False,
547,deductive reasoning,periodicity,False,D,D,True,False,True,InWild,baseline,,period_value,periodicity,D,high,True,,,spectrogram,[],mcq,,,,,"{""branch"": ""periodicity"", ""dominant_period_fft"": 24.0, ""period_reconciled"": 24.0, ""seasonal_strength"": 0.417664, ""vision_confidence"": ""high""}",a multiple choice question,,False,,,,,,False,
558,"volatility analysis, counterfactual reasoning",noise,False,C,D,False,False,False,InWild,baseline,,variance_level,noise,,,False,,,,[],mcq,,,,,"{""branch"": ""noise"", ""is_stationary"": true, ""is_white_noise"": false, ""adf_pval"": 0.000151, ""kpss_pval"": 0.1}",a multiple choice question,,False,,,,,,False,
548,seasonality analysis,periodicity,False,B,B,True,False,True,InWild,baseline,,waveform_type,periodicity,B,high,True,,,line_plot,"[""fft_unreliable""]",mcq,,,,,"{""branch"": ""periodicity"", ""dominant_period_fft"": 60.0, ""period_reconciled"": 60.0, ""seasonal_strength"": 0.232336, ""vision_confidence"": ""high""}",a binary question,,False,,,,,,False,
549,"seasonality analysis, analogical reasoning",trend,False,A,A,True,False,True,InWild,baseline,,direction,trend,A,high,True,,,line_plot,"[""low_r2""]",mcq,,,,,"{""branch"": ""trend"", ""direction"": ""decreasing"", ""slope"": -17.919867, ""r2"": 0.054514, ""vision_confidence"": ""high""}",a binary question,,False,,,,,,False,
551,basic analysis,trend,False,A,A,True,False,True,InWild,baseline,,change_point,trend,A,high,True,,,line_plot,"[""low_r2""]",mcq,,,,,"{""branch"": ""trend"", ""vision_confidence"": ""high""}",a binary question,,False,,,,,,False,
563,"basic analysis, deductive reasoning",periodicity,False,C,D,False,False,False,InWild,baseline,,period_value,periodicity,,,False,,,,[],mcq,,,,,"{""branch"": ""periodicity""}",a multiple choice question,,False,,,,,,False,
565,"basic analysis, causal reasoning",anomaly,False,A,C,False,False,False,InWild,baseline,,point_anomaly,anomaly,,,False,,,,[],mcq,,,,,"{""branch"": ""anomaly"", ""outlier_count"": 3, ""max_deviation"": 5.052363}",a multiple choice question,,False,,,,,,False,
566,noise analysis,noise,False,A,A,True,False,False,InWild,baseline,,white_noise,noise,,,False,,,,[],mcq,,,,,"{""branch"": ""noise"", ""is_stationary"": true, ""is_white_noise"": false, ""adf_pval"": 0.0, ""kpss_pval"": 0.1}",a multiple choice question,,False,,,,,,False,
567,"volatility analysis, deductive reasoning",noise,False,A,B,False,False,False,InWild,baseline,,variance_level,noise,,,False,,,,[],mcq,,,,,"{""branch"": ""noise"", ""is_stationary"": true, ""is_white_noise"": false, ""adf_pval"": 0.0, ""kpss_pval"": 0.1}",a binary question,,False,,,,,,False,
550,volatility analysis,noise,False,B,A,False,False,True,InWild,baseline,,variance_level,noise,A,high,True,,,spectrogram,"[""arch_effects""]",mcq,,,,,"{""branch"": ""noise"", ""is_stationary"": false, ""is_white_noise"": false, ""adf_pval"": 0.989191, ""kpss_pval"": 0.01, ""vision_confidence"": ""high""}",a multiple choice question,,False,,,,,,False,
562,volatility analysis,anomaly,False,B,B,True,False,True,InWild,baseline,,point_anomaly,anomaly,B,high,True,,,spectrogram,[],mcq,,,,,"{""branch"": ""anomaly"", ""vision_confidence"": ""high""}",a binary question,,False,,,,,,False,
570,"basic analysis, analogical reasoning",anomaly,False,A,C,False,False,False,InWild,baseline,,point_anomaly,anomaly,,,False,,,,[],mcq,,,,,"{""branch"": ""anomaly""}",a multiple choice question,,False,,,,,,False,
556,trend analysis,anomaly,False,A,B,False,False,True,InWild,baseline,,point_anomaly,anomaly,B,high,True,,,spectrogram,[],mcq,,,,,"{""branch"": ""anomaly"", ""vision_confidence"": ""high""}",a binary question,,False,,,,,,False,
553,"seasonality analysis, analogical reasoning",trend,False,A,A,True,False,True,InWild,baseline,,change_point,trend,A,high,True,,,line_plot,"[""low_r2""]",mcq,,,,,"{""branch"": ""trend"", ""vision_confidence"": ""high""}",a binary question,,False,,,,,,False,
560,"trend analysis, analogical reasoning",trend,False,A,A,True,False,True,InWild,baseline,,direction,trend,A,high,True,,,spectrogram,"[""low_r2""]",mcq,,,,,"{""branch"": ""trend"", ""direction"": ""increasing"", ""slope"": 5.722702, ""r2"": 0.008832, ""vision_confidence"": ""high""}",a multiple choice question,,False,,,,,,False,
572,deductive reasoning,periodicity,False,B,A,False,False,False,InWild,baseline,,amplitude_change,periodicity,,,False,,,,[],mcq,,,,,"{""branch"": ""periodicity"", ""dominant_period_fft"": 24.0, ""period_reconciled"": 24.0, ""seasonal_strength"": 0.523158}",a binary question,,False,,,,,,False,
559,"basic analysis, analogical reasoning",similarity,False,B,A,False,False,True,InWild,baseline,,shape,similarity,A,high,True,,,line_plot,[],mcq,,,,,"{""branch"": ""similarity"", ""best_lag"": 0, ""vision_confidence"": ""high""}",a binary question,,False,,,,,,False,
561,"volatility analysis, inductive reasoning",noise,False,B,B,True,False,True,InWild,baseline,,variance_level,noise,B,high,True,,,spectrogram,[],mcq,,,,,"{""branch"": ""noise"", ""is_stationary"": true, ""is_white_noise"": false, ""adf_pval"": 0.039573, ""kpss_pval"": 0.1, ""vision_confidence"": ""high""}",a multiple choice question,,False,,,,,,False,
557,"noise analysis, analogical reasoning",similarity,False,B,D,False,False,True,InWild,baseline,,shape,similarity,D,high,True,,,line_plot,[],mcq,,,,,"{""branch"": ""similarity"", ""best_lag"": 0, ""vision_confidence"": ""high""}",a multiple choice question,,False,,,,,,False,
575,volatility analysis,trend,False,A,A,True,False,False,InWild,baseline,,change_point,trend,,,False,,,,[],mcq,,,,,"{""branch"": ""trend""}",a binary question,,False,,,,,,False,
568,"basic analysis, analogical reasoning",similarity,False,A,D,False,False,True,InWild,baseline,,statistical,similarity,A,high,True,,,line_plot,[],mcq,,,,,"{""branch"": ""similarity"", ""best_lag"": 0, ""vision_confidence"": ""high""}",a binary question,,False,,,,,,False,
564,"trend analysis, analogical reasoning",trend,False,A,A,True,False,True,InWild,baseline,,direction,trend,A,high,True,,,line_plot,"[""low_r2""]",mcq,,,,,"{""branch"": ""trend"", ""direction"": ""decreasing"", ""slope"": -0.002266, ""r2"": 0.00188, ""vision_confidence"": ""high""}",a binary question,,False,,,,,,False,
569,basic analysis,periodicity,False,A,A,True,False,True,InWild,baseline,,period_value,periodicity,A,high,True,,,spectrogram,"[""fft_unreliable""]",mcq,,,,,"{""branch"": ""periodicity"", ""vision_confidence"": ""high""}",a binary question,,False,,,,,,False,
571,"seasonality analysis, inductive reasoning",periodicity,False,A,A,True,False,True,InWild,baseline,,waveform_type,periodicity,A,high,True,,,line_plot,[],mcq,,,,,"{""branch"": ""periodicity"", ""vision_confidence"": ""high""}",a binary question,,False,,,,,,False,
573,"volatility analysis, analogical reasoning",noise,False,B,B,True,False,True,InWild,baseline,,variance_level,noise,B,high,True,,,spectrogram,"[""adf_kpss_disagree""]",mcq,,,,,"{""branch"": ""noise"", ""is_stationary"": false, ""is_white_noise"": false, ""adf_pval"": 0.445072, ""kpss_pval"": 0.1, ""vision_confidence"": ""high""}",a binary question,,False,,,,,,False,
577,"noise analysis, deductive reasoning",noise,False,B,B,True,False,True,InWild,baseline,,variance_level,noise,B,high,True,,,spectrogram,"[""adf_kpss_disagree""]",mcq,,,,,"{""branch"": ""noise"", ""is_stationary"": false, ""is_white_noise"": false, ""adf_pval"": 0.445072, ""kpss_pval"": 0.1, ""vision_confidence"": ""high""}",a binary question,,False,,,,,,False,
574,"basic analysis, deductive reasoning",periodicity,False,A,C,False,False,True,InWild,baseline,,period_value,periodicity,C,high,True,,,spectrogram,"[""fft_unreliable""]",mcq,,,,,"{""branch"": ""periodicity"", ""vision_confidence"": ""high""}",a multiple choice question,,False,,,,,,False,
580,"noise analysis, inductive reasoning",noise,False,A,B,False,False,True,InWild,baseline,,white_noise,noise,B,high,True,,,spectrogram,"[""arch_effects""]",mcq,,,,,"{""branch"": ""noise"", ""is_stationary"": true, ""is_white_noise"": false, ""adf_pval"": 1e-06, ""kpss_pval"": 0.1, ""vision_confidence"": ""high""}",a multiple choice question,,False,,,,,,False,
576,"seasonality analysis, causal reasoning",periodicity,False,B,A,False,False,True,InWild,baseline,,period_value,periodicity,A,high,True,,,spectrogram,"[""fft_unreliable""]",mcq,,,,,"{""branch"": ""periodicity"", ""dominant_period_fft"": 60.0, ""period_reconciled"": 60.0, ""seasonal_strength"": 0.01614, ""vision_confidence"": ""high""}",a binary question,,False,,,,,,False,
587,basic analysis,periodicity,False,B,B,True,False,False,InWild,baseline,,period_value,periodicity,,,False,,,,[],mcq,,,,,"{""branch"": ""periodicity""}",a binary question,,False,,,,,,False,
578,"noise analysis, inductive reasoning",noise,False,A,A,True,False,True,InWild,baseline,,variance_level,noise,A,high,True,,,spectrogram,"[""arch_effects""]",mcq,,,,,"{""branch"": ""noise"", ""is_stationary"": true, ""is_white_noise"": false, ""adf_pval"": 1e-06, ""kpss_pval"": 0.1, ""vision_confidence"": ""high""}",a binary question,,False,,,,,,False,
581,noise analysis,noise,False,B,C,False,False,True,InWild,baseline,,white_noise,noise,C,high,True,,,spectrogram,"[""adf_kpss_disagree""]",mcq,,,,,"{""branch"": ""noise"", ""is_stationary"": false, ""is_white_noise"": false, ""adf_pval"": 0.020799, ""kpss_pval"": 0.01421, ""vision_confidence"": ""high""}",a binary question,,False,,,,,,False,
583,volatility analysis,noise,False,A,A,True,False,True,InWild,baseline,,variance_level,noise,A,high,True,,,spectrogram,[],mcq,,,,,"{""branch"": ""noise"", ""is_stationary"": false, ""is_white_noise"": false, ""adf_pval"": 0.531468, ""kpss_pval"": 0.014939, ""vision_confidence"": ""high""}",a binary question,,False,,,,,,False,
579,causal reasoning,trend,False,D,D,True,False,True,InWild,baseline,,direction,trend,D,high,True,,,line_plot,"[""low_r2""]",mcq,,,,,"{""branch"": ""trend"", ""vision_confidence"": ""high""}",a multiple choice question,,False,,,,,,False,
584,"basic analysis, inductive reasoning",periodicity,False,B,B,True,False,True,InWild,baseline,,waveform_type,periodicity,B,high,True,,,line_plot,[],mcq,,,,,"{""branch"": ""periodicity"", ""vision_confidence"": ""high""}",a multiple choice question,,False,,,,,,False,
585,seasonality analysis,periodicity,False,B,B,True,False,True,InWild,baseline,,waveform_type,periodicity,B,high,True,,,line_plot,"[""fft_unreliable""]",mcq,,,,,"{""branch"": ""periodicity"", ""vision_confidence"": ""high""}",a binary question,,False,,,,,,False,
582,"volatility analysis, deductive reasoning",noise,False,B,B,True,False,True,InWild,baseline,,variance_level,noise,B,high,True,,,spectrogram,[],mcq,,,,,"{""branch"": ""noise"", ""is_stationary"": false, ""is_white_noise"": false, ""adf_pval"": 0.531468, ""kpss_pval"": 0.014939, ""vision_confidence"": ""high""}",a binary question,,False,,,,,,False,
588,deductive reasoning,noise,False,B,B,True,False,True,InWild,baseline,,stationarity,noise,B,high,True,,,spectrogram,"[""arch_effects""]",mcq,,,,,"{""branch"": ""noise"", ""is_stationary"": true, ""is_white_noise"": false, ""adf_pval"": 0.0, ""kpss_pval"": 0.1, ""vision_confidence"": ""high""}",a multiple choice question,,False,,,,,,False,
586,"trend analysis, analogical reasoning",similarity,False,A,D,False,False,True,InWild,baseline,,shape,similarity,D,high,True,,,line_plot,[],mcq,,,,,"{""branch"": ""similarity"", ""best_lag"": 0, ""vision_confidence"": ""high""}",a multiple choice question,,False,,,,,,False,
601,inductive reasoning,periodicity,False,B,A,False,False,False,InWild,baseline,,period_value,periodicity,,,False,,,,[],mcq,,,,,"{""branch"": ""periodicity""}",a multiple choice question,,False,,,,,,False,
589,"volatility analysis, causal reasoning",noise,False,C,C,True,False,True,InWild,baseline,,variance_level,noise,C,high,True,,,spectrogram,"[""arch_effects""]",mcq,,,,,"{""branch"": ""noise"", ""is_stationary"": true, ""is_white_noise"": false, ""adf_pval"": 0.0, ""kpss_pval"": 0.1, ""vision_confidence"": ""high""}",a multiple choice question,,False,,,,,,False,
593,analogical reasoning,similarity,False,A,B,False,False,True,InWild,baseline,,shape,similarity,B,high,True,,,line_plot,[],mcq,,,,,"{""branch"": ""similarity"", ""best_lag"": 0, ""vision_confidence"": ""high""}",a binary question,,False,,,,,,False,
591,"volatility analysis, analogical reasoning",similarity,False,A,A,True,False,True,InWild,baseline,,shape,similarity,A,high,True,,,line_plot,[],mcq,,,,,"{""branch"": ""similarity"", ""best_lag"": 0, ""vision_confidence"": ""high""}",a binary question,,False,,,,,,False,
594,"trend analysis, inductive reasoning",trend,False,C,A,False,False,True,InWild,baseline,,change_point,trend,A,high,True,,,line_plot,"[""low_r2""]",mcq,,,,,"{""branch"": ""trend"", ""vision_confidence"": ""high""}",a multiple choice question,,False,,,,,,False,
590,basic analysis,trend,False,A,B,False,False,True,InWild,baseline,,change_point,trend,B,high,True,,,line_plot,"[""low_r2""]",mcq,,,,,"{""branch"": ""trend"", ""vision_confidence"": ""high""}",a binary question,,False,,,,,,False,
595,"noise analysis, causal reasoning",noise,False,B,A,False,False,True,InWild,baseline,,white_noise,noise,A,high,True,,,spectrogram,"[""arch_effects""]",mcq,,,,,"{""branch"": ""noise"", ""is_stationary"": false, ""is_white_noise"": false, ""adf_pval"": 0.240519, ""kpss_pval"": 0.01, ""vision_confidence"": ""high""}",a binary question,,False,,,,,,False,
592,"volatility analysis, analogical reasoning",similarity,True,A,A,True,False,True,InWild,baseline,,statistical,similarity,B,high,True,,,line_plot,[],mcq,,,,,"{""branch"": ""similarity"", ""best_lag"": 16, ""vision_confidence"": ""high""}",a binary question,,False,,,,,,False,
598,"noise analysis, deductive reasoning",noise,False,A,A,True,False,True,InWild,baseline,,variance_level,noise,A,high,True,,,spectrogram,[],mcq,,,,,"{""branch"": ""noise"", ""is_stationary"": false, ""is_white_noise"": false, ""adf_pval"": 0.230104, ""kpss_pval"": 0.01, ""vision_confidence"": ""high""}",a multiple choice question,,False,,,,,,False,
596,"trend analysis, analogical reasoning",trend,False,D,D,True,False,True,InWild,baseline,,change_point,trend,D,high,True,,,line_plot,[],mcq,,,,,"{""branch"": ""trend"", ""vision_confidence"": ""high""}",a multiple choice question,,False,,,,,,False,
599,"trend analysis, analogical reasoning",trend,False,C,C,True,False,True,InWild,baseline,,functional_form,trend,C,high,True,,,line_plot,"[""low_r2""]",mcq,,,,,"{""branch"": ""trend"", ""vision_confidence"": ""high""}",a multiple choice question,,False,,,,,,False,
597,noise analysis,similarity,True,C,B,False,False,True,InWild,baseline,,statistical,similarity,B,high,True,,,line_plot,[],mcq,,,,,"{""branch"": ""similarity"", ""best_lag"": 16, ""vision_confidence"": ""high""}",a multiple choice question,,False,,,,,,False,
600,basic analysis,trend,False,D,D,True,False,True,InWild,baseline,,direction,trend,D,high,True,,,line_plot,"[""low_r2""]",mcq,,,,,"{""branch"": ""trend"", ""direction"": ""increasing"", ""slope"": 0.000947, ""r2"": 0.00182, ""vision_confidence"": ""high""}",a multiple choice question,,False,,,,,,False,
602,"volatility analysis, counterfactual reasoning",anomaly,False,A,B,False,False,True,InWild,baseline,,point_anomaly,anomaly,B,high,True,,,spectrogram,[],mcq,,,,,"{""branch"": ""anomaly"", ""vision_confidence"": ""high""}",a binary question,,False,,,,,,False,
604,basic analysis,anomaly,False,B,C,False,False,True,InWild,baseline,,point_anomaly,anomaly,C,high,True,,,spectrogram,[],mcq,,,,,"{""branch"": ""anomaly"", ""vision_confidence"": ""high""}",a multiple choice question,,False,,,,,,False,
603,"basic analysis, causal reasoning",trend,False,B,B,True,False,True,InWild,baseline,,direction,trend,B,high,True,,,spectrogram,"[""low_r2""]",mcq,,,,,"{""branch"": ""trend"", ""vision_confidence"": ""high""}",a binary question,,False,,,,,,False,
606,basic analysis,anomaly,False,B,A,False,False,True,InWild,baseline,,point_anomaly,anomaly,A,high,True,,,spectrogram,[],mcq,,,,,"{""branch"": ""anomaly"", ""vision_confidence"": ""high""}",a binary question,,False,,,,,,False,
614,"basic analysis, deductive reasoning",noise,False,C,B,False,False,False,InWild,baseline,,stationarity,noise,,,False,,,,[],mcq,,,,,"{""branch"": ""noise"", ""is_stationary"": true, ""is_white_noise"": false, ""adf_pval"": 1e-06, ""kpss_pval"": 0.1}",a multiple choice question,,False,,,,,,False,
605,"basic analysis, deductive reasoning",periodicity,False,C,C,True,False,True,InWild,baseline,,period_value,periodicity,C,medium,True,,,spectrogram,"[""fft_unreliable""]",mcq,,,,,"{""branch"": ""periodicity"", ""dominant_period_fft"": 60.0, ""period_reconciled"": 60.0, ""seasonal_strength"": 0.042757, ""vision_confidence"": ""medium""}",a multiple choice question,,False,,,,,,False,
607,volatility analysis,noise,False,B,B,True,False,True,InWild,baseline,,variance_level,noise,B,high,True,,,spectrogram,[],mcq,,,,,"{""branch"": ""noise"", ""is_stationary"": false, ""is_white_noise"": false, ""adf_pval"": 0.153955, ""kpss_pval"": 0.01, ""vision_confidence"": ""high""}",a binary question,,False,,,,,,False,
611,trend analysis,trend,False,D,B,False,False,True,InWild,baseline,,direction,trend,B,high,True,,,line_plot,"[""low_r2""]",mcq,,,,,"{""branch"": ""trend"", ""vision_confidence"": ""high""}",a multiple choice question,,False,,,,,,False,
608,seasonality analysis,periodicity,False,B,B,True,False,True,InWild,baseline,,waveform_type,periodicity,B,high,True,,,line_plot,[],mcq,,,,,"{""branch"": ""periodicity"", ""vision_confidence"": ""high""}",a binary question,,False,,,,,,False,
613,"trend analysis, analogical reasoning",noise,False,A,D,False,False,True,InWild,baseline,,ar_ma_process,noise,D,high,True,,,spectrogram,"[""arch_effects""]",mcq,,,,,"{""branch"": ""noise"", ""is_stationary"": true, ""is_white_noise"": false, ""adf_pval"": 1e-06, ""kpss_pval"": 0.08553, ""vision_confidence"": ""high""}",a multiple choice question,,False,,,,,,False,
612,trend analysis,noise,False,C,B,False,False,True,InWild,baseline,,ar_ma_process,noise,B,high,True,,,spectrogram,"[""arch_effects""]",mcq,,,,,"{""branch"": ""noise"", ""is_stationary"": true, ""is_white_noise"": false, ""adf_pval"": 1e-06, ""kpss_pval"": 0.08553, ""vision_confidence"": ""high""}",a multiple choice question,,False,,,,,,False,
615,noise analysis,similarity,True,B,B,True,False,True,InWild,baseline,,statistical,similarity,B,high,True,,,line_plot,[],mcq,,,,,"{""branch"": ""similarity"", ""best_lag"": -19, ""vision_confidence"": ""high""}",a binary question,,False,,,,,,False,
616,noise analysis,noise,False,B,B,True,False,True,InWild,baseline,,white_noise,noise,B,high,True,,,spectrogram,"[""arch_effects""]",mcq,,,,,"{""branch"": ""noise"", ""is_stationary"": false, ""is_white_noise"": false, ""adf_pval"": 0.669805, ""kpss_pval"": 0.01, ""vision_confidence"": ""high""}",a binary question,,False,,,,,,False,
617,analogical reasoning,similarity,False,D,D,True,False,True,InWild,baseline,,shape,similarity,D,high,True,,,line_plot,[],mcq,,,,,"{""branch"": ""similarity"", ""best_lag"": 0, ""vision_confidence"": ""high""}",a multiple choice question,,False,,,,,,False,
618,inductive reasoning,anomaly,False,C,A,False,False,True,InWild,baseline,,pattern_flip,anomaly,A,high,True,,,spectrogram,[],mcq,,,,,"{""branch"": ""anomaly"", ""vision_confidence"": ""high""}",a multiple choice question,,False,,,,,,False,
630,volatility analysis,noise,False,B,,False,False,False,InWild,baseline,,variance_level,noise,,,,,,,"[""adf_kpss_disagree""]",numerical,,,no_quantity_match,,"{""branch"": ""noise"", ""is_stationary"": false, ""is_white_noise"": false, ""adf_pval"": 0.020666, ""kpss_pval"": 0.019844}",a binary question,,False,,,,,,False,
619,"noise analysis, causal reasoning",noise,False,A,B,False,False,True,InWild,baseline,,white_noise,noise,B,high,True,,,spectrogram,[],mcq,,,,,"{""branch"": ""noise"", ""is_stationary"": true, ""is_white_noise"": false, ""adf_pval"": 0.002589, ""kpss_pval"": 0.1, ""vision_confidence"": ""high""}",a binary question,,False,,,,,,False,
622,"volatility analysis, analogical reasoning",noise,False,A,C,False,False,True,InWild,baseline,,stationarity,noise,C,high,True,,,spectrogram,[],mcq,,,,,"{""branch"": ""noise"", ""is_stationary"": true, ""is_white_noise"": false, ""adf_pval"": 0.002589, ""kpss_pval"": 0.1, ""vision_confidence"": ""high""}",a multiple choice question,,False,,,,,,False,
623,deductive reasoning,noise,False,D,A,False,False,True,InWild,baseline,,ar_ma_process,noise,A,high,True,,,spectrogram,"[""adf_kpss_disagree""]",mcq,,,,,"{""branch"": ""noise"", ""is_stationary"": false, ""is_white_noise"": true, ""adf_pval"": 0.0, ""kpss_pval"": 0.023506, ""vision_confidence"": ""high""}",a multiple choice question,,False,,,,,,False,
620,trend analysis,trend,False,A,A,True,False,True,InWild,baseline,,direction,trend,A,high,True,,,line_plot,"[""low_r2""]",mcq,,,,,"{""branch"": ""trend"", ""direction"": ""increasing"", ""slope"": 10.848218, ""r2"": 0.049555, ""vision_confidence"": ""high""}",a binary question,,False,,,,,,False,
624,"trend analysis, counterfactual reasoning",trend,False,B,B,True,False,True,InWild,baseline,,direction,trend,B,high,True,,,line_plot,"[""low_r2""]",mcq,,,,,"{""branch"": ""trend"", ""direction"": ""increasing"", ""slope"": 0.000556, ""r2"": 0.002887, ""vision_confidence"": ""high""}",a binary question,,False,,,,,,False,
625,"basic analysis, inductive reasoning",trend,False,A,A,True,False,True,InWild,baseline,,direction,trend,A,high,True,,,line_plot,"[""low_r2""]",mcq,,,,,"{""branch"": ""trend"", ""direction"": ""increasing"", ""slope"": 24.569981, ""r2"": 0.317099, ""vision_confidence"": ""high""}",a binary question,,False,,,,,,False,
621,"basic analysis, inductive reasoning",trend,False,A,A,True,False,True,InWild,baseline,,change_point,trend,A,high,True,,,line_plot,"[""low_r2""]",mcq,,,,,"{""branch"": ""trend"", ""vision_confidence"": ""high""}",a binary question,,False,,,,,,False,
626,counterfactual reasoning,noise,False,B,B,True,False,True,InWild,baseline,,variance_level,noise,B,high,True,,,spectrogram,"[""adf_kpss_disagree""]",mcq,,,,,"{""branch"": ""noise"", ""is_stationary"": false, ""is_white_noise"": false, ""adf_pval"": 0.020666, ""kpss_pval"": 0.019844, ""vision_confidence"": ""high""}",a binary question,,False,,,,,,False,
628,"volatility analysis, counterfactual reasoning",noise,False,B,D,False,False,True,InWild,baseline,,variance_level,noise,D,high,True,,,spectrogram,"[""adf_kpss_disagree""]",mcq,,,,,"{""branch"": ""noise"", ""is_stationary"": false, ""is_white_noise"": false, ""adf_pval"": 0.020666, ""kpss_pval"": 0.019844, ""vision_confidence"": ""high""}",a multiple choice question,,False,,,,,,False,
627,basic analysis,periodicity,False,A,A,True,False,True,InWild,baseline,,period_value,periodicity,A,high,True,,,spectrogram,"[""fft_unreliable""]",mcq,,,,,"{""branch"": ""periodicity"", ""vision_confidence"": ""high""}",a binary question,,False,,,,,,False,
610,volatility analysis,noise,False,A,A,True,False,True,InWild,baseline,,variance_level,noise,A,high,True,,,spectrogram,"[""arch_effects""]",mcq,,,,,"{""branch"": ""noise"", ""is_stationary"": true, ""is_white_noise"": false, ""adf_pval"": 0.0, ""kpss_pval"": 0.1, ""vision_confidence"": ""high""}",a multiple choice question,,False,,,,,,False,
631,inductive reasoning,anomaly,False,A,C,False,False,True,InWild,baseline,,pattern_flip,anomaly,C,high,True,,,spectrogram,[],mcq,,,,,"{""branch"": ""anomaly"", ""vision_confidence"": ""high""}",a multiple choice question,,False,,,,,,False,
638,"trend analysis, inductive reasoning",similarity,True,A,B,False,False,False,InWild,baseline,,statistical,similarity,,,False,,,,[],mcq,,,,,"{""branch"": ""similarity"", ""best_lag"": 0}",a multiple choice question,,False,,,,,,False,
609,deductive reasoning,anomaly,False,A,B,False,False,True,InWild,baseline,,point_anomaly,anomaly,B,high,True,,,spectrogram,[],mcq,,,,,"{""branch"": ""anomaly"", ""vision_confidence"": ""high""}",a binary question,,False,,,,,,False,
636,volatility analysis,similarity,True,C,A,False,False,False,InWild,baseline,,statistical,similarity,,,False,,,,[],mcq,,,,,"{""branch"": ""similarity"", ""best_lag"": 10}",a multiple choice question,,False,,,,,,False,
632,inductive reasoning,trend,False,B,A,False,False,True,InWild,baseline,,direction,trend,A,high,True,,,spectrogram,"[""low_r2""]",mcq,,,,,"{""branch"": ""trend"", ""direction"": ""increasing"", ""slope"": 71.720046, ""r2"": 0.580951, ""vision_confidence"": ""high""}",a binary question,,False,,,,,,False,
633,noise analysis,noise,False,B,B,True,False,True,InWild,baseline,,variance_level,noise,B,high,True,,,spectrogram,"[""arch_effects""]",mcq,,,,,"{""branch"": ""noise"", ""is_stationary"": true, ""is_white_noise"": false, ""adf_pval"": 0.0, ""kpss_pval"": 0.1, ""vision_confidence"": ""high""}",a binary question,,False,,,,,,False,
634,"volatility analysis, inductive reasoning",noise,False,A,B,False,False,True,InWild,baseline,,variance_level,noise,B,high,True,,,spectrogram,"[""arch_effects""]",mcq,,,,,"{""branch"": ""noise"", ""is_stationary"": true, ""is_white_noise"": false, ""adf_pval"": 0.0, ""kpss_pval"": 0.1, ""vision_confidence"": ""high""}",a binary question,,False,,,,,,False,
629,seasonality analysis,periodicity,False,B,B,True,False,True,InWild,baseline,,period_value,periodicity,B,high,True,,,spectrogram,[],mcq,,,,,"{""branch"": ""periodicity"", ""dominant_period_fft"": 24.0, ""period_reconciled"": 24.0, ""seasonal_strength"": 0.937313, ""vision_confidence"": ""high""}",a multiple choice question,,False,,,,,,False,
637,volatility analysis,periodicity,True,A,B,False,False,True,InWild,baseline,,amplitude_change,periodicity,B,high,True,,,line_plot,"[""fft_unreliable""]",mcq,,,,,"{""branch"": ""periodicity"", ""vision_confidence"": ""high""}",a binary question,,False,,,,,,False,
641,volatility analysis,similarity,True,B,C,False,False,True,InWild,baseline,,statistical,similarity,C,high,True,,,spectrogram,[],mcq,,,,,"{""branch"": ""similarity"", ""best_lag"": 5, ""vision_confidence"": ""high""}",a multiple choice question,,False,,,,,,False,
635,volatility analysis,noise,True,B,C,False,False,True,InWild,baseline,,variance_level,noise,C,high,True,,,spectrogram,"[""adf_kpss_disagree"", ""arch_effects""]",mcq,,,,,"{""branch"": ""noise"", ""is_stationary"": false, ""is_white_noise"": false, ""adf_pval"": 0.051101, ""kpss_pval"": 0.01, ""vision_confidence"": ""high""}",a multiple choice question,,False,,,,,,False,
643,trend analysis,noise,True,B,B,True,False,True,InWild,baseline,,autocorr_value,noise,B,medium,True,,,spectrogram,"[""arch_effects""]",mcq,,,,,"{""branch"": ""noise"", ""is_stationary"": true, ""is_white_noise"": false, ""adf_pval"": 0.004456, ""kpss_pval"": 0.1, ""vision_confidence"": ""medium""}",a binary question,,False,,,,,,False,
639,volatility analysis,similarity,True,B,A,False,False,True,InWild,baseline,,statistical,similarity,B,high,True,,,line_plot,[],mcq,,,,,"{""branch"": ""similarity"", ""best_lag"": 0, ""vision_confidence"": ""high""}",a binary question,,False,,,,,,False,
642,"volatility analysis, deductive reasoning",noise,True,B,A,False,False,True,InWild,baseline,,variance_level,noise,A,high,True,,,spectrogram,"[""arch_effects""]",mcq,,,,,"{""branch"": ""noise"", ""is_stationary"": true, ""is_white_noise"": false, ""adf_pval"": 0.000664, ""kpss_pval"": 0.085636, ""vision_confidence"": ""high""}",a binary question,,False,,,,,,False,
640,"noise analysis, counterfactual reasoning",anomaly,True,B,A,False,False,True,InWild,baseline,,point_anomaly,anomaly,A,high,True,,,spectrogram,[],mcq,,,,,"{""branch"": ""anomaly"", ""vision_confidence"": ""high""}",a binary question,,False,,,,,,False,
647,"trend analysis, causal reasoning",causality,True,D,C,False,False,True,InWild,baseline,,lag_direction,causality,C,high,True,,,spectrogram,"[""granger_not_significant""]",mcq,,,,,"{""branch"": ""causality"", ""direction"": ""none"", ""best_lag"": 1, ""best_corr"": -0.570531, ""pval_12"": 1.0, ""pval_21"": 1.0, ""vision_confidence"": ""high""}",a multiple choice question,,False,,,,,,False,
648,analogical reasoning,similarity,True,B,A,False,False,True,InWild,baseline,,shape,similarity,A,high,True,,,spectrogram,[],mcq,,,,,"{""branch"": ""similarity"", ""best_lag"": -20, ""vision_confidence"": ""high""}",a binary question,,False,,,,,,False,
644,"volatility analysis, causal reasoning",causality,True,D,B,False,False,True,InWild,baseline,,lag_direction,causality,B,high,True,,,spectrogram,"[""granger_not_significant""]",mcq,,,,,"{""branch"": ""causality"", ""direction"": ""none"", ""best_lag"": 0, ""best_corr"": -0.827986, ""pval_12"": 1.0, ""pval_21"": 1.0, ""vision_confidence"": ""high""}",a multiple choice question,,False,,,,,,False,
649,noise analysis,similarity,True,C,C,True,False,True,InWild,baseline,,statistical,similarity,C,high,True,,,spectrogram,[],mcq,,,,,"{""branch"": ""similarity"", ""best_lag"": -20, ""vision_confidence"": ""high""}",a multiple choice question,,False,,,,,,False,
645,"seasonality analysis, inductive reasoning",similarity,True,A,A,True,False,True,InWild,baseline,,statistical,similarity,A,high,True,,,line_plot,[],mcq,,,,,"{""branch"": ""similarity"", ""best_lag"": 0, ""vision_confidence"": ""high""}",a multiple choice question,,False,,,,,,False,
651,trend analysis,noise,True,A,A,True,False,True,InWild,baseline,,variance_level,noise,A,high,True,,,spectrogram,"[""adf_kpss_disagree"", ""arch_effects""]",mcq,,,,,"{""branch"": ""noise"", ""is_stationary"": false, ""is_white_noise"": false, ""adf_pval"": 0.000126, ""kpss_pval"": 0.01, ""vision_confidence"": ""high""}",a binary question,,False,,,,,,False,
646,noise analysis,similarity,True,C,C,True,False,True,InWild,baseline,,statistical,similarity,B,high,True,,,line_plot,[],mcq,,,,,"{""branch"": ""similarity"", ""best_lag"": 1, ""vision_confidence"": ""high""}",a multiple choice question,,False,,,,,,False,
655,trend analysis,similarity,True,A,B,False,False,False,InWild,baseline,,statistical,similarity,,,False,,,,[],mcq,,,,,"{""branch"": ""similarity"", ""best_lag"": 20}",a binary question,,False,,,,,,False,
652,counterfactual reasoning,similarity,True,B,A,False,False,True,InWild,baseline,,shape,similarity,A,high,True,,,spectrogram,[],mcq,,,,,"{""branch"": ""similarity"", ""best_lag"": 3, ""vision_confidence"": ""high""}",a binary question,,False,,,,,,False,
650,noise analysis,similarity,True,C,C,True,False,True,InWild,baseline,,statistical,similarity,A,high,True,,,line_plot,[],mcq,,,,,"{""branch"": ""similarity"", ""best_lag"": -5, ""vision_confidence"": ""high""}",a multiple choice question,,False,,,,,,False,
654,noise analysis,noise,True,B,B,True,False,True,InWild,baseline,,variance_level,noise,B,high,True,,,spectrogram,"[""arch_effects""]",mcq,,,,,"{""branch"": ""noise"", ""is_stationary"": true, ""is_white_noise"": false, ""adf_pval"": 0.000174, ""kpss_pval"": 0.1, ""vision_confidence"": ""high""}",a binary question,,False,,,,,,False,
664,causal reasoning,similarity,True,A,C,False,False,False,InWild,baseline,,statistical,similarity,,,False,,,,[],mcq,,,,,"{""branch"": ""similarity"", ""best_lag"": 10}",a multiple choice question,,False,,,,,,False,
656,causal reasoning,causality,True,A,A,True,False,True,InWild,baseline,,lag_direction,causality,A,high,True,,,line_plot,"[""granger_not_significant"", ""weak_correlation""]",mcq,,,,,"{""branch"": ""causality"", ""direction"": ""none"", ""best_lag"": -8, ""best_corr"": -0.072583, ""pval_12"": 1.0, ""pval_21"": 1.0, ""vision_confidence"": ""high""}",a multiple choice question,,False,,,,,,False,
653,analogical reasoning,similarity,True,B,B,True,False,True,InWild,baseline,,shape,similarity,B,high,True,,,line_plot,[],mcq,,,,,"{""branch"": ""similarity"", ""best_lag"": -20, ""vision_confidence"": ""high""}",a binary question,,False,,,,,,False,
661,"volatility analysis, inductive reasoning",noise,True,B,B,True,False,True,InWild,baseline,,variance_level,noise,B,high,True,,,spectrogram,"[""adf_kpss_disagree"", ""arch_effects""]",mcq,,,,,"{""branch"": ""noise"", ""is_stationary"": false, ""is_white_noise"": false, ""adf_pval"": 0.010692, ""kpss_pval"": 0.049229, ""vision_confidence"": ""high""}",a multiple choice question,,False,,,,,,False,
660,volatility analysis,similarity,True,C,D,False,False,True,InWild,baseline,,statistical,similarity,B,high,True,,,spectrogram,[],mcq,,,,,"{""branch"": ""similarity"", ""best_lag"": 20, ""vision_confidence"": ""high""}",a multiple choice question,,False,,,,,,False,
659,"noise analysis, inductive reasoning",noise,True,A,B,False,False,True,InWild,baseline,,variance_level,noise,B,high,True,,,spectrogram,"[""arch_effects""]",mcq,,,,,"{""branch"": ""noise"", ""is_stationary"": true, ""is_white_noise"": false, ""adf_pval"": 0.021857, ""kpss_pval"": 0.1, ""vision_confidence"": ""high""}",a binary question,,False,,,,,,False,
657,noise analysis,noise,True,A,A,True,False,True,InWild,baseline,,variance_level,noise,A,high,True,,,spectrogram,"[""arch_effects""]",mcq,,,,,"{""branch"": ""noise"", ""is_stationary"": true, ""is_white_noise"": false, ""adf_pval"": 0.001172, ""kpss_pval"": 0.1, ""vision_confidence"": ""high""}",a multiple choice question,,False,,,,,,False,
669,"trend analysis, analogical reasoning",similarity,True,A,B,False,False,True,InWild,baseline,,statistical,similarity,B,high,True,,,line_plot,[],mcq,,,,,"{""branch"": ""similarity"", ""best_lag"": -18, ""vision_confidence"": ""high""}",a binary question,,False,,,,,,False,
673,volatility analysis,similarity,True,B,C,False,False,False,InWild,baseline,,statistical,similarity,,,False,,,,[],mcq,,,,,"{""branch"": ""similarity"", ""best_lag"": 0}",a multiple choice question,,False,,,,,,False,
667,seasonality analysis,similarity,True,B,B,True,False,True,InWild,baseline,,shape,similarity,B,high,True,,,spectrogram,[],mcq,,,,,"{""branch"": ""similarity"", ""best_lag"": 0, ""vision_confidence"": ""high""}",a binary question,,False,,,,,,False,
662,basic analysis,similarity,True,A,A,True,False,True,InWild,baseline,,statistical,similarity,A,high,True,,,line_plot,[],mcq,,,,,"{""branch"": ""similarity"", ""best_lag"": 20, ""vision_confidence"": ""high""}",a binary question,,False,,,,,,False,
668,"trend analysis, counterfactual reasoning",similarity,True,A,B,False,False,True,InWild,baseline,,statistical,similarity,B,medium,True,,,line_plot,[],mcq,,,,,"{""branch"": ""similarity"", ""best_lag"": 15, ""vision_confidence"": ""medium""}",a binary question,,False,,,,,,False,
665,trend analysis,noise,True,B,C,False,False,True,InWild,baseline,,ar_ma_process,noise,C,medium,True,,,spectrogram,"[""adf_kpss_disagree"", ""arch_effects""]",mcq,,,,,"{""branch"": ""noise"", ""is_stationary"": false, ""is_white_noise"": false, ""adf_pval"": 0.027439, ""kpss_pval"": 0.01, ""vision_confidence"": ""medium""}",a multiple choice question,,False,,,,,,False,
658,trend analysis,trend,True,B,C,False,False,True,InWild,baseline,,direction,trend,C,high,True,,,spectrogram,"[""low_r2""]",mcq,,,,,"{""branch"": ""trend"", ""direction"": ""increasing"", ""slope"": 0.003815, ""r2"": 0.000601, ""vision_confidence"": ""high""}",a multiple choice question,,False,,,,,,False,
663,volatility analysis,similarity,True,B,A,False,False,True,InWild,baseline,,statistical,similarity,A,high,True,,,line_plot,[],mcq,,,,,"{""branch"": ""similarity"", ""best_lag"": -8, ""vision_confidence"": ""high""}",a binary question,,False,,,,,,False,
666,"noise analysis, counterfactual reasoning",noise,True,A,A,True,False,True,InWild,baseline,,variance_level,noise,A,high,True,,,spectrogram,"[""arch_effects""]",mcq,,,,,"{""branch"": ""noise"", ""is_stationary"": false, ""is_white_noise"": false, ""adf_pval"": 0.050366, ""kpss_pval"": 0.1, ""vision_confidence"": ""high""}",a multiple choice question,,False,,,,,,False,
675,"trend analysis, inductive reasoning",trend,True,A,D,False,False,True,InWild,baseline,,direction,trend,D,high,True,,,line_plot,"[""low_r2""]",mcq,,,,,"{""branch"": ""trend"", ""vision_confidence"": ""high""}",a multiple choice question,,False,,,,,,False,
670,"volatility analysis, deductive reasoning",similarity,True,D,B,False,False,True,InWild,baseline,,statistical,similarity,B,high,True,,,spectrogram,[],mcq,,,,,"{""branch"": ""similarity"", ""best_lag"": -18, ""vision_confidence"": ""high""}",a multiple choice question,,False,,,,,,False,
674,trend analysis,similarity,True,C,C,True,False,True,InWild,baseline,,shape,similarity,C,high,True,,,line_plot,[],mcq,,,,,"{""branch"": ""similarity"", ""best_lag"": 1, ""vision_confidence"": ""high""}",a multiple choice question,,False,,,,,,False,
676,"seasonality analysis, causal reasoning",similarity,True,A,A,True,False,True,InWild,baseline,,shape,similarity,A,high,True,,,line_plot,[],mcq,,,,,"{""branch"": ""similarity"", ""best_lag"": 4, ""vision_confidence"": ""high""}",a multiple choice question,,False,,,,,,False,
672,basic analysis,similarity,True,C,B,False,False,True,InWild,baseline,,statistical,similarity,B,high,True,,,line_plot,[],mcq,,,,,"{""branch"": ""similarity"", ""best_lag"": 8, ""vision_confidence"": ""high""}",a multiple choice question,,False,,,,,,False,
677,noise analysis,similarity,True,B,A,False,False,True,InWild,baseline,,statistical,similarity,A,high,True,,,spectrogram,[],mcq,,,,,"{""branch"": ""similarity"", ""best_lag"": 13, ""vision_confidence"": ""high""}",a multiple choice question,,False,,,,,,False,
671,trend analysis,similarity,True,B,B,True,False,True,InWild,baseline,,statistical,similarity,A,high,True,,,line_plot,[],mcq,,,,,"{""branch"": ""similarity"", ""best_lag"": 20, ""vision_confidence"": ""high""}",a binary question,,False,,,,,,False,
681,causal reasoning,similarity,True,B,B,True,False,True,InWild,baseline,,shape,similarity,B,high,True,,,line_plot,[],mcq,,,,,"{""branch"": ""similarity"", ""best_lag"": -17, ""vision_confidence"": ""high""}",a binary question,,False,,,,,,False,
682,volatility analysis,similarity,True,B,C,False,False,True,InWild,baseline,,statistical,similarity,C,high,True,,,spectrogram,[],mcq,,,,,"{""branch"": ""similarity"", ""best_lag"": -17, ""vision_confidence"": ""high""}",a multiple choice question,,False,,,,,,False,
679,"trend analysis, inductive reasoning",similarity,True,B,B,True,False,True,InWild,baseline,,statistical,similarity,B,high,True,,,line_plot,[],mcq,,,,,"{""branch"": ""similarity"", ""best_lag"": 12, ""vision_confidence"": ""high""}",a multiple choice question,,False,,,,,,False,
689,volatility analysis,similarity,True,A,A,True,False,True,InWild,baseline,,statistical,similarity,A,high,True,,,line_plot,[],mcq,,,,,"{""branch"": ""similarity"", ""best_lag"": 13, ""vision_confidence"": ""high""}",a binary question,,False,,,,,,False,
692,seasonality analysis,similarity,True,B,A,False,False,False,InWild,baseline,,statistical,similarity,,,False,,,,[],mcq,,,,,"{""branch"": ""similarity"", ""best_lag"": -13}",a multiple choice question,,False,,,,,,False,
680,trend analysis,similarity,True,B,B,True,False,True,InWild,baseline,,statistical,similarity,B,high,True,,,line_plot,[],mcq,,,,,"{""branch"": ""similarity"", ""best_lag"": -18, ""vision_confidence"": ""high""}",a multiple choice question,,False,,,,,,False,
687,"basic analysis, analogical reasoning",similarity,True,A,A,True,False,True,InWild,baseline,,statistical,similarity,C,high,True,,,line_plot,[],mcq,,,,,"{""branch"": ""similarity"", ""best_lag"": -5, ""vision_confidence"": ""high""}",a multiple choice question,,False,,,,,,False,
684,deductive reasoning,similarity,True,A,B,False,False,True,InWild,baseline,,statistical,similarity,B,high,True,,,line_plot,[],mcq,,,,,"{""branch"": ""similarity"", ""best_lag"": 20, ""vision_confidence"": ""high""}",a multiple choice question,,False,,,,,,False,
686,"volatility analysis, inductive reasoning",similarity,True,A,A,True,False,True,InWild,baseline,,statistical,similarity,B,high,True,,,spectrogram,[],mcq,,,,,"{""branch"": ""similarity"", ""best_lag"": 5, ""vision_confidence"": ""high""}",a binary question,,False,,,,,,False,
685,volatility analysis,similarity,True,A,B,False,False,True,InWild,baseline,,statistical,similarity,B,high,True,,,line_plot,[],mcq,,,,,"{""branch"": ""similarity"", ""best_lag"": 5, ""vision_confidence"": ""high""}",a binary question,,False,,,,,,False,
678,seasonality analysis,periodicity,True,B,B,True,False,True,InWild,baseline,,period_value,periodicity,B,high,True,,,spectrogram,"[""fft_unreliable""]",mcq,,,,,"{""branch"": ""periodicity"", ""dominant_period_fft"": 672.0, ""period_reconciled"": 672.0, ""seasonal_strength"": 0.341885, ""vision_confidence"": ""high""}",a multiple choice question,,False,,,,,,False,
693,"noise analysis, deductive reasoning",anomaly,True,B,A,False,False,True,InWild,baseline,,point_anomaly,anomaly,A,high,True,,,spectrogram,[],mcq,,,,,"{""branch"": ""anomaly"", ""vision_confidence"": ""high""}",a binary question,,False,,,,,,False,
694,basic analysis,similarity,True,B,B,True,False,True,InWild,baseline,,statistical,similarity,B,high,True,,,line_plot,[],mcq,,,,,"{""branch"": ""similarity"", ""best_lag"": 19, ""vision_confidence"": ""high""}",a binary question,,False,,,,,,False,
691,volatility analysis,similarity,True,C,C,True,False,True,InWild,baseline,,statistical,similarity,C,high,True,,,line_plot,[],mcq,,,,,"{""branch"": ""similarity"", ""best_lag"": 19, ""vision_confidence"": ""high""}",a multiple choice question,,False,,,,,,False,
690,inductive reasoning,similarity,True,A,A,True,False,True,InWild,baseline,,statistical,similarity,A,high,True,,,line_plot,[],mcq,,,,,"{""branch"": ""similarity"", ""best_lag"": 19, ""vision_confidence"": ""high""}",a multiple choice question,,False,,,,,,False,
688,"trend analysis, causal reasoning",causality,True,D,A,False,False,True,InWild,baseline,,lag_direction,causality,A,high,True,,,line_plot,"[""granger_not_significant"", ""weak_correlation""]",mcq,,,,,"{""branch"": ""causality"", ""direction"": ""none"", ""best_lag"": 43, ""best_corr"": -0.143168, ""pval_12"": 1.0, ""pval_21"": 1.0, ""vision_confidence"": ""high""}",a multiple choice question,,False,,,,,,False,
683,deductive reasoning,similarity,True,B,B,True,False,True,InWild,baseline,,statistical,similarity,B,high,True,,,spectrogram,[],mcq,,,,,"{""branch"": ""similarity"", ""best_lag"": 2, ""vision_confidence"": ""high""}",a binary question,,False,,,,,,False,
695,seasonality analysis,similarity,True,B,B,True,False,True,InWild,baseline,,statistical,similarity,B,high,True,,,spectrogram,[],mcq,,,,,"{""branch"": ""similarity"", ""best_lag"": 4, ""vision_confidence"": ""high""}",a binary question,,False,,,,,,False,
696,"seasonality analysis, analogical reasoning",similarity,True,A,A,True,False,True,InWild,baseline,,statistical,similarity,A,high,True,,,spectrogram,[],mcq,,,,,"{""branch"": ""similarity"", ""best_lag"": 4, ""vision_confidence"": ""high""}",a binary question,,False,,,,,,False,
699,deductive reasoning,similarity,True,A,A,True,False,True,InWild,baseline,,statistical,similarity,A,high,True,,,line_plot,[],mcq,,,,,"{""branch"": ""similarity"", ""best_lag"": 0, ""vision_confidence"": ""high""}",a binary question,,False,,,,,,False,
700,basic analysis,similarity,True,B,C,False,False,True,InWild,baseline,,statistical,similarity,C,high,True,,,spectrogram,[],mcq,,,,,"{""branch"": ""similarity"", ""best_lag"": 0, ""vision_confidence"": ""high""}",a multiple choice question,,False,,,,,,False,
698,seasonality analysis,similarity,True,B,D,False,False,True,InWild,baseline,,statistical,similarity,D,high,True,,,spectrogram,[],mcq,,,,,"{""branch"": ""similarity"", ""best_lag"": 11, ""vision_confidence"": ""high""}",a multiple choice question,,False,,,,,,False,
697,"trend analysis, analogical reasoning",similarity,True,D,C,False,False,True,InWild,baseline,,statistical,similarity,B,high,True,,,spectrogram,[],mcq,,,,,"{""branch"": ""similarity"", ""best_lag"": 11, ""vision_confidence"": ""high""}",a multiple choice question,,False,,,,,,False,
706,inductive reasoning,similarity,True,A,B,False,False,True,InWild,baseline,,statistical,similarity,B,high,True,,,line_plot,[],mcq,,,,,"{""branch"": ""similarity"", ""best_lag"": -19, ""vision_confidence"": ""high""}",a binary question,,False,,,,,,False,
712,"volatility analysis, deductive reasoning",similarity,True,B,B,True,False,False,InWild,baseline,,statistical,similarity,,,False,,,,[],mcq,,,,,"{""branch"": ""similarity"", ""best_lag"": 0}",a binary question,,False,,,,,,False,
705,volatility analysis,similarity,True,B,B,True,False,True,InWild,baseline,,statistical,similarity,A,high,True,,,line_plot,[],mcq,,,,,"{""branch"": ""similarity"", ""best_lag"": -19, ""vision_confidence"": ""high""}",a binary question,,False,,,,,,False,
703,inductive reasoning,similarity,True,B,B,True,False,True,InWild,baseline,,statistical,similarity,B,high,True,,,line_plot,[],mcq,,,,,"{""branch"": ""similarity"", ""best_lag"": 4, ""vision_confidence"": ""high""}",a binary question,,False,,,,,,False,
701,basic analysis,similarity,True,A,A,True,False,True,InWild,baseline,,statistical,similarity,A,high,True,,,line_plot,[],mcq,,,,,"{""branch"": ""similarity"", ""best_lag"": -4, ""vision_confidence"": ""high""}",a binary question,,False,,,,,,False,
702,"seasonality analysis, counterfactual reasoning",noise,True,A,A,True,False,True,InWild,baseline,,variance_level,noise,A,high,True,,,spectrogram,"[""arch_effects""]",mcq,,,,,"{""branch"": ""noise"", ""is_stationary"": true, ""is_white_noise"": false, ""adf_pval"": 0.0, ""kpss_pval"": 0.1, ""vision_confidence"": ""high""}",a binary question,,False,,,,,,False,
716,volatility analysis,similarity,True,C,A,False,False,True,InWild,baseline,,statistical,similarity,A,high,True,,,spectrogram,[],mcq,,,,,"{""branch"": ""similarity"", ""best_lag"": 3, ""vision_confidence"": ""high""}",a multiple choice question,,False,,,,,,False,
708,basic analysis,similarity,True,A,A,True,False,True,InWild,baseline,,statistical,similarity,A,high,True,,,line_plot,[],mcq,,,,,"{""branch"": ""similarity"", ""best_lag"": -5, ""vision_confidence"": ""high""}",a binary question,,False,,,,,,False,
715,basic analysis,similarity,True,A,B,False,False,True,InWild,baseline,,statistical,similarity,B,high,True,,,line_plot,[],mcq,,,,,"{""branch"": ""similarity"", ""best_lag"": -4, ""vision_confidence"": ""high""}",a multiple choice question,,False,,,,,,False,
707,trend analysis,similarity,True,A,A,True,False,True,InWild,baseline,,shape,similarity,A,high,True,,,line_plot,[],mcq,,,,,"{""branch"": ""similarity"", ""best_lag"": -4, ""vision_confidence"": ""high""}",a binary question,,False,,,,,,False,
713,"volatility analysis, deductive reasoning",similarity,True,A,A,True,False,True,InWild,baseline,,statistical,similarity,C,high,True,,,line_plot,[],mcq,,,,,"{""branch"": ""similarity"", ""best_lag"": 20, ""vision_confidence"": ""high""}",a multiple choice question,,False,,,,,,False,
714,"trend analysis, causal reasoning",causality,True,D,A,False,False,True,InWild,baseline,,lag_direction,causality,A,high,True,,,spectrogram,"[""granger_not_significant"", ""weak_correlation""]",mcq,,,,,"{""branch"": ""causality"", ""direction"": ""none"", ""best_lag"": 32, ""best_corr"": 0.197912, ""pval_12"": 1.0, ""pval_21"": 1.0, ""vision_confidence"": ""high""}",a multiple choice question,,False,,,,,,False,
709,deductive reasoning,causality,True,A,B,False,False,True,InWild,baseline,,lag_direction,causality,B,high,True,,,spectrogram,"[""granger_not_significant""]",mcq,,,,,"{""branch"": ""causality"", ""direction"": ""none"", ""best_lag"": 18, ""best_corr"": -0.485439, ""pval_12"": 1.0, ""pval_21"": 1.0, ""vision_confidence"": ""high""}",a binary question,,False,,,,,,False,
704,"noise analysis, analogical reasoning",similarity,True,B,C,False,False,True,InWild,baseline,,statistical,similarity,C,high,True,,,spectrogram,[],mcq,,,,,"{""branch"": ""similarity"", ""best_lag"": -4, ""vision_confidence"": ""high""}",a multiple choice question,,False,,,,,,False,
711,noise analysis,noise,True,C,B,False,False,True,InWild,baseline,,variance_level,noise,B,high,True,,,spectrogram,"[""arch_effects""]",mcq,,,,,"{""branch"": ""noise"", ""is_stationary"": true, ""is_white_noise"": false, ""adf_pval"": 0.0, ""kpss_pval"": 0.1, ""vision_confidence"": ""high""}",a multiple choice question,,False,,,,,,False,
717,seasonality analysis,similarity,True,B,B,True,False,True,InWild,baseline,,statistical,similarity,B,high,True,,,spectrogram,[],mcq,,,,,"{""branch"": ""similarity"", ""best_lag"": -1, ""vision_confidence"": ""high""}",a binary question,,False,,,,,,False,
710,"trend analysis, analogical reasoning",trend,True,A,B,False,False,True,InWild,baseline,,change_point,trend,B,high,True,,,line_plot,"[""low_r2""]",mcq,,,,,"{""branch"": ""trend"", ""vision_confidence"": ""high""}",a binary question,,False,,,,,,False,
720,"seasonality analysis, deductive reasoning",similarity,True,A,B,False,False,True,InWild,baseline,,statistical,similarity,A,high,True,,,spectrogram,[],mcq,,,,,"{""branch"": ""similarity"", ""best_lag"": -3, ""vision_confidence"": ""high""}",a binary question,,False,,,,,,False,
722,"trend analysis, causal reasoning",causality,True,A,C,False,False,True,InWild,baseline,,lag_direction,causality,C,high,True,,,spectrogram,"[""granger_not_significant""]",mcq,,,,,"{""branch"": ""causality"", ""direction"": ""none"", ""best_lag"": 0, ""best_corr"": -0.941246, ""pval_12"": 1.0, ""pval_21"": 1.0, ""vision_confidence"": ""high""}",a multiple choice question,,False,,,,,,False,
719,"seasonality analysis, counterfactual reasoning",similarity,True,B,A,False,False,True,InWild,baseline,,shape,similarity,A,high,True,,,spectrogram,[],mcq,,,,,"{""branch"": ""similarity"", ""best_lag"": -5, ""vision_confidence"": ""high""}",a binary question,,False,,,,,,False,
721,basic analysis,similarity,True,C,C,True,False,True,InWild,baseline,,statistical,similarity,C,high,True,,,line_plot,[],mcq,,,,,"{""branch"": ""similarity"", ""best_lag"": -3, ""vision_confidence"": ""high""}",a multiple choice question,,False,,,,,,False,
718,basic analysis,similarity,True,A,B,False,False,True,InWild,baseline,,statistical,similarity,B,high,True,,,spectrogram,[],mcq,,,,,"{""branch"": ""similarity"", ""best_lag"": -5, ""vision_confidence"": ""high""}",a multiple choice question,,False,,,,,,False,
728,seasonality analysis,similarity,True,B,B,True,False,True,InWild,baseline,,shape,similarity,B,high,True,,,line_plot,[],mcq,,,,,"{""branch"": ""similarity"", ""best_lag"": -20, ""vision_confidence"": ""high""}",a binary question,,False,,,,,,False,
723,basic analysis,similarity,True,C,D,False,False,True,InWild,baseline,,statistical,similarity,D,high,True,,,line_plot,[],mcq,,,,,"{""branch"": ""similarity"", ""best_lag"": 0, ""vision_confidence"": ""high""}",a multiple choice question,,False,,,,,,False,
727,causal reasoning,similarity,True,A,D,False,False,True,InWild,baseline,,statistical,similarity,D,high,True,,,line_plot,[],mcq,,,,,"{""branch"": ""similarity"", ""best_lag"": -20, ""vision_confidence"": ""high""}",a multiple choice question,,False,,,,,,False,
726,volatility analysis,similarity,True,B,B,True,False,True,InWild,baseline,,statistical,similarity,B,high,True,,,line_plot,[],mcq,,,,,"{""branch"": ""similarity"", ""best_lag"": -1, ""vision_confidence"": ""high""}",a multiple choice question,,False,,,,,,False,
731,trend analysis,noise,True,C,A,False,False,True,InWild,baseline,,ar_ma_process,noise,A,high,True,,,spectrogram,"[""arch_effects""]",mcq,,,,,"{""branch"": ""noise"", ""is_stationary"": true, ""is_white_noise"": false, ""adf_pval"": 0.020966, ""kpss_pval"": 0.1, ""vision_confidence"": ""high""}",a multiple choice question,,False,,,,,,False,
725,volatility analysis,similarity,True,A,A,True,False,True,InWild,baseline,,statistical,similarity,A,high,True,,,line_plot,[],mcq,,,,,"{""branch"": ""similarity"", ""best_lag"": 0, ""vision_confidence"": ""high""}",a binary question,,False,,,,,,False,
729,"noise analysis, causal reasoning",similarity,True,D,D,True,False,True,InWild,baseline,,statistical,similarity,D,high,True,,,spectrogram,[],mcq,,,,,"{""branch"": ""similarity"", ""best_lag"": 5, ""vision_confidence"": ""high""}",a multiple choice question,,False,,,,,,False,
730,"seasonality analysis, deductive reasoning",trend,True,A,A,True,False,True,InWild,baseline,,direction,trend,A,high,True,,,line_plot,"[""low_r2""]",mcq,,,,,"{""branch"": ""trend"", ""vision_confidence"": ""high""}",a multiple choice question,,False,,,,,,False,
724,seasonality analysis,similarity,True,A,B,False,False,True,InWild,baseline,,statistical,similarity,B,high,True,,,spectrogram,[],mcq,,,,,"{""branch"": ""similarity"", ""best_lag"": 3, ""vision_confidence"": ""high""}",a binary question,,False,,,,,,False,
733,causal reasoning,similarity,True,A,B,False,False,True,InWild,baseline,,statistical,similarity,B,high,True,,,line_plot,[],mcq,,,,,"{""branch"": ""similarity"", ""best_lag"": 20, ""vision_confidence"": ""high""}",a multiple choice question,,False,,,,,,False,
734,"noise analysis, analogical reasoning",similarity,True,A,A,True,False,True,InWild,baseline,,shape,similarity,D,high,True,,,line_plot,[],mcq,,,,,"{""branch"": ""similarity"", ""best_lag"": 0, ""vision_confidence"": ""high""}",a multiple choice question,,False,,,,,,False,
735,basic analysis,similarity,True,D,D,True,False,True,InWild,baseline,,statistical,similarity,D,high,True,,,line_plot,[],mcq,,,,,"{""branch"": ""similarity"", ""best_lag"": 0, ""vision_confidence"": ""high""}",a multiple choice question,,False,,,,,,False,
732,trend analysis,trend,True,B,B,True,False,True,InWild,baseline,,direction,trend,B,high,True,,,line_plot,"[""low_r2""]",mcq,,,,,"{""branch"": ""trend"", ""direction"": ""flat"", ""slope"": 0.000279, ""r2"": 6e-06, ""vision_confidence"": ""high""}",a multiple choice question,,False,,,,,,False,
738,basic analysis,similarity,True,B,B,True,False,True,InWild,baseline,,statistical,similarity,B,high,True,,,line_plot,[],mcq,,,,,"{""branch"": ""similarity"", ""best_lag"": -16, ""vision_confidence"": ""high""}",a binary question,,False,,,,,,False,
737,"trend analysis, inductive reasoning",trend,True,A,A,True,False,True,InWild,baseline,,direction,trend,A,high,True,,,line_plot,"[""low_r2""]",mcq,,,,,"{""branch"": ""trend"", ""vision_confidence"": ""high""}",a binary question,,False,,,,,,False,
740,volatility analysis,similarity,True,B,B,True,False,True,InWild,baseline,,statistical,similarity,A,high,True,,,line_plot,[],mcq,,,,,"{""branch"": ""similarity"", ""best_lag"": -10, ""vision_confidence"": ""high""}",a binary question,,False,,,,,,False,
736,"seasonality analysis, deductive reasoning",similarity,True,B,B,True,False,True,InWild,baseline,,statistical,similarity,B,high,True,,,spectrogram,[],mcq,,,,,"{""branch"": ""similarity"", ""best_lag"": -1, ""vision_confidence"": ""high""}",a binary question,,False,,,,,,False,
739,trend analysis,similarity,True,B,B,True,False,True,InWild,baseline,,shape,similarity,B,high,True,,,line_plot,[],mcq,,,,,"{""branch"": ""similarity"", ""best_lag"": -20, ""vision_confidence"": ""high""}",a binary question,,False,,,,,,False,
744,basic analysis,similarity,True,C,A,False,False,True,InWild,baseline,,statistical,similarity,A,high,True,,,line_plot,[],mcq,,,,,"{""branch"": ""similarity"", ""best_lag"": -2, ""vision_confidence"": ""high""}",a multiple choice question,,False,,,,,,False,
742,"volatility analysis, deductive reasoning",similarity,True,C,A,False,False,True,InWild,baseline,,statistical,similarity,B,high,True,,,line_plot,[],mcq,,,,,"{""branch"": ""similarity"", ""best_lag"": -20, ""vision_confidence"": ""high""}",a multiple choice question,,False,,,,,,False,
746,seasonality analysis,similarity,True,C,C,True,False,True,InWild,baseline,,statistical,similarity,B,high,True,,,spectrogram,[],mcq,,,,,"{""branch"": ""similarity"", ""best_lag"": 0, ""vision_confidence"": ""high""}",a multiple choice question,,False,,,,,,False,
750,analogical reasoning,similarity,True,B,B,True,False,True,InWild,baseline,,shape,similarity,B,high,True,,,line_plot,[],mcq,,,,,"{""branch"": ""similarity"", ""best_lag"": -1, ""vision_confidence"": ""high""}",a binary question,,False,,,,,,False,
743,"seasonality analysis, causal reasoning",causality,True,D,D,True,False,True,InWild,baseline,,lag_direction,causality,D,high,True,,,spectrogram,"[""granger_not_significant""]",mcq,,,,,"{""branch"": ""causality"", ""direction"": ""none"", ""best_lag"": -2, ""best_corr"": 0.741748, ""pval_12"": 1.0, ""pval_21"": 1.0, ""vision_confidence"": ""high""}",a multiple choice question,,False,,,,,,False,
755,"noise analysis, causal reasoning",similarity,True,B,A,False,False,True,InWild,baseline,,shape,similarity,A,high,True,,,line_plot,[],mcq,,,,,"{""branch"": ""similarity"", ""best_lag"": 7, ""vision_confidence"": ""high""}",a binary question,,False,,,,,,False,
751,basic analysis,similarity,True,C,B,False,False,True,InWild,baseline,,statistical,similarity,B,high,True,,,line_plot,[],mcq,,,,,"{""branch"": ""similarity"", ""best_lag"": -1, ""vision_confidence"": ""high""}",a multiple choice question,,False,,,,,,False,
741,"basic analysis, inductive reasoning",anomaly,True,A,B,False,False,True,InWild,baseline,,point_anomaly,anomaly,B,high,True,,,spectrogram,[],mcq,,,,,"{""branch"": ""anomaly"", ""vision_confidence"": ""high""}",a binary question,,False,,,,,,False,
752,"volatility analysis, deductive reasoning",similarity,True,B,B,True,False,True,InWild,baseline,,statistical,similarity,B,high,True,,,line_plot,[],mcq,,,,,"{""branch"": ""similarity"", ""best_lag"": 0, ""vision_confidence"": ""high""}",a binary question,,False,,,,,,False,
747,volatility analysis,noise,True,B,B,True,False,True,InWild,baseline,,variance_level,noise,B,high,True,,,spectrogram,"[""arch_effects""]",mcq,,,,,"{""branch"": ""noise"", ""is_stationary"": true, ""is_white_noise"": false, ""adf_pval"": 0.016909, ""kpss_pval"": 0.1, ""vision_confidence"": ""high""}",a binary question,,False,,,,,,False,
749,basic analysis,noise,True,B,A,False,False,True,InWild,baseline,,ar_ma_process,noise,A,high,True,,,spectrogram,"[""adf_kpss_disagree"", ""arch_effects""]",mcq,,,,,"{""branch"": ""noise"", ""is_stationary"": false, ""is_white_noise"": false, ""adf_pval"": 0.253644, ""kpss_pval"": 0.088416, ""vision_confidence"": ""high""}",a binary question,,False,,,,,,False,
756,basic analysis,periodicity,True,B,B,True,False,True,InWild,baseline,,period_value,periodicity,B,high,True,,,spectrogram,"[""fft_unreliable""]",mcq,,,,,"{""branch"": ""periodicity"", ""dominant_period_fft"": 672.0, ""period_reconciled"": 672.0, ""seasonal_strength"": 0.315871, ""vision_confidence"": ""high""}",a binary question,,False,,,,,,False,
754,trend analysis,trend,True,B,B,True,False,True,InWild,baseline,,direction,trend,B,high,True,,,line_plot,"[""low_r2""]",mcq,,,,,"{""branch"": ""trend"", ""direction"": ""decreasing"", ""slope"": -0.021451, ""r2"": 0.007562, ""vision_confidence"": ""high""}",a multiple choice question,,False,,,,,,False,
753,volatility analysis,similarity,True,B,B,True,False,True,InWild,baseline,,statistical,similarity,B,high,True,,,line_plot,[],mcq,,,,,"{""branch"": ""similarity"", ""best_lag"": 0, ""vision_confidence"": ""high""}",a binary question,,False,,,,,,False,
748,"volatility analysis, inductive reasoning",similarity,True,C,A,False,False,True,InWild,baseline,,statistical,similarity,A,high,True,,,line_plot,[],mcq,,,,,"{""branch"": ""similarity"", ""best_lag"": -16, ""vision_confidence"": ""high""}",a multiple choice question,,False,,,,,,False,
757,trend analysis,similarity,True,B,B,True,False,True,InWild,baseline,,statistical,similarity,B,high,True,,,line_plot,[],mcq,,,,,"{""branch"": ""similarity"", ""best_lag"": 2, ""vision_confidence"": ""high""}",a binary question,,False,,,,,,False,
759,"trend analysis, counterfactual reasoning",anomaly,True,A,A,True,False,False,InWild,baseline,,point_anomaly,anomaly,,,False,,,,[],mcq,,,,,"{""branch"": ""anomaly""}",a multiple choice question,,False,,,,,,False,
745,volatility analysis,similarity,True,B,A,False,False,True,InWild,baseline,,statistical,similarity,B,high,True,,,spectrogram,"[""high_volatility""]",mcq,,,,,"{""branch"": ""similarity"", ""best_lag"": 20, ""vision_confidence"": ""high""}",a binary question,,False,,,,,,False,
766,"trend analysis, inductive reasoning",similarity,True,A,C,False,False,False,InWild,baseline,,statistical,similarity,,,False,,,,[],mcq,,,,,"{""branch"": ""similarity"", ""best_lag"": 20}",a multiple choice question,,False,,,,,,False,
758,seasonality analysis,similarity,True,D,D,True,False,True,InWild,baseline,,statistical,similarity,A,high,True,,,line_plot,[],mcq,,,,,"{""branch"": ""similarity"", ""best_lag"": -20, ""vision_confidence"": ""high""}",a multiple choice question,,False,,,,,,False,
760,trend analysis,similarity,True,A,B,False,False,True,InWild,baseline,,statistical,similarity,B,high,True,,,line_plot,[],mcq,,,,,"{""branch"": ""similarity"", ""best_lag"": 18, ""vision_confidence"": ""high""}",a binary question,,False,,,,,,False,
761,basic analysis,similarity,True,A,A,True,False,True,InWild,baseline,,statistical,similarity,A,high,True,,,line_plot,[],mcq,,,,,"{""branch"": ""similarity"", ""best_lag"": 6, ""vision_confidence"": ""high""}",a binary question,,False,,,,,,False,
773,"volatility analysis, analogical reasoning",similarity,True,A,A,True,False,True,InWild,baseline,,statistical,similarity,B,high,True,,,spectrogram,[],mcq,,,,,"{""branch"": ""similarity"", ""best_lag"": 3, ""vision_confidence"": ""high""}",a binary question,,False,,,,,,False,
765,seasonality analysis,similarity,True,B,B,True,False,True,InWild,baseline,,statistical,similarity,B,high,True,,,spectrogram,[],mcq,,,,,"{""branch"": ""similarity"", ""best_lag"": 0, ""vision_confidence"": ""high""}",a binary question,,False,,,,,,False,
767,causal reasoning,similarity,True,B,A,False,False,True,InWild,baseline,,statistical,similarity,A,high,True,,,line_plot,[],mcq,,,,,"{""branch"": ""similarity"", ""best_lag"": -15, ""vision_confidence"": ""high""}",a binary question,,False,,,,,,False,
769,basic analysis,similarity,True,A,B,False,False,True,InWild,baseline,,statistical,similarity,B,high,True,,,line_plot,[],mcq,,,,,"{""branch"": ""similarity"", ""best_lag"": 1, ""vision_confidence"": ""high""}",a binary question,,False,,,,,,False,
771,seasonality analysis,similarity,True,B,B,True,False,True,InWild,baseline,,shape,similarity,B,high,True,,,line_plot,[],mcq,,,,,"{""branch"": ""similarity"", ""best_lag"": 0, ""vision_confidence"": ""high""}",a multiple choice question,,False,,,,,,False,
770,"volatility analysis, causal reasoning",similarity,True,D,D,True,False,True,InWild,baseline,,statistical,similarity,D,high,True,,,line_plot,[],mcq,,,,,"{""branch"": ""similarity"", ""best_lag"": 20, ""vision_confidence"": ""high""}",a multiple choice question,,False,,,,,,False,
772,"trend analysis, analogical reasoning",similarity,True,D,B,False,False,True,InWild,baseline,,statistical,similarity,B,high,True,,,line_plot,[],mcq,,,,,"{""branch"": ""similarity"", ""best_lag"": 0, ""vision_confidence"": ""high""}",a multiple choice question,,False,,,,,,False,
778,basic analysis,similarity,True,A,B,False,False,True,InWild,baseline,,statistical,similarity,B,high,True,,,line_plot,[],mcq,,,,,"{""branch"": ""similarity"", ""best_lag"": -10, ""vision_confidence"": ""high""}",a binary question,,False,,,,,,False,
775,noise analysis,noise,True,C,D,False,False,True,InWild,baseline,,variance_level,noise,D,high,True,,,spectrogram,"[""arch_effects""]",mcq,,,,,"{""branch"": ""noise"", ""is_stationary"": true, ""is_white_noise"": false, ""adf_pval"": 0.010703, ""kpss_pval"": 0.1, ""vision_confidence"": ""high""}",a multiple choice question,,False,,,,,,False,
774,"basic analysis, deductive reasoning",similarity,True,B,D,False,False,True,InWild,baseline,,statistical,similarity,D,high,True,,,line_plot,[],mcq,,,,,"{""branch"": ""similarity"", ""best_lag"": 12, ""vision_confidence"": ""high""}",a multiple choice question,,False,,,,,,False,
763,deductive reasoning,similarity,True,B,B,True,False,True,InWild,baseline,,statistical,similarity,B,high,True,,,line_plot,[],mcq,,,,,"{""branch"": ""similarity"", ""best_lag"": 0, ""vision_confidence"": ""high""}",a binary question,,False,,,,,,False,
777,"volatility analysis, inductive reasoning",similarity,True,B,B,True,False,True,InWild,baseline,,statistical,similarity,B,high,True,,,line_plot,[],mcq,,,,,"{""branch"": ""similarity"", ""best_lag"": 13, ""vision_confidence"": ""high""}",a multiple choice question,,False,,,,,,False,
776,inductive reasoning,similarity,True,D,D,True,False,True,InWild,baseline,,statistical,similarity,D,high,True,,,line_plot,[],mcq,,,,,"{""branch"": ""similarity"", ""best_lag"": 20, ""vision_confidence"": ""high""}",a multiple choice question,,False,,,,,,False,
768,"noise analysis, inductive reasoning",noise,True,A,B,False,False,True,InWild,baseline,,variance_level,noise,B,high,True,,,spectrogram,"[""arch_effects""]",mcq,,,,,"{""branch"": ""noise"", ""is_stationary"": true, ""is_white_noise"": false, ""adf_pval"": 0.005498, ""kpss_pval"": 0.1, ""vision_confidence"": ""high""}",a binary question,,False,,,,,,False,
779,volatility analysis,similarity,True,C,B,False,False,True,InWild,baseline,,statistical,similarity,B,high,True,,,spectrogram,[],mcq,,,,,"{""branch"": ""similarity"", ""best_lag"": 9, ""vision_confidence"": ""high""}",a multiple choice question,,False,,,,,,False,
764,causal reasoning,anomaly,True,A,B,False,False,True,InWild,baseline,,point_anomaly,anomaly,B,high,True,,,spectrogram,[],mcq,,,,,"{""branch"": ""anomaly"", ""vision_confidence"": ""high""}",a binary question,,False,,,,,,False,
781,seasonality analysis,similarity,True,C,D,False,False,True,InWild,baseline,,statistical,similarity,D,high,True,,,spectrogram,[],mcq,,,,,"{""branch"": ""similarity"", ""best_lag"": 9, ""vision_confidence"": ""high""}",a multiple choice question,,False,,,,,,False,
782,"basic analysis, counterfactual reasoning",similarity,True,A,B,False,False,True,InWild,baseline,,shape,similarity,B,high,True,,,line_plot,[],mcq,,,,,"{""branch"": ""similarity"", ""best_lag"": -3, ""vision_confidence"": ""high""}",a binary question,,False,,,,,,False,
783,trend analysis,similarity,True,B,B,True,False,True,InWild,baseline,,statistical,similarity,A,high,True,,,line_plot,[],mcq,,,,,"{""branch"": ""similarity"", ""best_lag"": -3, ""vision_confidence"": ""high""}",a binary question,,False,,,,,,False,
780,inductive reasoning,trend,True,B,A,False,False,True,InWild,baseline,,direction,trend,A,high,True,,,line_plot,"[""low_r2""]",mcq,,,,,"{""branch"": ""trend"", ""vision_confidence"": ""high""}",a binary question,,False,,,,,,False,
792,"volatility analysis, deductive reasoning",similarity,True,A,A,True,False,True,InWild,baseline,,statistical,similarity,A,high,True,,,line_plot,[],mcq,,,,,"{""branch"": ""similarity"", ""best_lag"": 2, ""vision_confidence"": ""high""}",a multiple choice question,,False,,,,,,False,
791,seasonality analysis,similarity,True,D,A,False,False,False,InWild,baseline,,statistical,similarity,,,False,,,,[],mcq,,,,,"{""branch"": ""similarity"", ""best_lag"": 1}",a multiple choice question,,False,,,,,,False,
790,volatility analysis,similarity,True,B,A,False,False,True,InWild,baseline,,statistical,similarity,A,high,True,,,line_plot,[],mcq,,,,,"{""branch"": ""similarity"", ""best_lag"": 2, ""vision_confidence"": ""high""}",a binary question,,False,,,,,,False,
793,analogical reasoning,similarity,True,A,B,False,False,True,InWild,baseline,,statistical,similarity,B,high,True,,,line_plot,[],mcq,,,,,"{""branch"": ""similarity"", ""best_lag"": 12, ""vision_confidence"": ""high""}",a binary question,,False,,,,,,False,
787,trend analysis,similarity,True,B,B,True,False,True,InWild,baseline,,statistical,similarity,B,high,True,,,line_plot,[],mcq,,,,,"{""branch"": ""similarity"", ""best_lag"": 0, ""vision_confidence"": ""high""}",a binary question,,False,,,,,,False,
795,volatility analysis,similarity,True,A,B,False,False,False,InWild,baseline,,statistical,similarity,,,False,,,,[],mcq,,,,,"{""branch"": ""similarity"", ""best_lag"": 20}",a binary question,,False,,,,,,False,
788,"volatility analysis, analogical reasoning",similarity,True,A,B,False,False,True,InWild,baseline,,statistical,similarity,D,high,True,,,line_plot,[],mcq,,,,,"{""branch"": ""similarity"", ""best_lag"": 0, ""vision_confidence"": ""high""}",a multiple choice question,,False,,,,,,False,
786,seasonality analysis,similarity,True,A,B,False,False,True,InWild,baseline,,statistical,similarity,B,high,True,,,line_plot,[],mcq,,,,,"{""branch"": ""similarity"", ""best_lag"": 20, ""vision_confidence"": ""high""}",a binary question,,False,,,,,,False,
802,"trend analysis, inductive reasoning",anomaly,True,A,B,False,False,False,InWild,baseline,,point_anomaly,anomaly,,,False,,,,[],mcq,,,,,"{""branch"": ""anomaly""}",a binary question,,False,,,,,,False,
789,"basic analysis, counterfactual reasoning",periodicity,True,B,B,True,False,True,InWild,baseline,,waveform_type,periodicity,B,high,True,,,line_plot,[],mcq,,,,,"{""branch"": ""periodicity"", ""dominant_period_fft"": 336.0, ""period_reconciled"": 336.0, ""seasonal_strength"": 0.842109, ""vision_confidence"": ""high""}",a binary question,,False,,,,,,False,
794,"volatility analysis, inductive reasoning",similarity,True,A,D,False,False,True,InWild,baseline,,statistical,similarity,A,high,True,,,line_plot,[],mcq,,,,,"{""branch"": ""similarity"", ""best_lag"": 19, ""vision_confidence"": ""high""}",a multiple choice question,,False,,,,,,False,
796,trend analysis,similarity,True,B,B,True,False,True,InWild,baseline,,statistical,similarity,A,high,True,,,line_plot,[],mcq,,,,,"{""branch"": ""similarity"", ""best_lag"": -19, ""vision_confidence"": ""high""}",a binary question,,False,,,,,,False,
785,noise analysis,noise,True,A,A,True,False,True,InWild,baseline,,variance_level,noise,A,high,True,,,spectrogram,"[""arch_effects""]",mcq,,,,,"{""branch"": ""noise"", ""is_stationary"": true, ""is_white_noise"": false, ""adf_pval"": 6.9e-05, ""kpss_pval"": 0.1, ""vision_confidence"": ""high""}",a binary question,,False,,,,,,False,
801,causal reasoning,causality,True,B,B,True,False,True,InWild,baseline,,lag_direction,causality,B,high,True,,,line_plot,"[""granger_not_significant"", ""weak_correlation""]",mcq,,,,,"{""branch"": ""causality"", ""direction"": ""none"", ""best_lag"": -58, ""best_corr"": 0.153049, ""pval_12"": 1.0, ""pval_21"": 1.0, ""vision_confidence"": ""high""}",a binary question,,False,,,,,,False,
799,"seasonality analysis, causal reasoning",causality,True,D,D,True,False,True,InWild,baseline,,lag_direction,causality,D,high,True,,,spectrogram,"[""granger_not_significant""]",mcq,,,,,"{""branch"": ""causality"", ""direction"": ""none"", ""best_lag"": 50, ""best_corr"": -0.255865, ""pval_12"": 1.0, ""pval_21"": 1.0, ""vision_confidence"": ""high""}",a multiple choice question,,False,,,,,,False,
798,volatility analysis,similarity,True,A,A,True,False,True,InWild,baseline,,statistical,similarity,B,high,True,,,line_plot,[],mcq,,,,,"{""branch"": ""similarity"", ""best_lag"": -18, ""vision_confidence"": ""high""}",a binary question,,False,,,,,,False,
797,basic analysis,similarity,True,D,A,False,False,True,InWild,baseline,,statistical,similarity,A,high,True,,,spectrogram,"[""high_volatility""]",mcq,,,,,"{""branch"": ""similarity"", ""best_lag"": 8, ""vision_confidence"": ""high""}",a multiple choice question,,False,,,,,,False,
800,analogical reasoning,similarity,True,A,B,False,False,True,InWild,baseline,,statistical,similarity,B,high,True,,,line_plot,[],mcq,,,,,"{""branch"": ""similarity"", ""best_lag"": -1, ""vision_confidence"": ""high""}",a binary question,,False,,,,,,False,
784,"trend analysis, inductive reasoning",trend,True,D,C,False,False,True,InWild,baseline,,direction,trend,C,high,True,,,line_plot,"[""low_r2""]",mcq,,,,,"{""branch"": ""trend"", ""vision_confidence"": ""high""}",a multiple choice question,,False,,,,,,False,
804,"noise analysis, deductive reasoning",noise,True,A,A,True,False,True,InWild,baseline,,white_noise,noise,A,high,True,,,spectrogram,"[""adf_kpss_disagree""]",mcq,,,,,"{""branch"": ""noise"", ""is_stationary"": false, ""is_white_noise"": false, ""adf_pval"": 4.2e-05, ""kpss_pval"": 0.01, ""vision_confidence"": ""high""}",a binary question,,False,,,,,,False,
803,noise analysis,noise,True,A,A,True,False,True,InWild,baseline,,variance_level,noise,A,high,True,,,spectrogram,"[""adf_kpss_disagree"", ""arch_effects""]",mcq,,,,,"{""branch"": ""noise"", ""is_stationary"": false, ""is_white_noise"": false, ""adf_pval"": 0.026376, ""kpss_pval"": 0.01, ""vision_confidence"": ""high""}",a binary question,,False,,,,,,False,
806,"seasonality analysis, causal reasoning",causality,True,B,C,False,False,True,InWild,baseline,,lag_direction,causality,C,high,True,,,spectrogram,"[""granger_not_significant""]",mcq,,,,,"{""branch"": ""causality"", ""direction"": ""none"", ""best_lag"": -23, ""best_corr"": -0.243997, ""pval_12"": 1.0, ""pval_21"": 1.0, ""vision_confidence"": ""high""}",a multiple choice question,,False,,,,,,False,
807,"basic analysis, causal reasoning",causality,True,D,B,False,False,True,InWild,baseline,,lag_direction,causality,B,high,True,,,spectrogram,"[""granger_not_significant""]",mcq,,,,,"{""branch"": ""causality"", ""direction"": ""none"", ""best_lag"": 0, ""best_corr"": -0.480747, ""pval_12"": 1.0, ""pval_21"": 1.0, ""vision_confidence"": ""high""}",a multiple choice question,,False,,,,,,False,
805,trend analysis,similarity,True,C,D,False,False,True,InWild,baseline,,statistical,similarity,D,high,True,,,spectrogram,[],mcq,,,,,"{""branch"": ""similarity"", ""best_lag"": -20, ""vision_confidence"": ""high""}",a multiple choice question,,False,,,,,,False,
810,"seasonality analysis, counterfactual reasoning",causality,True,A,A,True,False,True,InWild,baseline,,lag_direction,causality,A,medium,True,,,spectrogram,"[""granger_not_significant"", ""weak_correlation""]",mcq,,,,,"{""branch"": ""causality"", ""direction"": ""none"", ""best_lag"": 44, ""best_corr"": -0.166438, ""pval_12"": 1.0, ""pval_21"": 1.0, ""vision_confidence"": ""medium""}",a binary question,,False,,,,,,False,
808,seasonality analysis,similarity,True,A,B,False,False,True,InWild,baseline,,statistical,similarity,B,high,True,,,spectrogram,[],mcq,,,,,"{""branch"": ""similarity"", ""best_lag"": 0, ""vision_confidence"": ""high""}",a binary question,,False,,,,,,False,
809,"trend analysis, causal reasoning",anomaly,True,A,C,False,False,True,InWild,baseline,,point_anomaly,anomaly,C,high,True,,,spectrogram,[],mcq,,,,,"{""branch"": ""anomaly"", ""vision_confidence"": ""high""}",a multiple choice question,,False,,,,,,False,
823,"basic analysis, deductive reasoning",similarity,True,B,A,False,False,False,InWild,baseline,,statistical,similarity,,,False,,,,[],mcq,,,,,"{""branch"": ""similarity"", ""best_lag"": 20}",a binary question,,False,,,,,,False,
818,"seasonality analysis, inductive reasoning",periodicity,True,C,C,True,False,True,InWild,baseline,,waveform_type,periodicity,C,high,True,,,line_plot,"[""fft_unreliable""]",mcq,,,,,"{""branch"": ""periodicity"", ""vision_confidence"": ""high""}",a multiple choice question,,False,,,,,,False,
819,seasonality analysis,similarity,True,C,B,False,False,True,InWild,baseline,,statistical,similarity,B,high,True,,,spectrogram,[],mcq,,,,,"{""branch"": ""similarity"", ""best_lag"": 0, ""vision_confidence"": ""high""}",a multiple choice question,,False,,,,,,False,
817,"seasonality analysis, analogical reasoning",similarity,True,A,A,True,False,True,InWild,baseline,,shape,similarity,A,high,True,,,spectrogram,[],mcq,,,,,"{""branch"": ""similarity"", ""best_lag"": 0, ""vision_confidence"": ""high""}",a multiple choice question,,False,,,,,,False,
814,"basic analysis, analogical reasoning",similarity,True,D,D,True,False,True,InWild,baseline,,shape,similarity,D,high,True,,,line_plot,[],mcq,,,,,"{""branch"": ""similarity"", ""best_lag"": 20, ""vision_confidence"": ""high""}",a multiple choice question,,False,,,,,,False,
813,basic analysis,similarity,True,B,B,True,False,True,InWild,baseline,,statistical,similarity,B,high,True,,,line_plot,[],mcq,,,,,"{""branch"": ""similarity"", ""best_lag"": 0, ""vision_confidence"": ""high""}",a multiple choice question,,False,,,,,,False,
822,basic analysis,similarity,True,B,C,False,False,True,InWild,baseline,,shape,similarity,C,high,True,,,line_plot,[],mcq,,,,,"{""branch"": ""similarity"", ""best_lag"": 20, ""vision_confidence"": ""high""}",a multiple choice question,,False,,,,,,False,
820,analogical reasoning,similarity,True,D,B,False,False,True,InWild,baseline,,shape,similarity,B,high,True,,,line_plot,[],mcq,,,,,"{""branch"": ""similarity"", ""best_lag"": 1, ""vision_confidence"": ""high""}",a multiple choice question,,False,,,,,,False,
825,"trend analysis, analogical reasoning",similarity,True,B,A,False,False,True,InWild,baseline,,statistical,similarity,A,high,True,,,line_plot,[],mcq,,,,,"{""branch"": ""similarity"", ""best_lag"": 0, ""vision_confidence"": ""high""}",a binary question,,False,,,,,,False,
812,"basic analysis, deductive reasoning",similarity,True,D,B,False,False,True,InWild,baseline,,statistical,similarity,B,high,True,,,line_plot,[],mcq,,,,,"{""branch"": ""similarity"", ""best_lag"": 18, ""vision_confidence"": ""high""}",a multiple choice question,,False,,,,,,False,
821,seasonality analysis,similarity,True,B,A,False,False,True,InWild,baseline,,statistical,similarity,A,high,True,,,spectrogram,[],mcq,,,,,"{""branch"": ""similarity"", ""best_lag"": 1, ""vision_confidence"": ""high""}",a binary question,,False,,,,,,False,
816,noise analysis,noise,True,A,A,True,False,True,InWild,baseline,,variance_level,noise,A,high,True,,,spectrogram,"[""arch_effects""]",mcq,,,,,"{""branch"": ""noise"", ""is_stationary"": true, ""is_white_noise"": false, ""adf_pval"": 3e-06, ""kpss_pval"": 0.1, ""vision_confidence"": ""high""}",a binary question,,False,,,,,,False,
811,noise analysis,noise,True,C,D,False,False,True,InWild,baseline,,variance_level,noise,D,high,True,,,spectrogram,"[""arch_effects""]",mcq,,,,,"{""branch"": ""noise"", ""is_stationary"": true, ""is_white_noise"": false, ""adf_pval"": 4.3e-05, ""kpss_pval"": 0.1, ""vision_confidence"": ""high""}",a multiple choice question,,False,,,,,,False,
815,"seasonality analysis, counterfactual reasoning",trend,True,B,A,False,False,True,InWild,baseline,,direction,trend,A,high,True,,,spectrogram,"[""low_r2""]",mcq,,,,,"{""branch"": ""trend"", ""vision_confidence"": ""high""}",a binary question,,False,,,,,,False,
824,noise analysis,noise,True,B,A,False,False,True,InWild,baseline,,variance_level,noise,A,high,True,,,spectrogram,"[""arch_effects""]",mcq,,,,,"{""branch"": ""noise"", ""is_stationary"": false, ""is_white_noise"": false, ""adf_pval"": 0.367515, ""kpss_pval"": 0.027038, ""vision_confidence"": ""high""}",a multiple choice question,,False,,,,,,False,
834,"seasonality analysis, inductive reasoning",similarity,True,A,,False,False,False,InWild,baseline,,shape,similarity,,,,,,,[],numerical,,,no_quantity_match,,"{""branch"": ""similarity"", ""best_lag"": -13}",a binary question,,False,,,,,,False,
826,"noise analysis, analogical reasoning",similarity,True,A,B,False,False,True,InWild,baseline,,statistical,similarity,B,high,True,,,line_plot,[],mcq,,,,,"{""branch"": ""similarity"", ""best_lag"": 5, ""vision_confidence"": ""high""}",a binary question,,False,,,,,,False,
827,noise analysis,noise,True,B,A,False,False,True,InWild,baseline,,variance_level,noise,A,high,True,,,spectrogram,"[""arch_effects""]",mcq,,,,,"{""branch"": ""noise"", ""is_stationary"": true, ""is_white_noise"": false, ""adf_pval"": 0.0, ""kpss_pval"": 0.1, ""vision_confidence"": ""high""}",a binary question,,False,,,,,,False,
831,"seasonality analysis, deductive reasoning",similarity,True,B,B,True,False,True,InWild,baseline,,shape,similarity,B,high,True,,,line_plot,[],mcq,,,,,"{""branch"": ""similarity"", ""best_lag"": 4, ""vision_confidence"": ""high""}",a binary question,,False,,,,,,False,
830,seasonality analysis,similarity,True,B,B,True,False,True,InWild,baseline,,statistical,similarity,B,high,True,,,spectrogram,[],mcq,,,,,"{""branch"": ""similarity"", ""best_lag"": 4, ""vision_confidence"": ""high""}",a binary question,,False,,,,,,False,
836,noise analysis,similarity,True,A,A,True,False,True,InWild,baseline,,statistical,similarity,A,high,True,,,line_plot,[],mcq,,,,,"{""branch"": ""similarity"", ""best_lag"": -13, ""vision_confidence"": ""high""}",a binary question,,False,,,,,,False,
837,volatility analysis,similarity,True,B,B,True,False,True,InWild,baseline,,statistical,similarity,B,high,True,,,spectrogram,[],mcq,,,,,"{""branch"": ""similarity"", ""best_lag"": -1, ""vision_confidence"": ""high""}",a multiple choice question,,False,,,,,,False,
828,"seasonality analysis, counterfactual reasoning",periodicity,True,B,B,True,False,True,InWild,baseline,,period_value,periodicity,B,high,True,,,spectrogram,[],mcq,,,,,"{""branch"": ""periodicity"", ""dominant_period_fft"": 224.0, ""period_reconciled"": 224.0, ""seasonal_strength"": 0.421065, ""vision_confidence"": ""high""}",a multiple choice question,,False,,,,,,False,
829,noise analysis,noise,True,B,B,True,False,True,InWild,baseline,,variance_level,noise,B,high,True,,,spectrogram,"[""adf_kpss_disagree"", ""arch_effects""]",mcq,,,,,"{""branch"": ""noise"", ""is_stationary"": false, ""is_white_noise"": false, ""adf_pval"": 2.6e-05, ""kpss_pval"": 0.022012, ""vision_confidence"": ""high""}",a binary question,,False,,,,,,False,
838,"noise analysis, causal reasoning",similarity,True,A,A,True,False,True,InWild,baseline,,statistical,similarity,A,high,True,,,line_plot,[],mcq,,,,,"{""branch"": ""similarity"", ""best_lag"": 20, ""vision_confidence"": ""high""}",a binary question,,False,,,,,,False,
833,trend analysis,similarity,True,A,A,True,False,True,InWild,baseline,,statistical,similarity,A,high,True,,,line_plot,[],mcq,,,,,"{""branch"": ""similarity"", ""best_lag"": -1, ""vision_confidence"": ""high""}",a binary question,,False,,,,,,False,
840,basic analysis,similarity,True,A,A,True,False,True,InWild,baseline,,statistical,similarity,B,high,True,,,line_plot,[],mcq,,,,,"{""branch"": ""similarity"", ""best_lag"": 20, ""vision_confidence"": ""high""}",a binary question,,False,,,,,,False,
832,trend analysis,similarity,True,A,A,True,False,True,InWild,baseline,,statistical,similarity,A,high,True,,,line_plot,[],mcq,,,,,"{""branch"": ""similarity"", ""best_lag"": 0, ""vision_confidence"": ""high""}",a multiple choice question,,False,,,,,,False,
839,"basic analysis, causal reasoning",causality,True,B,B,True,False,True,InWild,baseline,,lag_direction,causality,B,high,True,,,spectrogram,"[""granger_not_significant"", ""weak_correlation""]",mcq,,,,,"{""branch"": ""causality"", ""direction"": ""none"", ""best_lag"": -57, ""best_corr"": 0.180205, ""pval_12"": 1.0, ""pval_21"": 1.0, ""vision_confidence"": ""high""}",a multiple choice question,,False,,,,,,False,
835,analogical reasoning,similarity,True,B,B,True,False,True,InWild,baseline,,shape,similarity,B,medium,True,,,spectrogram,[],mcq,,,,,"{""branch"": ""similarity"", ""best_lag"": -13, ""vision_confidence"": ""medium""}",a binary question,,False,,,,,,False,
841,"trend analysis, causal reasoning",causality,True,C,C,True,False,True,InWild,baseline,,lag_direction,causality,C,high,True,,,line_plot,"[""granger_not_significant"", ""weak_correlation""]",mcq,,,,,"{""branch"": ""causality"", ""direction"": ""none"", ""best_lag"": 0, ""best_corr"": 0.101572, ""pval_12"": 1.0, ""pval_21"": 1.0, ""vision_confidence"": ""high""}",a multiple choice question,,False,,,,,,False,
843,"noise analysis, deductive reasoning",noise,True,C,A,False,False,True,InWild,baseline,,variance_level,noise,A,high,True,,,spectrogram,"[""arch_effects""]",mcq,,,,,"{""branch"": ""noise"", ""is_stationary"": true, ""is_white_noise"": false, ""adf_pval"": 0.0, ""kpss_pval"": 0.079342, ""vision_confidence"": ""high""}",a multiple choice question,,False,,,,,,False,
842,noise analysis,noise,True,B,B,True,False,True,InWild,baseline,,variance_level,noise,B,high,True,,,spectrogram,"[""arch_effects""]",mcq,,,,,"{""branch"": ""noise"", ""is_stationary"": false, ""is_white_noise"": false, ""adf_pval"": 0.538446, ""kpss_pval"": 0.01, ""vision_confidence"": ""high""}",a binary question,,False,,,,,,False,
844,counterfactual reasoning,anomaly,True,A,C,False,False,True,InWild,baseline,,point_anomaly,anomaly,C,high,True,,,spectrogram,[],mcq,,,,,"{""branch"": ""anomaly"", ""vision_confidence"": ""high""}",a multiple choice question,,False,,,,,,False,
845,noise analysis,noise,True,B,B,True,False,True,InWild,baseline,,variance_level,noise,B,high,True,,,spectrogram,"[""arch_effects""]",mcq,,,,,"{""branch"": ""noise"", ""is_stationary"": true, ""is_white_noise"": false, ""adf_pval"": 0.000515, ""kpss_pval"": 0.1, ""vision_confidence"": ""high""}",a binary question,,False,,,,,,False,
762,"trend analysis, causal reasoning",trend,True,A,A,True,False,True,InWild,baseline,,change_point,trend,A,high,True,,,line_plot,"[""low_r2""]",mcq,,,,,"{""branch"": ""trend"", ""vision_confidence"": ""high""}",a binary question,,False,,,,,,False,
846,"basic analysis, counterfactual reasoning",noise,True,C,B,False,False,True,InWild,baseline,,stationarity,noise,B,medium,True,,,spectrogram,"[""arch_effects""]",mcq,,,,,"{""branch"": ""noise"", ""is_stationary"": true, ""is_white_noise"": false, ""adf_pval"": 0.000515, ""kpss_pval"": 0.1, ""vision_confidence"": ""medium""}",a multiple choice question,,False,,,,,,False,
856,inductive reasoning,similarity_multi,False,B,B,True,False,False,InWild,baseline,,,,,,,,,,[],mcq,,,,,{},a binary question,,,,,,,,,
857,"basic analysis, deductive reasoning",similarity_multi,False,C,D,False,False,False,InWild,baseline,,,,,,,,,,[],mcq,,,,,{},a multiple choice question,,,,,,,,,
858,counterfactual reasoning,similarity_multi,False,D,C,False,False,False,InWild,baseline,,,,,,,,,,[],mcq,,,,,{},a multiple choice question,,,,,,,,,
860,"volatility analysis, analogical reasoning",similarity_multi,False,A,B,False,False,False,InWild,baseline,,,,,,,,,,[],mcq,,,,,{},a binary question,,,,,,,,,
861,inductive reasoning,similarity_multi,False,C,A,False,False,False,InWild,baseline,,,,,,,,,,[],mcq,,,,,{},a multiple choice question,,,,,,,,,
864,analogical reasoning,similarity_multi,False,C,A,False,False,False,InWild,baseline,,,,,,,,,,[],mcq,,,,,{},a multiple choice question,,,,,,,,,
866,inductive reasoning,similarity_multi,False,B,C,False,False,False,InWild,baseline,,,,,,,,,,[],mcq,,,,,{},a multiple choice question,,,,,,,,,
863,"basic analysis, analogical reasoning",similarity_multi,False,A,B,False,False,False,InWild,baseline,,,,,,,,,,[],mcq,,,,,{},a binary question,,,,,,,,,
848,basic analysis,similarity,True,A,A,True,False,False,InWild,baseline,,statistical,similarity,,,False,,,,[],mcq,,,,,"{""branch"": ""similarity"", ""best_lag"": 19}",a binary question,,False,,,,,,False,
862,"volatility analysis, deductive reasoning",similarity_multi,False,A,B,False,False,False,InWild,baseline,,,,,,,,,,[],mcq,,,,,{},a binary question,,,,,,,,,
849,volatility analysis,similarity,True,A,A,True,False,True,InWild,baseline,,statistical,similarity,A,high,True,,,line_plot,[],mcq,,,,,"{""branch"": ""similarity"", ""best_lag"": 18, ""vision_confidence"": ""high""}",a binary question,,False,,,,,,False,
867,"basic analysis, causal reasoning",similarity_multi,False,B,D,False,False,False,InWild,baseline,,,,,,,,,,[],mcq,,,,,{},a multiple choice question,,,,,,,,,
872,"basic analysis, counterfactual reasoning",similarity_multi,False,B,B,True,False,False,InWild,baseline,,,,,,,,,,[],mcq,,,,,{},a binary question,,,,,,,,,
869,inductive reasoning,similarity_multi,False,B,C,False,False,False,InWild,baseline,,,,,,,,,,[],mcq,,,,,{},a multiple choice question,,,,,,,,,
868,causal reasoning,similarity_multi,False,A,B,False,False,False,InWild,baseline,,,,,,,,,,[],mcq,,,,,{},a multiple choice question,,,,,,,,,
873,inductive reasoning,similarity_multi,False,D,D,True,False,False,InWild,baseline,,,,,,,,,,[],mcq,,,,,{},a multiple choice question,,,,,,,,,
870,"trend analysis, causal reasoning",similarity_multi,False,A,B,False,False,False,InWild,baseline,,,,,,,,,,[],mcq,,,,,{},a binary question,,,,,,,,,
874,basic analysis,similarity_multi,False,A,B,False,False,False,InWild,baseline,,,,,,,,,,[],mcq,,,,,{},a binary question,,,,,,,,,
871,basic analysis,similarity_multi,False,A,B,False,False,False,InWild,baseline,,,,,,,,,,[],mcq,,,,,{},a binary question,,,,,,,,,
850,"basic analysis, causal reasoning",similarity,True,D,D,True,False,True,InWild,baseline,,statistical,similarity,D,high,True,,,line_plot,[],mcq,,,,,"{""branch"": ""similarity"", ""best_lag"": 1, ""vision_confidence"": ""high""}",a multiple choice question,,False,,,,,,False,
851,seasonality analysis,similarity,True,B,D,False,False,True,InWild,baseline,,statistical,similarity,D,medium,True,,,spectrogram,[],mcq,,,,,"{""branch"": ""similarity"", ""best_lag"": 1, ""vision_confidence"": ""medium""}",a multiple choice question,,False,,,,,,False,
865,deductive reasoning,similarity_multi,False,D,D,True,False,False,InWild,baseline,,,,,,,,,,[],mcq,,,,,{},a multiple choice question,,,,,,,,,
859,"trend analysis, analogical reasoning",similarity_multi,False,D,A,False,False,False,InWild,baseline,,,,,,,,,,[],mcq,,,,,{},a multiple choice question,,,,,,,,,
847,trend analysis,similarity,True,B,D,False,False,True,InWild,baseline,,statistical,similarity,D,high,True,,,spectrogram,[],mcq,,,,,"{""branch"": ""similarity"", ""best_lag"": 0, ""vision_confidence"": ""high""}",a multiple choice question,,False,,,,,,False,
875,"basic analysis, counterfactual reasoning",similarity_multi,False,B,B,True,False,False,InWild,baseline,,,,,,,,,,[],mcq,,,,,{},a binary question,,,,,,,,,
878,volatility analysis,similarity_multi,False,A,B,False,False,False,InWild,baseline,,,,,,,,,,[],mcq,,,,,{},a binary question,,,,,,,,,
881,"basic analysis, inductive reasoning",similarity_multi,False,A,B,False,False,False,InWild,baseline,,,,,,,,,,[],mcq,,,,,{},a multiple choice question,,,,,,,,,
879,"noise analysis, deductive reasoning",similarity_multi,False,A,B,False,False,False,InWild,baseline,,,,,,,,,,[],mcq,,,,,{},a binary question,,,,,,,,,
885,"seasonality analysis, inductive reasoning",similarity_multi,False,A,B,False,False,False,InWild,baseline,,,,,,,,,,[],mcq,,,,,{},a binary question,,,,,,,,,
880,basic analysis,similarity_multi,False,A,B,False,False,False,InWild,baseline,,,,,,,,,,[],mcq,,,,,{},a binary question,,,,,,,,,
854,noise analysis,similarity,True,C,D,False,False,True,InWild,baseline,,statistical,similarity,D,high,True,,,line_plot,[],mcq,,,,,"{""branch"": ""similarity"", ""best_lag"": 17, ""vision_confidence"": ""high""}",a multiple choice question,,False,,,,,,False,
888,"seasonality analysis, deductive reasoning",similarity_multi,False,A,B,False,False,False,InWild,baseline,,,,,,,,,,[],mcq,,,,,{},a binary question,,,,,,,,,
855,"basic analysis, inductive reasoning",similarity,True,A,A,True,False,True,InWild,baseline,,statistical,similarity,A,high,True,,,line_plot,[],mcq,,,,,"{""branch"": ""similarity"", ""best_lag"": 17, ""vision_confidence"": ""high""}",a multiple choice question,,False,,,,,,False,
883,"noise analysis, inductive reasoning",similarity_multi,False,C,,False,False,False,InWild,baseline,,,,,,,,,,[],mcq,,,,,{},a multiple choice question,,,,,,,,,
853,volatility analysis,similarity,True,D,D,True,False,True,InWild,baseline,,statistical,similarity,C,high,True,,,line_plot,[],mcq,,,,,"{""branch"": ""similarity"", ""best_lag"": 17, ""vision_confidence"": ""high""}",a multiple choice question,,False,,,,,,False,
884,"trend analysis, counterfactual reasoning",similarity_multi,False,B,A,False,False,False,InWild,baseline,,,,,,,,,,[],mcq,,,,,{},a multiple choice question,,,,,,,,,
886,"noise analysis, inductive reasoning",similarity_multi,False,A,D,False,False,False,InWild,baseline,,,,,,,,,,[],mcq,,,,,{},a multiple choice question,,,,,,,,,
887,"volatility analysis, analogical reasoning",similarity_multi,False,A,B,False,False,False,InWild,baseline,,,,,,,,,,[],mcq,,,,,{},a binary question,,,,,,,,,
852,"seasonality analysis, causal reasoning",similarity,True,D,D,True,False,True,InWild,baseline,,statistical,similarity,D,high,True,,,line_plot,[],mcq,,,,,"{""branch"": ""similarity"", ""best_lag"": 17, ""vision_confidence"": ""high""}",a multiple choice question,,False,,,,,,False,
892,volatility analysis,similarity_multi,False,B,B,True,False,False,InWild,baseline,,,,,,,,,,[],mcq,,,,,{},a binary question,,,,,,,,,
891,analogical reasoning,similarity_multi,False,A,B,False,False,False,InWild,baseline,,,,,,,,,,[],mcq,,,,,{},a binary question,,,,,,,,,
900,"trend analysis, analogical reasoning",similarity_multi,False,A,B,False,False,False,InWild,baseline,,,,,,,,,,[],mcq,,,,,{},a binary question,,,,,,,,,
898,causal reasoning,similarity_multi,False,D,C,False,False,False,InWild,baseline,,,,,,,,,,[],mcq,,,,,{},a multiple choice question,,,,,,,,,
897,volatility analysis,similarity_multi,False,C,I,False,False,False,InWild,baseline,,,,,,,,,,[],mcq,,,,,{},a multiple choice question,,,,,,,,,
890,"trend analysis, inductive reasoning",similarity_multi,False,D,A,False,False,False,InWild,baseline,,,,,,,,,,[],mcq,,,,,{},a multiple choice question,,,,,,,,,
903,causal reasoning,similarity_multi,False,B,A,False,False,False,InWild,baseline,,,,,,,,,,[],mcq,,,,,{},a binary question,,,,,,,,,
902,"basic analysis, deductive reasoning",similarity_multi,False,B,D,False,False,False,InWild,baseline,,,,,,,,,,[],mcq,,,,,{},a multiple choice question,,,,,,,,,
895,inductive reasoning,similarity_multi,False,A,D,False,False,False,InWild,baseline,,,,,,,,,,[],mcq,,,,,{},a multiple choice question,,,,,,,,,
905,"trend analysis, counterfactual reasoning",similarity_multi,False,C,D,False,False,False,InWild,baseline,,,,,,,,,,[],mcq,,,,,{},a multiple choice question,,,,,,,,,
906,trend analysis,similarity_multi,False,B,B,True,False,False,InWild,baseline,,,,,,,,,,[],mcq,,,,,{},a binary question,,,,,,,,,
901,"volatility analysis, deductive reasoning",similarity_multi,False,D,D,True,False,False,InWild,baseline,,,,,,,,,,[],mcq,,,,,{},a multiple choice question,,,,,,,,,
907,"volatility analysis, causal reasoning",similarity_multi,False,D,D,True,False,False,InWild,baseline,,,,,,,,,,[],mcq,,,,,{},a multiple choice question,,,,,,,,,
908,"trend analysis, counterfactual reasoning",similarity_multi,False,A,A,True,False,False,InWild,baseline,,,,,,,,,,[],mcq,,,,,{},a binary question,,,,,,,,,
876,"basic analysis, deductive reasoning",similarity_multi,False,A,B,False,False,False,InWild,baseline,,,,,,,,,,[],mcq,,,,,{},a binary question,,,,,,,,,
877,seasonality analysis,similarity_multi,False,B,B,True,False,False,InWild,baseline,,,,,,,,,,[],mcq,,,,,{},a binary question,,,,,,,,,
915,trend analysis,similarity_multi,False,B,A,False,False,False,InWild,baseline,,,,,,,,,,[],mcq,,,,,{},a binary question,,,,,,,,,
913,"seasonality analysis, inductive reasoning",similarity_multi,False,A,C,False,False,False,InWild,baseline,,,,,,,,,,[],mcq,,,,,{},a multiple choice question,,,,,,,,,
882,causal reasoning,similarity_multi,False,B,B,True,False,False,InWild,baseline,,,,,,,,,,[],mcq,,,,,{},a binary question,,,,,,,,,
918,trend analysis,similarity_multi,False,D,C,False,False,False,InWild,baseline,,,,,,,,,,[],mcq,,,,,{},a multiple choice question,,,,,,,,,
919,causal reasoning,similarity_multi,False,B,B,True,False,False,InWild,baseline,,,,,,,,,,[],mcq,,,,,{},a multiple choice question,,,,,,,,,
917,"trend analysis, inductive reasoning",similarity_multi,False,B,A,False,False,False,InWild,baseline,,,,,,,,,,[],mcq,,,,,{},a binary question,,,,,,,,,
893,seasonality analysis,similarity_multi,False,B,D,False,False,False,InWild,baseline,,,,,,,,,,[],mcq,,,,,{},a multiple choice question,,,,,,,,,
899,"volatility analysis, causal reasoning",similarity_multi,False,D,C,False,False,False,InWild,baseline,,,,,,,,,,[],mcq,,,,,{},a multiple choice question,,,,,,,,,
896,noise analysis,similarity_multi,False,A,B,False,False,False,InWild,baseline,,,,,,,,,,[],mcq,,,,,{},a binary question,,,,,,,,,
889,"trend analysis, inductive reasoning",similarity_multi,False,A,B,False,False,False,InWild,baseline,,,,,,,,,,[],mcq,,,,,{},a multiple choice question,,,,,,,,,
894,"noise analysis, causal reasoning",similarity_multi,False,B,B,True,False,False,InWild,baseline,,,,,,,,,,[],mcq,,,,,{},a multiple choice question,,,,,,,,,
904,causal reasoning,similarity_multi,False,B,B,True,False,False,InWild,baseline,,,,,,,,,,[],mcq,,,,,{},a binary question,,,,,,,,,
924,inductive reasoning,similarity_multi,False,B,A,False,False,False,InWild,baseline,,,,,,,,,,[],mcq,,,,,{},a multiple choice question,,,,,,,,,
927,seasonality analysis,similarity_multi,False,B,B,True,False,False,InWild,baseline,,,,,,,,,,[],mcq,,,,,{},a binary question,,,,,,,,,
926,inductive reasoning,similarity_multi,False,D,C,False,False,False,InWild,baseline,,,,,,,,,,[],mcq,,,,,{},a multiple choice question,,,,,,,,,
911,"volatility analysis, deductive reasoning",similarity_multi,False,A,B,False,False,False,InWild,baseline,,,,,,,,,,[],mcq,,,,,{},a binary question,,,,,,,,,
910,"trend analysis, deductive reasoning",similarity_multi,False,A,B,False,False,False,InWild,baseline,,,,,,,,,,[],mcq,,,,,{},a multiple choice question,,,,,,,,,
912,inductive reasoning,similarity_multi,False,C,B,False,False,False,InWild,baseline,,,,,,,,,,[],mcq,,,,,{},a multiple choice question,,,,,,,,,
928,"basic analysis, inductive reasoning",similarity_multi,False,A,D,False,False,False,InWild,baseline,,,,,,,,,,[],mcq,,,,,{},a multiple choice question,,,,,,,,,
929,"trend analysis, deductive reasoning",similarity_multi,False,A,A,True,False,False,InWild,baseline,,,,,,,,,,[],mcq,,,,,{},a multiple choice question,,,,,,,,,
909,"seasonality analysis, analogical reasoning",similarity_multi,False,B,B,True,False,False,InWild,baseline,,,,,,,,,,[],mcq,,,,,{},a binary question,,,,,,,,,
931,"basic analysis, inductive reasoning",similarity_multi,False,D,D,True,False,False,InWild,baseline,,,,,,,,,,[],mcq,,,,,{},a multiple choice question,,,,,,,,,
936,counterfactual reasoning,similarity_multi,False,A,A,True,False,False,InWild,baseline,,,,,,,,,,[],mcq,,,,,{},a binary question,,,,,,,,,
938,"seasonality analysis, causal reasoning",similarity_multi,False,D,C,False,False,False,InWild,baseline,,,,,,,,,,[],mcq,,,,,{},a multiple choice question,,,,,,,,,
934,seasonality analysis,similarity_multi,False,C,D,False,False,False,InWild,baseline,,,,,,,,,,[],mcq,,,,,{},a multiple choice question,,,,,,,,,
940,"volatility analysis, causal reasoning",similarity_multi,False,C,B,False,False,False,InWild,baseline,,,,,,,,,,[],mcq,,,,,{},a multiple choice question,,,,,,,,,
930,"trend analysis, counterfactual reasoning",similarity_multi,False,B,B,True,False,False,InWild,baseline,,,,,,,,,,[],mcq,,,,,{},a binary question,,,,,,,,,
933,"basic analysis, deductive reasoning",similarity_multi,False,B,A,False,False,False,InWild,baseline,,,,,,,,,,[],mcq,,,,,{},a multiple choice question,,,,,,,,,
914,"seasonality analysis, inductive reasoning",similarity_multi,False,A,C,False,False,False,InWild,baseline,,,,,,,,,,[],mcq,,,,,{},a multiple choice question,,,,,,,,,
916,"basic analysis, deductive reasoning",similarity_multi,False,B,B,True,False,False,InWild,baseline,,,,,,,,,,[],mcq,,,,,{},a binary question,,,,,,,,,
944,"trend analysis, analogical reasoning",similarity_multi,False,A,C,False,False,False,InWild,baseline,,,,,,,,,,[],mcq,,,,,{},a multiple choice question,,,,,,,,,
942,"trend analysis, inductive reasoning",similarity_multi,False,A,B,False,False,False,InWild,baseline,,,,,,,,,,[],mcq,,,,,{},a binary question,,,,,,,,,
943,"basic analysis, deductive reasoning",similarity_multi,False,A,B,False,False,False,InWild,baseline,,,,,,,,,,[],mcq,,,,,{},a binary question,,,,,,,,,
946,"trend analysis, inductive reasoning",similarity_multi,False,A,B,False,False,False,InWild,baseline,,,,,,,,,,[],mcq,,,,,{},a binary question,,,,,,,,,
947,"basic analysis, counterfactual reasoning",similarity_multi,False,B,B,True,False,False,InWild,baseline,,,,,,,,,,[],mcq,,,,,{},a binary question,,,,,,,,,
922,basic analysis,similarity_multi,False,D,D,True,False,False,InWild,baseline,,,,,,,,,,[],mcq,,,,,{},a multiple choice question,,,,,,,,,
921,"trend analysis, deductive reasoning",similarity_multi,False,B,B,True,False,False,InWild,baseline,,,,,,,,,,[],mcq,,,,,{},a binary question,,,,,,,,,
951,causal reasoning,similarity_multi,False,B,B,True,False,False,InWild,baseline,,,,,,,,,,[],mcq,,,,,{},a binary question,,,,,,,,,
949,"seasonality analysis, deductive reasoning",similarity_multi,False,B,B,True,False,False,InWild,baseline,,,,,,,,,,[],mcq,,,,,{},a binary question,,,,,,,,,
954,"volatility analysis, deductive reasoning",similarity_multi,False,B,B,True,False,False,InWild,baseline,,,,,,,,,,[],mcq,,,,,{},a binary question,,,,,,,,,
920,trend analysis,similarity_multi,False,D,C,False,False,False,InWild,baseline,,,,,,,,,,[],mcq,,,,,{},a multiple choice question,,,,,,,,,
955,"basic analysis, deductive reasoning",similarity_multi,False,A,B,False,False,False,InWild,baseline,,,,,,,,,,[],mcq,,,,,{},a binary question,,,,,,,,,
923,"volatility analysis, deductive reasoning",similarity_multi,False,B,D,False,False,False,InWild,baseline,,,,,,,,,,[],mcq,,,,,{},a multiple choice question,,,,,,,,,
953,trend analysis,similarity_multi,False,B,A,False,False,False,InWild,baseline,,,,,,,,,,[],mcq,,,,,{},a binary question,,,,,,,,,
935,basic analysis,similarity_multi,False,A,B,False,False,False,InWild,baseline,,,,,,,,,,[],mcq,,,,,{},a binary question,,,,,,,,,
939,"noise analysis, causal reasoning",similarity_multi,False,A,A,True,False,False,InWild,baseline,,,,,,,,,,[],mcq,,,,,{},a multiple choice question,,,,,,,,,
932,"volatility analysis, analogical reasoning",similarity_multi,False,A,B,False,False,False,InWild,baseline,,,,,,,,,,[],mcq,,,,,{},a binary question,,,,,,,,,
925,"noise analysis, deductive reasoning",similarity_multi,False,C,A,False,False,False,InWild,baseline,,,,,,,,,,[],mcq,,,,,{},a multiple choice question,,,,,,,,,
937,trend analysis,similarity_multi,False,B,B,True,False,False,InWild,baseline,,,,,,,,,,[],mcq,,,,,{},a binary question,,,,,,,,,
941,"trend analysis, counterfactual reasoning",similarity_multi,False,B,C,False,False,False,InWild,baseline,,,,,,,,,,[],mcq,,,,,{},a multiple choice question,,,,,,,,,
956,analogical reasoning,similarity,True,B,B,True,False,True,InWild,baseline,,shape,similarity,B,high,True,,,line_plot,[],mcq,,,,,"{""branch"": ""similarity"", ""best_lag"": 3, ""vision_confidence"": ""high""}",a binary question,,False,,,,,,False,
948,"seasonality analysis, analogical reasoning",similarity_multi,False,A,A,True,False,False,InWild,baseline,,,,,,,,,,[],mcq,,,,,{},a binary question,,,,,,,,,
945,causal reasoning,similarity_multi,False,C,A,False,False,False,InWild,baseline,,,,,,,,,,[],mcq,,,,,{},a multiple choice question,,,,,,,,,
952,"noise analysis, deductive reasoning",similarity_multi,False,B,B,True,False,False,InWild,baseline,,,,,,,,,,[],mcq,,,,,{},a binary question,,,,,,,,,
950,"noise analysis, deductive reasoning",similarity_multi,False,B,B,True,False,False,InWild,baseline,,,,,,,,,,[],mcq,,,,,{},a binary question,,,,,,,,,
965,"basic analysis, inductive reasoning",similarity,True,A,B,False,False,False,InWild,baseline,,statistical,similarity,,,False,,,,[],mcq,,,,,"{""branch"": ""similarity"", ""best_lag"": 20}",a multiple choice question,,False,,,,,,False,
958,analogical reasoning,similarity,True,C,A,False,False,True,InWild,baseline,,shape,similarity,A,high,True,,,line_plot,[],mcq,,,,,"{""branch"": ""similarity"", ""best_lag"": 9, ""vision_confidence"": ""high""}",a multiple choice question,,False,,,,,,False,
959,"seasonality analysis, causal reasoning",causality,True,A,A,True,False,True,InWild,baseline,,lag_direction,causality,A,high,True,,,line_plot,"[""granger_not_significant"", ""weak_correlation""]",mcq,,,,,"{""branch"": ""causality"", ""direction"": ""none"", ""best_lag"": -53, ""best_corr"": 0.048091, ""pval_12"": 1.0, ""pval_21"": 1.0, ""vision_confidence"": ""high""}",a binary question,,False,,,,,,False,
964,noise analysis,similarity,True,B,B,True,False,True,InWild,baseline,,statistical,similarity,B,high,True,,,line_plot,[],mcq,,,,,"{""branch"": ""similarity"", ""best_lag"": 4, ""vision_confidence"": ""high""}",a binary question,,False,,,,,,False,
960,noise analysis,noise,True,A,C,False,False,True,InWild,baseline,,white_noise,noise,C,high,True,,,spectrogram,"[""arch_effects""]",mcq,,,,,"{""branch"": ""noise"", ""is_stationary"": false, ""is_white_noise"": false, ""adf_pval"": 0.279174, ""kpss_pval"": 0.01, ""vision_confidence"": ""high""}",a multiple choice question,,False,,,,,,False,
968,"basic analysis, inductive reasoning",similarity,True,B,B,True,False,True,InWild,baseline,,statistical,similarity,A,high,True,,,line_plot,[],mcq,,,,,"{""branch"": ""similarity"", ""best_lag"": 4, ""vision_confidence"": ""high""}",a multiple choice question,,False,,,,,,False,
961,causal reasoning,causality,True,B,B,True,False,True,InWild,baseline,,lag_direction,causality,B,high,True,,,spectrogram,"[""granger_not_significant""]",mcq,,,,,"{""branch"": ""causality"", ""direction"": ""none"", ""best_lag"": -16, ""best_corr"": 0.211632, ""pval_12"": 1.0, ""pval_21"": 1.0, ""vision_confidence"": ""high""}",a binary question,,False,,,,,,False,
969,trend analysis,similarity,True,B,B,True,False,True,InWild,baseline,,statistical,similarity,B,high,True,,,spectrogram,"[""high_volatility""]",mcq,,,,,"{""branch"": ""similarity"", ""best_lag"": -9, ""vision_confidence"": ""high""}",a binary question,,False,,,,,,False,
970,deductive reasoning,causality,True,B,D,False,False,True,InWild,baseline,,lag_direction,causality,D,high,True,,,line_plot,"[""granger_not_significant"", ""weak_correlation""]",mcq,,,,,"{""branch"": ""causality"", ""direction"": ""none"", ""best_lag"": 26, ""best_corr"": -0.053148, ""pval_12"": 1.0, ""pval_21"": 1.0, ""vision_confidence"": ""high""}",a multiple choice question,,False,,,,,,False,
967,"volatility analysis, analogical reasoning",similarity,True,A,A,True,False,True,InWild,baseline,,statistical,similarity,A,high,True,,,spectrogram,[],mcq,,,,,"{""branch"": ""similarity"", ""best_lag"": 7, ""vision_confidence"": ""high""}",a multiple choice question,,False,,,,,,False,
963,"volatility analysis, causal reasoning",causality,True,A,A,True,False,True,InWild,baseline,,lag_direction,causality,A,high,True,,,spectrogram,"[""granger_not_significant"", ""weak_correlation""]",mcq,,,,,"{""branch"": ""causality"", ""direction"": ""none"", ""best_lag"": -55, ""best_corr"": -0.032274, ""pval_12"": 1.0, ""pval_21"": 1.0, ""vision_confidence"": ""high""}",a binary question,,False,,,,,,False,
971,causal reasoning,causality,True,A,A,True,False,True,InWild,baseline,,lag_direction,causality,A,high,True,,,line_plot,"[""granger_not_significant"", ""weak_correlation""]",mcq,,,,,"{""branch"": ""causality"", ""direction"": ""none"", ""best_lag"": 42, ""best_corr"": 0.100186, ""pval_12"": 1.0, ""pval_21"": 1.0, ""vision_confidence"": ""high""}",a multiple choice question,,False,,,,,,False,
966,"seasonality analysis, deductive reasoning",similarity,True,D,D,True,False,True,InWild,baseline,,statistical,similarity,D,high,True,,,spectrogram,[],mcq,,,,,"{""branch"": ""similarity"", ""best_lag"": -20, ""vision_confidence"": ""high""}",a multiple choice question,,False,,,,,,False,
973,seasonality analysis,similarity,True,B,B,True,False,True,InWild,baseline,,statistical,similarity,B,high,True,,,spectrogram,[],mcq,,,,,"{""branch"": ""similarity"", ""best_lag"": 5, ""vision_confidence"": ""high""}",a binary question,,False,,,,,,False,
972,"basic analysis, inductive reasoning",similarity,True,A,A,True,False,True,InWild,baseline,,statistical,similarity,A,high,True,,,line_plot,[],mcq,,,,,"{""branch"": ""similarity"", ""best_lag"": -20, ""vision_confidence"": ""high""}",a multiple choice question,,False,,,,,,False,
962,causal reasoning,anomaly,True,D,D,True,False,True,InWild,baseline,,point_anomaly,anomaly,D,high,True,,,spectrogram,[],mcq,,,,,"{""branch"": ""anomaly"", ""vision_confidence"": ""high""}",a multiple choice question,,False,,,,,,False,
974,inductive reasoning,similarity,True,A,A,True,False,True,InWild,baseline,,statistical,similarity,A,high,True,,,line_plot,[],mcq,,,,,"{""branch"": ""similarity"", ""best_lag"": -20, ""vision_confidence"": ""high""}",a multiple choice question,,False,,,,,,False,
975,causal reasoning,causality,True,A,A,True,False,True,InWild,baseline,,lag_direction,causality,A,high,True,,,spectrogram,"[""granger_not_significant""]",mcq,,,,,"{""branch"": ""causality"", ""direction"": ""none"", ""best_lag"": 19, ""best_corr"": 0.547918, ""pval_12"": 1.0, ""pval_21"": 1.0, ""vision_confidence"": ""high""}",a binary question,,False,,,,,,False,
982,"basic analysis, deductive reasoning",similarity,True,C,D,False,False,True,InWild,baseline,,statistical,similarity,D,high,True,,,line_plot,[],mcq,,,,,"{""branch"": ""similarity"", ""best_lag"": -5, ""vision_confidence"": ""high""}",a multiple choice question,,False,,,,,,False,
981,counterfactual reasoning,similarity,True,B,B,True,False,False,InWild,baseline,,statistical,similarity,,,False,,,,[],mcq,,,,,"{""branch"": ""similarity"", ""best_lag"": 17}",a binary question,,False,,,,,,False,
989,"seasonality analysis, analogical reasoning",similarity,True,D,B,False,False,True,InWild,baseline,,shape,similarity,B,medium,True,,,spectrogram,[],mcq,,,,,"{""branch"": ""similarity"", ""best_lag"": -10, ""vision_confidence"": ""medium""}",a multiple choice question,,False,,,,,,False,
980,"seasonality analysis, deductive reasoning",similarity,True,A,A,True,False,True,InWild,baseline,,statistical,similarity,A,high,True,,,spectrogram,[],mcq,,,,,"{""branch"": ""similarity"", ""best_lag"": -20, ""vision_confidence"": ""high""}",a binary question,,False,,,,,,False,
976,analogical reasoning,similarity,True,D,A,False,False,True,InWild,baseline,,shape,similarity,A,high,True,,,line_plot,[],mcq,,,,,"{""branch"": ""similarity"", ""best_lag"": -19, ""vision_confidence"": ""high""}",a multiple choice question,,False,,,,,,False,
986,volatility analysis,similarity,True,B,A,False,False,True,InWild,baseline,,statistical,similarity,A,high,True,,,line_plot,[],mcq,,,,,"{""branch"": ""similarity"", ""best_lag"": -1, ""vision_confidence"": ""high""}",a binary question,,False,,,,,,False,
987,causal reasoning,causality,True,C,C,True,False,True,InWild,baseline,,lag_direction,causality,C,high,True,,,line_plot,"[""granger_not_significant"", ""weak_correlation""]",mcq,,,,,"{""branch"": ""causality"", ""direction"": ""none"", ""best_lag"": 5, ""best_corr"": 0.183538, ""pval_12"": 1.0, ""pval_21"": 1.0, ""vision_confidence"": ""high""}",a multiple choice question,,False,,,,,,False,
979,counterfactual reasoning,causality,True,A,B,False,False,True,InWild,baseline,,lag_direction,causality,B,high,True,,,spectrogram,"[""granger_not_significant""]",mcq,,,,,"{""branch"": ""causality"", ""direction"": ""none"", ""best_lag"": -4, ""best_corr"": 0.258682, ""pval_12"": 1.0, ""pval_21"": 1.0, ""vision_confidence"": ""high""}",a binary question,,False,,,,,,False,
990,"noise analysis, deductive reasoning",similarity,True,D,A,False,False,True,InWild,baseline,,statistical,similarity,A,high,True,,,spectrogram,[],mcq,,,,,"{""branch"": ""similarity"", ""best_lag"": -19, ""vision_confidence"": ""high""}",a multiple choice question,,False,,,,,,False,
985,"trend analysis, causal reasoning",causality,True,B,B,True,False,True,InWild,baseline,,lag_direction,causality,B,high,True,,,line_plot,"[""granger_not_significant"", ""weak_correlation""]",mcq,,,,,"{""branch"": ""causality"", ""direction"": ""none"", ""best_lag"": 46, ""best_corr"": 0.130661, ""pval_12"": 1.0, ""pval_21"": 1.0, ""vision_confidence"": ""high""}",a binary question,,False,,,,,,False,
991,counterfactual reasoning,causality,True,B,D,False,False,True,InWild,baseline,,lag_direction,causality,D,high,True,,,spectrogram,"[""granger_not_significant""]",mcq,,,,,"{""branch"": ""causality"", ""direction"": ""none"", ""best_lag"": -36, ""best_corr"": 0.227508, ""pval_12"": 1.0, ""pval_21"": 1.0, ""vision_confidence"": ""high""}",a multiple choice question,,False,,,,,,False,
988,volatility analysis,similarity,True,B,B,True,False,True,InWild,baseline,,statistical,similarity,B,high,True,,,line_plot,[],mcq,,,,,"{""branch"": ""similarity"", ""best_lag"": 20, ""vision_confidence"": ""high""}",a binary question,,False,,,,,,False,
984,"volatility analysis, inductive reasoning",similarity,True,B,D,False,False,True,InWild,baseline,,statistical,similarity,D,high,True,,,spectrogram,"[""high_volatility""]",mcq,,,,,"{""branch"": ""similarity"", ""best_lag"": 0, ""vision_confidence"": ""high""}",a multiple choice question,,False,,,,,,False,
978,"volatility analysis, causal reasoning",causality,True,A,A,True,False,True,InWild,baseline,,lag_direction,causality,A,high,True,,,spectrogram,"[""granger_not_significant""]",mcq,,,,,"{""branch"": ""causality"", ""direction"": ""none"", ""best_lag"": -60, ""best_corr"": 0.324585, ""pval_12"": 1.0, ""pval_21"": 1.0, ""vision_confidence"": ""high""}",a binary question,,False,,,,,,False,
992,deductive reasoning,causality,True,D,D,True,False,True,InWild,baseline,,lag_direction,causality,D,high,True,,,spectrogram,"[""granger_not_significant"", ""weak_correlation""]",mcq,,,,,"{""branch"": ""causality"", ""direction"": ""none"", ""best_lag"": -2, ""best_corr"": -0.075898, ""pval_12"": 1.0, ""pval_21"": 1.0, ""vision_confidence"": ""high""}",a multiple choice question,,False,,,,,,False,
993,"seasonality analysis, inductive reasoning",similarity,True,B,D,False,False,True,InWild,baseline,,statistical,similarity,D,high,True,,,spectrogram,[],mcq,,,,,"{""branch"": ""similarity"", ""best_lag"": -20, ""vision_confidence"": ""high""}",a multiple choice question,,False,,,,,,False,
977,"noise analysis, counterfactual reasoning",anomaly,True,B,B,True,False,True,InWild,baseline,,point_anomaly,anomaly,B,high,True,,,spectrogram,[],mcq,,,,,"{""branch"": ""anomaly"", ""vision_confidence"": ""high""}",a multiple choice question,,False,,,,,,False,
1007,noise analysis,similarity,True,B,B,True,False,False,InWild,baseline,,statistical,similarity,,,False,,,,[],mcq,,,,,"{""branch"": ""similarity"", ""best_lag"": 20}",a binary question,,False,,,,,,False,
1003,trend analysis,similarity,True,D,A,False,False,False,InWild,baseline,,statistical,similarity,,,False,,,,[],mcq,,,,,"{""branch"": ""similarity"", ""best_lag"": 0}",a multiple choice question,,False,,,,,,False,
1001,volatility analysis,similarity,True,A,B,False,False,True,InWild,baseline,,statistical,similarity,B,high,True,,,line_plot,[],mcq,,,,,"{""branch"": ""similarity"", ""best_lag"": 18, ""vision_confidence"": ""high""}",a binary question,,False,,,,,,False,
1005,"volatility analysis, deductive reasoning",similarity,True,A,A,True,False,True,InWild,baseline,,statistical,similarity,B,high,True,,,line_plot,[],mcq,,,,,"{""branch"": ""similarity"", ""best_lag"": 20, ""vision_confidence"": ""high""}",a binary question,,False,,,,,,False,
1004,"basic analysis, causal reasoning",causality,True,B,B,True,False,True,InWild,baseline,,lag_direction,causality,B,high,True,,,line_plot,"[""granger_not_significant""]",mcq,,,,,"{""branch"": ""causality"", ""direction"": ""none"", ""best_lag"": 28, ""best_corr"": 0.299939, ""pval_12"": 1.0, ""pval_21"": 1.0, ""vision_confidence"": ""high""}",a binary question,,False,,,,,,False,
994,volatility analysis,similarity,True,D,D,True,False,True,InWild,baseline,,statistical,similarity,D,high,True,,,line_plot,[],mcq,,,,,"{""branch"": ""similarity"", ""best_lag"": 0, ""vision_confidence"": ""high""}",a multiple choice question,,False,,,,,,False,
995,"volatility analysis, deductive reasoning",noise,True,B,B,True,False,True,InWild,baseline,,variance_level,noise,B,high,True,,,spectrogram,[],mcq,,,,,"{""branch"": ""noise"", ""is_stationary"": true, ""is_white_noise"": true, ""adf_pval"": 0.0, ""kpss_pval"": 0.1, ""vision_confidence"": ""high""}",a binary question,,False,,,,,,False,
1002,"basic analysis, causal reasoning",similarity,True,D,D,True,False,True,InWild,baseline,,shape,similarity,D,high,True,,,line_plot,[],mcq,,,,,"{""branch"": ""similarity"", ""best_lag"": 16, ""vision_confidence"": ""high""}",a multiple choice question,,False,,,,,,False,
999,"basic analysis, inductive reasoning",similarity,True,C,A,False,False,True,InWild,baseline,,statistical,similarity,A,high,True,,,line_plot,[],mcq,,,,,"{""branch"": ""similarity"", ""best_lag"": 0, ""vision_confidence"": ""high""}",a multiple choice question,,False,,,,,,False,
1006,volatility analysis,similarity,True,B,A,False,False,True,InWild,baseline,,statistical,similarity,A,high,True,,,line_plot,[],mcq,,,,,"{""branch"": ""similarity"", ""best_lag"": 1, ""vision_confidence"": ""high""}",a binary question,,False,,,,,,False,
1000,"volatility analysis, counterfactual reasoning",causality,True,A,A,True,False,True,InWild,baseline,,lag_direction,causality,B,high,True,,,line_plot,"[""granger_not_significant"", ""weak_correlation""]",mcq,,,,,"{""branch"": ""causality"", ""direction"": ""none"", ""best_lag"": -36, ""best_corr"": 0.165162, ""pval_12"": 1.0, ""pval_21"": 1.0, ""vision_confidence"": ""high""}",a multiple choice question,,False,,,,,,False,
998,"basic analysis, inductive reasoning",similarity,True,D,B,False,False,True,InWild,baseline,,shape,similarity,B,high,True,,,spectrogram,[],mcq,,,,,"{""branch"": ""similarity"", ""best_lag"": -5, ""vision_confidence"": ""high""}",a multiple choice question,,False,,,,,,False,
997,"volatility analysis, deductive reasoning",noise,True,B,A,False,False,True,InWild,baseline,,autocorr_value,noise,A,high,True,,,spectrogram,"[""arch_effects""]",mcq,,,,,"{""branch"": ""noise"", ""is_stationary"": true, ""is_white_noise"": false, ""adf_pval"": 0.0, ""kpss_pval"": 0.1, ""vision_confidence"": ""high""}",a binary question,,False,,,,,,False,
996,"noise analysis, causal reasoning",similarity,True,A,D,False,False,True,InWild,baseline,,statistical,similarity,D,high,True,,,spectrogram,[],mcq,,,,,"{""branch"": ""similarity"", ""best_lag"": 20, ""vision_confidence"": ""high""}",a multiple choice question,,False,,,,,,False,
1010,"basic analysis, inductive reasoning",similarity,True,B,A,False,False,False,InWild,baseline,,statistical,similarity,,,False,,,,[],mcq,,,,,"{""branch"": ""similarity"", ""best_lag"": -20}",a multiple choice question,,False,,,,,,False,
1008,counterfactual reasoning,causality,True,A,A,True,False,True,InWild,baseline,,lag_direction,causality,A,high,True,,,spectrogram,"[""granger_not_significant""]",mcq,,,,,"{""branch"": ""causality"", ""direction"": ""none"", ""best_lag"": 41, ""best_corr"": -0.460182, ""pval_12"": 1.0, ""pval_21"": 1.0, ""vision_confidence"": ""high""}",a binary question,,False,,,,,,False,
957,"noise analysis, deductive reasoning",anomaly,True,C,B,False,False,True,InWild,baseline,,point_anomaly,anomaly,B,high,True,,,spectrogram,[],mcq,,,,,"{""branch"": ""anomaly"", ""vision_confidence"": ""high""}",a multiple choice question,,False,,,,,,False,
1009,noise analysis,similarity,True,D,D,True,False,True,InWild,baseline,,statistical,similarity,D,high,True,,,spectrogram,"[""high_volatility""]",mcq,,,,,"{""branch"": ""similarity"", ""best_lag"": 4, ""vision_confidence"": ""high""}",a multiple choice question,,False,,,,,,False,
1011,volatility analysis,similarity,True,B,B,True,False,True,InWild,baseline,,statistical,similarity,B,high,True,,,line_plot,[],mcq,,,,,"{""branch"": ""similarity"", ""best_lag"": 2, ""vision_confidence"": ""high""}",a binary question,,False,,,,,,False,
1021,analogical reasoning,similarity,True,B,A,False,False,True,InWild,baseline,,shape,similarity,A,high,True,,,line_plot,[],mcq,,,,,"{""branch"": ""similarity"", ""best_lag"": 20, ""vision_confidence"": ""high""}",a multiple choice question,,False,,,,,,False,
1016,"trend analysis, deductive reasoning",similarity,True,B,B,True,False,True,InWild,baseline,,statistical,similarity,B,high,True,,,line_plot,[],mcq,,,,,"{""branch"": ""similarity"", ""best_lag"": 20, ""vision_confidence"": ""high""}",a multiple choice question,,False,,,,,,False,
1019,seasonality analysis,similarity,True,B,A,False,False,True,InWild,baseline,,statistical,similarity,A,high,True,,,line_plot,[],mcq,,,,,"{""branch"": ""similarity"", ""best_lag"": 0, ""vision_confidence"": ""high""}",a multiple choice question,,False,,,,,,False,
1015,"seasonality analysis, counterfactual reasoning",similarity,True,B,A,False,False,True,InWild,baseline,,statistical,similarity,A,high,True,,,spectrogram,[],mcq,,,,,"{""branch"": ""similarity"", ""best_lag"": -20, ""vision_confidence"": ""high""}",a binary question,,False,,,,,,False,
1024,deductive reasoning,anomaly,True,B,B,True,False,True,InWild,baseline,,point_anomaly,anomaly,B,high,True,,,spectrogram,[],mcq,,,,,"{""branch"": ""anomaly"", ""vision_confidence"": ""high""}",a binary question,,False,,,,,,False,
1012,"volatility analysis, causal reasoning",causality,True,A,D,False,False,True,InWild,baseline,,lag_direction,causality,D,high,True,,,spectrogram,"[""granger_not_significant""]",mcq,,,,,"{""branch"": ""causality"", ""direction"": ""none"", ""best_lag"": 0, ""best_corr"": -0.393459, ""pval_12"": 1.0, ""pval_21"": 1.0, ""vision_confidence"": ""high""}",a multiple choice question,,False,,,,,,False,
1013,volatility analysis,similarity,True,D,A,False,False,True,InWild,baseline,,statistical,similarity,A,high,True,,,line_plot,[],mcq,,,,,"{""branch"": ""similarity"", ""best_lag"": 20, ""vision_confidence"": ""high""}",a multiple choice question,,False,,,,,,False,
1022,causal reasoning,causality,True,A,A,True,False,True,InWild,baseline,,lag_direction,causality,A,high,True,,,spectrogram,"[""granger_not_significant""]",mcq,,,,,"{""branch"": ""causality"", ""direction"": ""none"", ""best_lag"": 42, ""best_corr"": -0.30502, ""pval_12"": 1.0, ""pval_21"": 1.0, ""vision_confidence"": ""high""}",a binary question,,False,,,,,,False,
1017,counterfactual reasoning,causality,True,D,D,True,False,True,InWild,baseline,,lag_direction,causality,D,high,True,,,spectrogram,"[""granger_not_significant""]",mcq,,,,,"{""branch"": ""causality"", ""direction"": ""none"", ""best_lag"": -56, ""best_corr"": 0.279883, ""pval_12"": 1.0, ""pval_21"": 1.0, ""vision_confidence"": ""high""}",a multiple choice question,,False,,,,,,False,
1023,"noise analysis, causal reasoning",causality,True,B,B,True,False,True,InWild,baseline,,lag_direction,causality,B,high,True,,,line_plot,"[""granger_not_significant"", ""weak_correlation""]",mcq,,,,,"{""branch"": ""causality"", ""direction"": ""none"", ""best_lag"": 26, ""best_corr"": -0.163711, ""pval_12"": 1.0, ""pval_21"": 1.0, ""vision_confidence"": ""high""}",a binary question,,False,,,,,,False,
1020,deductive reasoning,causality,True,B,D,False,False,True,InWild,baseline,,lag_direction,causality,D,high,True,,,spectrogram,"[""granger_not_significant""]",mcq,,,,,"{""branch"": ""causality"", ""direction"": ""none"", ""best_lag"": 57, ""best_corr"": -0.322905, ""pval_12"": 1.0, ""pval_21"": 1.0, ""vision_confidence"": ""high""}",a multiple choice question,,False,,,,,,False,
1014,"basic analysis, counterfactual reasoning",causality,True,B,B,True,False,True,InWild,baseline,,lag_direction,causality,B,medium,True,,,spectrogram,"[""granger_not_significant"", ""weak_correlation""]",mcq,,,,,"{""branch"": ""causality"", ""direction"": ""none"", ""best_lag"": 41, ""best_corr"": 0.032503, ""pval_12"": 1.0, ""pval_21"": 1.0, ""vision_confidence"": ""medium""}",a binary question,,False,,,,,,False,
1018,"trend analysis, analogical reasoning",similarity,True,A,C,False,False,True,InWild,baseline,,statistical,similarity,C,high,True,,,line_plot,[],mcq,,,,,"{""branch"": ""similarity"", ""best_lag"": -13, ""vision_confidence"": ""high""}",a multiple choice question,,False,,,,,,False,
1028,seasonality analysis,similarity,True,A,B,False,False,True,InWild,baseline,,statistical,similarity,B,high,True,,,line_plot,[],mcq,,,,,"{""branch"": ""similarity"", ""best_lag"": 20, ""vision_confidence"": ""high""}",a binary question,,False,,,,,,False,
1034,volatility analysis,similarity,True,A,B,False,False,True,InWild,baseline,,statistical,similarity,B,high,True,,,line_plot,[],mcq,,,,,"{""branch"": ""similarity"", ""best_lag"": -14, ""vision_confidence"": ""high""}",a binary question,,False,,,,,,False,
1033,causal reasoning,causality,True,A,B,False,False,True,InWild,baseline,,lag_direction,causality,B,high,True,,,spectrogram,"[""granger_not_significant""]",mcq,,,,,"{""branch"": ""causality"", ""direction"": ""none"", ""best_lag"": 2, ""best_corr"": -0.221026, ""pval_12"": 1.0, ""pval_21"": 1.0, ""vision_confidence"": ""high""}",a binary question,,False,,,,,,False,
1029,causal reasoning,similarity,True,D,D,True,False,True,InWild,baseline,,statistical,similarity,D,high,True,,,spectrogram,"[""high_volatility""]",mcq,,,,,"{""branch"": ""similarity"", ""best_lag"": -16, ""vision_confidence"": ""high""}",a multiple choice question,,False,,,,,,False,
1035,"seasonality analysis, counterfactual reasoning",similarity,True,D,D,True,False,True,InWild,baseline,,shape,similarity,D,high,True,,,line_plot,[],mcq,,,,,"{""branch"": ""similarity"", ""best_lag"": -20, ""vision_confidence"": ""high""}",a multiple choice question,,False,,,,,,False,
1030,counterfactual reasoning,causality,True,B,D,False,False,True,InWild,baseline,,lag_direction,causality,D,medium,True,,,line_plot,"[""granger_not_significant"", ""weak_correlation""]",mcq,,,,,"{""branch"": ""causality"", ""direction"": ""none"", ""best_lag"": 60, ""best_corr"": -0.104976, ""pval_12"": 1.0, ""pval_21"": 1.0, ""vision_confidence"": ""medium""}",a multiple choice question,,False,,,,,,False,
1037,trend analysis,similarity,True,D,A,False,False,True,InWild,baseline,,statistical,similarity,A,high,True,,,line_plot,[],mcq,,,,,"{""branch"": ""similarity"", ""best_lag"": -20, ""vision_confidence"": ""high""}",a multiple choice question,,False,,,,,,False,
1026,causal reasoning,similarity,True,A,A,True,False,True,InWild,baseline,,shape,similarity,A,high,True,,,line_plot,[],mcq,,,,,"{""branch"": ""similarity"", ""best_lag"": -1, ""vision_confidence"": ""high""}",a binary question,,False,,,,,,False,
1036,"seasonality analysis, analogical reasoning",similarity,True,B,B,True,False,True,InWild,baseline,,shape,similarity,B,medium,True,,,spectrogram,[],mcq,,,,,"{""branch"": ""similarity"", ""best_lag"": 17, ""vision_confidence"": ""medium""}",a multiple choice question,,False,,,,,,False,
1031,basic analysis,similarity,True,A,A,True,False,True,InWild,baseline,,shape,similarity,A,high,True,,,line_plot,[],mcq,,,,,"{""branch"": ""similarity"", ""best_lag"": 0, ""vision_confidence"": ""high""}",a binary question,,False,,,,,,False,
983,trend analysis,trend,True,A,B,False,False,True,InWild,baseline,,change_point,trend,B,high,True,,,line_plot,"[""low_r2""]",mcq,,,,,"{""branch"": ""trend"", ""vision_confidence"": ""high""}",a binary question,,False,,,,,,False,
1027,"noise analysis, deductive reasoning",similarity,True,B,C,False,False,True,InWild,baseline,,statistical,similarity,C,high,True,,,spectrogram,[],mcq,,,,,"{""branch"": ""similarity"", ""best_lag"": -20, ""vision_confidence"": ""high""}",a multiple choice question,,False,,,,,,False,
1039,"basic analysis, inductive reasoning",similarity,True,C,B,False,False,True,InWild,baseline,,statistical,similarity,B,high,True,,,line_plot,[],mcq,,,,,"{""branch"": ""similarity"", ""best_lag"": -1, ""vision_confidence"": ""high""}",a multiple choice question,,False,,,,,,False,
1038,basic analysis,anomaly,True,C,A,False,False,True,InWild,baseline,,point_anomaly,anomaly,A,high,True,,,spectrogram,[],mcq,,,,,"{""branch"": ""anomaly"", ""vision_confidence"": ""high""}",a multiple choice question,,False,,,,,,False,
1032,counterfactual reasoning,anomaly,True,A,B,False,False,True,InWild,baseline,,point_anomaly,anomaly,B,high,True,,,spectrogram,[],mcq,,,,,"{""branch"": ""anomaly"", ""vision_confidence"": ""high""}",a binary question,,False,,,,,,False,
1052,"noise analysis, analogical reasoning",similarity,True,B,B,True,False,False,InWild,baseline,,statistical,similarity,,,False,,,,[],mcq,,,,,"{""branch"": ""similarity"", ""best_lag"": -20}",a multiple choice question,,False,,,,,,False,
1051,"basic analysis, analogical reasoning",similarity,True,A,A,True,False,True,InWild,baseline,,statistical,similarity,A,high,True,,,line_plot,[],mcq,,,,,"{""branch"": ""similarity"", ""best_lag"": -14, ""vision_confidence"": ""high""}",a binary question,,False,,,,,,False,
1050,"noise analysis, analogical reasoning",similarity,True,B,B,True,False,True,InWild,baseline,,shape,similarity,B,high,True,,,line_plot,[],mcq,,,,,"{""branch"": ""similarity"", ""best_lag"": 3, ""vision_confidence"": ""high""}",a binary question,,False,,,,,,False,
1049,"trend analysis, analogical reasoning",similarity,True,A,B,False,False,True,InWild,baseline,,shape,similarity,B,medium,True,,,spectrogram,[],mcq,,,,,"{""branch"": ""similarity"", ""best_lag"": -20, ""vision_confidence"": ""medium""}",a binary question,,False,,,,,,False,
1043,"seasonality analysis, inductive reasoning",similarity,True,C,A,False,False,True,InWild,baseline,,statistical,similarity,A,high,True,,,line_plot,[],mcq,,,,,"{""branch"": ""similarity"", ""best_lag"": 5, ""vision_confidence"": ""high""}",a multiple choice question,,False,,,,,,False,
1042,"seasonality analysis, inductive reasoning",similarity,True,B,B,True,False,True,InWild,baseline,,statistical,similarity,B,high,True,,,line_plot,[],mcq,,,,,"{""branch"": ""similarity"", ""best_lag"": 20, ""vision_confidence"": ""high""}",a multiple choice question,,False,,,,,,False,
1047,trend analysis,similarity,True,B,A,False,False,True,InWild,baseline,,statistical,similarity,A,high,True,,,line_plot,[],mcq,,,,,"{""branch"": ""similarity"", ""best_lag"": 20, ""vision_confidence"": ""high""}",a binary question,,False,,,,,,False,
1045,"trend analysis, analogical reasoning",trend,True,C,A,False,False,True,InWild,baseline,,direction,trend,A,high,True,,,line_plot,"[""low_r2""]",mcq,,,,,"{""branch"": ""trend"", ""vision_confidence"": ""high""}",a multiple choice question,,False,,,,,,False,
1046,inductive reasoning,similarity,True,B,A,False,False,True,InWild,baseline,,statistical,similarity,A,high,True,,,spectrogram,"[""high_volatility""]",mcq,,,,,"{""branch"": ""similarity"", ""best_lag"": -20, ""vision_confidence"": ""high""}",a binary question,,False,,,,,,False,
1054,causal reasoning,similarity,True,B,B,True,False,True,InWild,baseline,,statistical,similarity,B,high,True,,,line_plot,[],mcq,,,,,"{""branch"": ""similarity"", ""best_lag"": 1, ""vision_confidence"": ""high""}",a binary question,,False,,,,,,False,
1025,seasonality analysis,trend,True,B,B,True,False,True,InWild,baseline,,change_point,trend,B,high,True,,,line_plot,"[""low_r2""]",mcq,,,,,"{""branch"": ""trend"", ""vision_confidence"": ""high""}",a binary question,,False,,,,,,False,
1053,"basic analysis, analogical reasoning",similarity,True,A,B,False,False,True,InWild,baseline,,statistical,similarity,B,high,True,,,spectrogram,"[""high_volatility""]",mcq,,,,,"{""branch"": ""similarity"", ""best_lag"": -12, ""vision_confidence"": ""high""}",a multiple choice question,,False,,,,,,False,
1055,basic analysis,anomaly,True,A,A,True,False,True,InWild,baseline,,point_anomaly,anomaly,A,high,True,,,spectrogram,[],mcq,,,,,"{""branch"": ""anomaly"", ""vision_confidence"": ""high""}",a binary question,,False,,,,,,False,
1041,basic analysis,anomaly,True,B,B,True,False,True,InWild,baseline,,point_anomaly,anomaly,B,high,True,,,spectrogram,[],mcq,,,,,"{""branch"": ""anomaly"", ""vision_confidence"": ""high""}",a binary question,,False,,,,,,False,
1058,analogical reasoning,similarity,True,D,D,True,False,True,InWild,baseline,,shape,similarity,D,high,True,,,line_plot,[],mcq,,,,,"{""branch"": ""similarity"", ""best_lag"": -10, ""vision_confidence"": ""high""}",a multiple choice question,,False,,,,,,False,
1059,causal reasoning,causality,True,A,B,False,False,True,InWild,baseline,,lag_direction,causality,B,high,True,,,spectrogram,"[""granger_not_significant""]",mcq,,,,,"{""branch"": ""causality"", ""direction"": ""none"", ""best_lag"": -28, ""best_corr"": 0.226985, ""pval_12"": 1.0, ""pval_21"": 1.0, ""vision_confidence"": ""high""}",a binary question,,False,,,,,,False,
1062,inductive reasoning,similarity,True,C,C,True,False,True,InWild,baseline,,shape,similarity,C,high,True,,,line_plot,[],mcq,,,,,"{""branch"": ""similarity"", ""best_lag"": 14, ""vision_confidence"": ""high""}",a multiple choice question,,False,,,,,,False,
1057,seasonality analysis,similarity,True,B,B,True,False,True,InWild,baseline,,statistical,similarity,B,high,True,,,line_plot,[],mcq,,,,,"{""branch"": ""similarity"", ""best_lag"": 1, ""vision_confidence"": ""high""}",a multiple choice question,,False,,,,,,False,
1065,"volatility analysis, analogical reasoning",similarity,True,B,B,True,False,True,InWild,baseline,,statistical,similarity,B,high,True,,,line_plot,[],mcq,,,,,"{""branch"": ""similarity"", ""best_lag"": -9, ""vision_confidence"": ""high""}",a binary question,,False,,,,,,False,
1061,analogical reasoning,similarity,True,B,B,True,False,True,InWild,baseline,,statistical,similarity,B,high,True,,,spectrogram,[],mcq,,,,,"{""branch"": ""similarity"", ""best_lag"": -19, ""vision_confidence"": ""high""}",a binary question,,False,,,,,,False,
1063,"trend analysis, counterfactual reasoning",anomaly,True,D,D,True,False,True,InWild,baseline,,point_anomaly,anomaly,D,high,True,,,spectrogram,[],mcq,,,,,"{""branch"": ""anomaly"", ""vision_confidence"": ""high""}",a multiple choice question,,False,,,,,,False,
1071,deductive reasoning,similarity,True,A,B,False,False,True,InWild,baseline,,shape,similarity,B,high,True,,,line_plot,[],mcq,,,,,"{""branch"": ""similarity"", ""best_lag"": -16, ""vision_confidence"": ""high""}",a binary question,,False,,,,,,False,
1070,"noise analysis, inductive reasoning",similarity,True,A,C,False,False,True,InWild,baseline,,statistical,similarity,C,high,True,,,line_plot,[],mcq,,,,,"{""branch"": ""similarity"", ""best_lag"": -7, ""vision_confidence"": ""high""}",a multiple choice question,,False,,,,,,False,
1066,"trend analysis, deductive reasoning",causality,True,B,B,True,False,True,InWild,baseline,,lag_direction,causality,B,high,True,,,spectrogram,"[""granger_not_significant""]",mcq,,,,,"{""branch"": ""causality"", ""direction"": ""none"", ""best_lag"": 0, ""best_corr"": -0.37766, ""pval_12"": 1.0, ""pval_21"": 1.0, ""vision_confidence"": ""high""}",a binary question,,False,,,,,,False,
1074,basic analysis,similarity,True,B,A,False,False,True,InWild,baseline,,statistical,similarity,A,high,True,,,line_plot,[],mcq,,,,,"{""branch"": ""similarity"", ""best_lag"": 20, ""vision_confidence"": ""high""}",a binary question,,False,,,,,,False,
1069,causal reasoning,causality,True,D,D,True,False,True,InWild,baseline,,lag_direction,causality,D,high,True,,,line_plot,"[""granger_not_significant"", ""weak_correlation""]",mcq,,,,,"{""branch"": ""causality"", ""direction"": ""none"", ""best_lag"": -44, ""best_corr"": -0.093966, ""pval_12"": 1.0, ""pval_21"": 1.0, ""vision_confidence"": ""high""}",a multiple choice question,,False,,,,,,False,
1073,seasonality analysis,similarity,True,C,B,False,False,True,InWild,baseline,,statistical,similarity,B,high,True,,,spectrogram,"[""high_volatility""]",mcq,,,,,"{""branch"": ""similarity"", ""best_lag"": -20, ""vision_confidence"": ""high""}",a multiple choice question,,False,,,,,,False,
1068,"noise analysis, inductive reasoning",noise,True,B,A,False,False,True,InWild,baseline,,white_noise,noise,A,high,True,,,spectrogram,"[""arch_effects""]",mcq,,,,,"{""branch"": ""noise"", ""is_stationary"": true, ""is_white_noise"": false, ""adf_pval"": 0.0, ""kpss_pval"": 0.1, ""vision_confidence"": ""high""}",a multiple choice question,,False,,,,,,False,
1078,"basic analysis, inductive reasoning",similarity,True,C,C,True,False,False,InWild,baseline,,statistical,similarity,,,False,,,,[],mcq,,,,,"{""branch"": ""similarity"", ""best_lag"": 18}",a multiple choice question,,False,,,,,,False,
1075,"volatility analysis, causal reasoning",similarity,True,A,D,False,False,True,InWild,baseline,,statistical,similarity,D,high,True,,,line_plot,[],mcq,,,,,"{""branch"": ""similarity"", ""best_lag"": -5, ""vision_confidence"": ""high""}",a multiple choice question,,False,,,,,,False,
1056,inductive reasoning,anomaly,True,A,B,False,False,True,InWild,baseline,,point_anomaly,anomaly,B,high,True,,,spectrogram,[],mcq,,,,,"{""branch"": ""anomaly"", ""outlier_count"": 72, ""max_deviation"": 25.823107, ""vision_confidence"": ""high""}",a binary question,,False,,,,,,False,
1,smooth it,similarity_multi,False,A,B,False,False,False,Match,baseline,,,,,,,,,,[],mcq,,,,,{},a multiple choice question,,,,,,,,,
1077,"basic analysis, causal reasoning",similarity,True,A,B,False,False,True,InWild,baseline,,statistical,similarity,B,high,True,,,line_plot,[],mcq,,,,,"{""branch"": ""similarity"", ""best_lag"": 0, ""vision_confidence"": ""high""}",a binary question,,False,,,,,,False,
1076,deductive reasoning,similarity,True,A,B,False,False,True,InWild,baseline,,statistical,similarity,B,high,True,,,line_plot,[],mcq,,,,,"{""branch"": ""similarity"", ""best_lag"": -20, ""vision_confidence"": ""high""}",a binary question,,False,,,,,,False,
1079,basic analysis,similarity,True,B,B,True,False,True,InWild,baseline,,statistical,similarity,B,high,True,,,line_plot,[],mcq,,,,,"{""branch"": ""similarity"", ""best_lag"": -3, ""vision_confidence"": ""high""}",a binary question,,False,,,,,,False,
1080,causal reasoning,causality,True,A,A,True,False,True,InWild,baseline,,lag_direction,causality,A,high,True,,,line_plot,"[""granger_not_significant"", ""weak_correlation""]",mcq,,,,,"{""branch"": ""causality"", ""direction"": ""none"", ""best_lag"": 31, ""best_corr"": 0.096362, ""pval_12"": 1.0, ""pval_21"": 1.0, ""vision_confidence"": ""high""}",a binary question,,False,,,,,,False,
1081,"basic analysis, counterfactual reasoning",causality,True,D,C,False,False,True,InWild,baseline,,lag_direction,causality,C,high,True,,,spectrogram,"[""granger_not_significant""]",mcq,,,,,"{""branch"": ""causality"", ""direction"": ""none"", ""best_lag"": 27, ""best_corr"": 0.202387, ""pval_12"": 1.0, ""pval_21"": 1.0, ""vision_confidence"": ""high""}",a multiple choice question,,False,,,,,,False,
2,smooth it,similarity_multi,False,C,C,True,False,False,Match,baseline,,,,,,,,,,[],mcq,,,,,{},a multiple choice question,,,,,,,,,
1084,"trend analysis, counterfactual reasoning",causality,True,A,A,True,False,True,InWild,baseline,,lag_direction,causality,A,high,True,,,line_plot,"[""granger_not_significant""]",mcq,,,,,"{""branch"": ""causality"", ""direction"": ""none"", ""best_lag"": 59, ""best_corr"": -0.202647, ""pval_12"": 1.0, ""pval_21"": 1.0, ""vision_confidence"": ""high""}",a multiple choice question,,False,,,,,,False,
1082,"noise analysis, counterfactual reasoning",causality,True,B,B,True,False,True,InWild,baseline,,lag_direction,causality,B,high,True,,,spectrogram,"[""granger_not_significant"", ""weak_correlation""]",mcq,,,,,"{""branch"": ""causality"", ""direction"": ""none"", ""best_lag"": -47, ""best_corr"": -0.07448, ""pval_12"": 1.0, ""pval_21"": 1.0, ""vision_confidence"": ""high""}",a binary question,,False,,,,,,False,
3,smooth it,similarity_multi,False,B,B,True,False,False,Match,baseline,,,,,,,,,,[],mcq,,,,,{},a multiple choice question,,,,,,,,,
4,smooth it,similarity_multi,False,A,A,True,False,False,Match,baseline,,,,,,,,,,[],mcq,,,,,{},a multiple choice question,,,,,,,,,
1040,inductive reasoning,similarity,True,B,B,True,False,True,InWild,baseline,,statistical,similarity,B,high,True,,,spectrogram,"[""high_volatility""]",mcq,,,,,"{""branch"": ""similarity"", ""best_lag"": 19, ""vision_confidence"": ""high""}",a binary question,,False,,,,,,False,
7,smooth it,similarity_multi,False,D,B,False,False,False,Match,baseline,,,,,,,,,,[],mcq,,,,,{},a multiple choice question,,,,,,,,,
5,smooth it,similarity_multi,False,B,B,True,False,False,Match,baseline,,,,,,,,,,[],mcq,,,,,{},a multiple choice question,,,,,,,,,
8,smooth it,similarity_multi,False,C,C,True,False,False,Match,baseline,,,,,,,,,,[],mcq,,,,,{},a multiple choice question,,,,,,,,,
12,smooth it,similarity_multi,False,A,A,True,False,False,Match,baseline,,,,,,,,,,[],mcq,,,,,{},a multiple choice question,,,,,,,,,
9,smooth it,similarity_multi,False,B,A,False,False,False,Match,baseline,,,,,,,,,,[],mcq,,,,,{},a multiple choice question,,,,,,,,,
10,smooth it,similarity_multi,False,C,C,True,False,False,Match,baseline,,,,,,,,,,[],mcq,,,,,{},a multiple choice question,,,,,,,,,
6,smooth it,similarity_multi,False,D,D,True,False,False,Match,baseline,,,,,,,,,,[],mcq,,,,,{},a multiple choice question,,,,,,,,,
11,smooth it,similarity_multi,False,C,B,False,False,False,Match,baseline,,,,,,,,,,[],mcq,,,,,{},a multiple choice question,,,,,,,,,
13,smooth it,similarity_multi,False,A,A,True,False,False,Match,baseline,,,,,,,,,,[],mcq,,,,,{},a multiple choice question,,,,,,,,,
14,smooth it,similarity_multi,False,B,B,True,False,False,Match,baseline,,,,,,,,,,[],mcq,,,,,{},a multiple choice question,,,,,,,,,
15,smooth it,similarity_multi,False,B,B,True,False,False,Match,baseline,,,,,,,,,,[],mcq,,,,,{},a multiple choice question,,,,,,,,,
20,smooth it,similarity_multi,False,B,B,True,False,False,Match,baseline,,,,,,,,,,[],mcq,,,,,{},a multiple choice question,,,,,,,,,
16,smooth it,similarity_multi,False,C,C,True,False,False,Match,baseline,,,,,,,,,,[],mcq,,,,,{},a multiple choice question,,,,,,,,,
17,smooth it,similarity_multi,False,B,B,True,False,False,Match,baseline,,,,,,,,,,[],mcq,,,,,{},a multiple choice question,,,,,,,,,
21,smooth it,similarity_multi,False,B,B,True,False,False,Match,baseline,,,,,,,,,,[],mcq,,,,,{},a multiple choice question,,,,,,,,,
18,smooth it,similarity_multi,False,D,D,True,False,False,Match,baseline,,,,,,,,,,[],mcq,,,,,{},a multiple choice question,,,,,,,,,
22,smooth it,similarity_multi,False,C,C,True,False,False,Match,baseline,,,,,,,,,,[],mcq,,,,,{},a multiple choice question,,,,,,,,,
19,smooth it,similarity_multi,False,D,D,True,False,False,Match,baseline,,,,,,,,,,[],mcq,,,,,{},a multiple choice question,,,,,,,,,
24,smooth it,similarity_multi,False,B,B,True,False,False,Match,baseline,,,,,,,,,,[],mcq,,,,,{},a multiple choice question,,,,,,,,,
23,smooth it,similarity_multi,False,A,B,False,False,False,Match,baseline,,,,,,,,,,[],mcq,,,,,{},a multiple choice question,,,,,,,,,
25,smooth it,similarity_multi,False,C,B,False,False,False,Match,baseline,,,,,,,,,,[],mcq,,,,,{},a multiple choice question,,,,,,,,,
28,smooth it,similarity_multi,False,D,B,False,False,False,Match,baseline,,,,,,,,,,[],mcq,,,,,{},a multiple choice question,,,,,,,,,
29,smooth it,similarity_multi,False,D,D,True,False,False,Match,baseline,,,,,,,,,,[],mcq,,,,,{},a multiple choice question,,,,,,,,,
32,smooth it,similarity_multi,False,D,D,True,False,False,Match,baseline,,,,,,,,,,[],mcq,,,,,{},a multiple choice question,,,,,,,,,
30,smooth it,similarity_multi,False,A,A,True,False,False,Match,baseline,,,,,,,,,,[],mcq,,,,,{},a multiple choice question,,,,,,,,,
26,smooth it,similarity_multi,False,C,C,True,False,False,Match,baseline,,,,,,,,,,[],mcq,,,,,{},a multiple choice question,,,,,,,,,
27,smooth it,similarity_multi,False,C,C,True,False,False,Match,baseline,,,,,,,,,,[],mcq,,,,,{},a multiple choice question,,,,,,,,,
31,smooth it,similarity_multi,False,D,B,False,False,False,Match,baseline,,,,,,,,,,[],mcq,,,,,{},a multiple choice question,,,,,,,,,
33,smooth it,similarity_multi,False,D,D,True,False,False,Match,baseline,,,,,,,,,,[],mcq,,,,,{},a multiple choice question,,,,,,,,,
34,smooth it,similarity_multi,False,A,B,False,False,False,Match,baseline,,,,,,,,,,[],mcq,,,,,{},a multiple choice question,,,,,,,,,
1067,counterfactual reasoning,causality,True,A,A,True,False,True,InWild,baseline,,lag_direction,causality,A,high,True,,,spectrogram,"[""granger_not_significant""]",mcq,,,,,"{""branch"": ""causality"", ""direction"": ""none"", ""best_lag"": 28, ""best_corr"": 0.679701, ""pval_12"": 1.0, ""pval_21"": 1.0, ""vision_confidence"": ""high""}",a multiple choice question,,False,,,,,,False,
36,smooth it,similarity_multi,False,C,C,True,False,False,Match,baseline,,,,,,,,,,[],mcq,,,,,{},a multiple choice question,,,,,,,,,
35,smooth it,similarity_multi,False,A,B,False,False,False,Match,baseline,,,,,,,,,,[],mcq,,,,,{},a multiple choice question,,,,,,,,,
37,smooth it,similarity_multi,False,A,B,False,False,False,Match,baseline,,,,,,,,,,[],mcq,,,,,{},a multiple choice question,,,,,,,,,
42,smooth it,similarity_multi,False,B,B,True,False,False,Match,baseline,,,,,,,,,,[],mcq,,,,,{},a multiple choice question,,,,,,,,,
39,smooth it,similarity_multi,False,A,A,True,False,False,Match,baseline,,,,,,,,,,[],mcq,,,,,{},a multiple choice question,,,,,,,,,
45,smooth it,similarity_multi,False,D,B,False,False,False,Match,baseline,,,,,,,,,,[],mcq,,,,,{},a multiple choice question,,,,,,,,,
43,smooth it,similarity_multi,False,B,B,True,False,False,Match,baseline,,,,,,,,,,[],mcq,,,,,{},a multiple choice question,,,,,,,,,
38,smooth it,similarity_multi,False,D,D,True,False,False,Match,baseline,,,,,,,,,,[],mcq,,,,,{},a multiple choice question,,,,,,,,,
40,smooth it,similarity_multi,False,A,A,True,False,False,Match,baseline,,,,,,,,,,[],mcq,,,,,{},a multiple choice question,,,,,,,,,
44,smooth it,similarity_multi,False,C,C,True,False,False,Match,baseline,,,,,,,,,,[],mcq,,,,,{},a multiple choice question,,,,,,,,,
41,smooth it,similarity_multi,False,D,D,True,False,False,Match,baseline,,,,,,,,,,[],mcq,,,,,{},a multiple choice question,,,,,,,,,
46,smooth it,similarity_multi,False,A,A,True,False,False,Match,baseline,,,,,,,,,,[],mcq,,,,,{},a multiple choice question,,,,,,,,,
47,smooth it,similarity_multi,False,C,C,True,False,False,Match,baseline,,,,,,,,,,[],mcq,,,,,{},a multiple choice question,,,,,,,,,
1083,"seasonality analysis, inductive reasoning",similarity,True,C,C,True,False,True,InWild,baseline,,statistical,similarity,C,high,True,,,line_plot,[],mcq,,,,,"{""branch"": ""similarity"", ""best_lag"": -2, ""vision_confidence"": ""high""}",a multiple choice question,,False,,,,,,False,
49,smooth it,similarity_multi,False,A,A,True,False,False,Match,baseline,,,,,,,,,,[],mcq,,,,,{},a multiple choice question,,,,,,,,,
48,smooth it,similarity_multi,False,A,B,False,False,False,Match,baseline,,,,,,,,,,[],mcq,,,,,{},a multiple choice question,,,,,,,,,
52,smooth it,similarity_multi,False,B,B,True,False,False,Match,baseline,,,,,,,,,,[],mcq,,,,,{},a multiple choice question,,,,,,,,,
50,smooth it,similarity_multi,False,D,D,True,False,False,Match,baseline,,,,,,,,,,[],mcq,,,,,{},a multiple choice question,,,,,,,,,
55,smooth it,similarity_multi,False,C,B,False,False,False,Match,baseline,,,,,,,,,,[],mcq,,,,,{},a multiple choice question,,,,,,,,,
54,smooth it,similarity_multi,False,B,B,True,False,False,Match,baseline,,,,,,,,,,[],mcq,,,,,{},a multiple choice question,,,,,,,,,
53,smooth it,similarity_multi,False,A,A,True,False,False,Match,baseline,,,,,,,,,,[],mcq,,,,,{},a multiple choice question,,,,,,,,,
51,smooth it,similarity_multi,False,A,A,True,False,False,Match,baseline,,,,,,,,,,[],mcq,,,,,{},a multiple choice question,,,,,,,,,
56,smooth it,similarity_multi,False,B,B,True,False,False,Match,baseline,,,,,,,,,,[],mcq,,,,,{},a multiple choice question,,,,,,,,,
60,smooth it,similarity_multi,False,A,A,True,False,False,Match,baseline,,,,,,,,,,[],mcq,,,,,{},a multiple choice question,,,,,,,,,
59,smooth it,similarity_multi,False,A,A,True,False,False,Match,baseline,,,,,,,,,,[],mcq,,,,,{},a multiple choice question,,,,,,,,,
57,smooth it,similarity_multi,False,D,D,True,False,False,Match,baseline,,,,,,,,,,[],mcq,,,,,{},a multiple choice question,,,,,,,,,
58,smooth it,similarity_multi,False,A,A,True,False,False,Match,baseline,,,,,,,,,,[],mcq,,,,,{},a multiple choice question,,,,,,,,,
61,smooth it,similarity_multi,False,D,D,True,False,False,Match,baseline,,,,,,,,,,[],mcq,,,,,{},a multiple choice question,,,,,,,,,
62,smooth it,similarity_multi,False,C,C,True,False,False,Match,baseline,,,,,,,,,,[],mcq,,,,,{},a multiple choice question,,,,,,,,,
66,smooth it,similarity_multi,False,B,B,True,False,False,Match,baseline,,,,,,,,,,[],mcq,,,,,{},a multiple choice question,,,,,,,,,
64,smooth it,similarity_multi,False,D,D,True,False,False,Match,baseline,,,,,,,,,,[],mcq,,,,,{},a multiple choice question,,,,,,,,,
65,smooth it,similarity_multi,False,C,B,False,False,False,Match,baseline,,,,,,,,,,[],mcq,,,,,{},a multiple choice question,,,,,,,,,
67,smooth it,similarity_multi,False,D,D,True,False,False,Match,baseline,,,,,,,,,,[],mcq,,,,,{},a multiple choice question,,,,,,,,,
63,smooth it,similarity_multi,False,A,A,True,False,False,Match,baseline,,,,,,,,,,[],mcq,,,,,{},a multiple choice question,,,,,,,,,
68,smooth it,similarity_multi,False,C,C,True,False,False,Match,baseline,,,,,,,,,,[],mcq,,,,,{},a multiple choice question,,,,,,,,,
1044,basic analysis,similarity,True,B,B,True,False,True,InWild,baseline,,statistical,similarity,B,high,True,,,line_plot,[],mcq,,,,,"{""branch"": ""similarity"", ""best_lag"": -15, ""vision_confidence"": ""high""}",a binary question,,False,,,,,,False,
69,smooth it,similarity_multi,False,B,B,True,False,False,Match,baseline,,,,,,,,,,[],mcq,,,,,{},a multiple choice question,,,,,,,,,
71,smooth it,similarity_multi,False,C,C,True,False,False,Match,baseline,,,,,,,,,,[],mcq,,,,,{},a multiple choice question,,,,,,,,,
72,smooth it,similarity_multi,False,A,A,True,False,False,Match,baseline,,,,,,,,,,[],mcq,,,,,{},a multiple choice question,,,,,,,,,
70,smooth it,similarity_multi,False,D,D,True,False,False,Match,baseline,,,,,,,,,,[],mcq,,,,,{},a multiple choice question,,,,,,,,,
73,smooth it,similarity_multi,False,C,C,True,False,False,Match,baseline,,,,,,,,,,[],mcq,,,,,{},a multiple choice question,,,,,,,,,
74,smooth it,similarity_multi,False,A,A,True,False,False,Match,baseline,,,,,,,,,,[],mcq,,,,,{},a multiple choice question,,,,,,,,,
77,smooth it,similarity_multi,False,A,A,True,False,False,Match,baseline,,,,,,,,,,[],mcq,,,,,{},a multiple choice question,,,,,,,,,
79,smooth it,similarity_multi,False,D,D,True,False,False,Match,baseline,,,,,,,,,,[],mcq,,,,,{},a multiple choice question,,,,,,,,,
78,smooth it,similarity_multi,False,C,C,True,False,False,Match,baseline,,,,,,,,,,[],mcq,,,,,{},a multiple choice question,,,,,,,,,
75,smooth it,similarity_multi,False,D,D,True,False,False,Match,baseline,,,,,,,,,,[],mcq,,,,,{},a multiple choice question,,,,,,,,,
81,smooth it,similarity_multi,False,C,C,True,False,False,Match,baseline,,,,,,,,,,[],mcq,,,,,{},a multiple choice question,,,,,,,,,
83,smooth it,similarity_multi,False,D,D,True,False,False,Match,baseline,,,,,,,,,,[],mcq,,,,,{},a multiple choice question,,,,,,,,,
84,smooth it,similarity_multi,False,C,C,True,False,False,Match,baseline,,,,,,,,,,[],mcq,,,,,{},a multiple choice question,,,,,,,,,
82,smooth it,similarity_multi,False,B,B,True,False,False,Match,baseline,,,,,,,,,,[],mcq,,,,,{},a multiple choice question,,,,,,,,,
76,smooth it,similarity_multi,False,D,D,True,False,False,Match,baseline,,,,,,,,,,[],mcq,,,,,{},a multiple choice question,,,,,,,,,
80,smooth it,similarity_multi,False,C,C,True,False,False,Match,baseline,,,,,,,,,,[],mcq,,,,,{},a multiple choice question,,,,,,,,,
86,smooth it,similarity_multi,False,A,A,True,False,False,Match,baseline,,,,,,,,,,[],mcq,,,,,{},a multiple choice question,,,,,,,,,
85,smooth it,similarity_multi,False,A,A,True,False,False,Match,baseline,,,,,,,,,,[],mcq,,,,,{},a multiple choice question,,,,,,,,,
87,smooth it,similarity_multi,False,B,B,True,False,False,Match,baseline,,,,,,,,,,[],mcq,,,,,{},a multiple choice question,,,,,,,,,
89,smooth it,similarity_multi,False,C,C,True,False,False,Match,baseline,,,,,,,,,,[],mcq,,,,,{},a multiple choice question,,,,,,,,,
90,smooth it,similarity_multi,False,B,B,True,False,False,Match,baseline,,,,,,,,,,[],mcq,,,,,{},a multiple choice question,,,,,,,,,
88,smooth it,similarity_multi,False,B,D,False,False,False,Match,baseline,,,,,,,,,,[],mcq,,,,,{},a multiple choice question,,,,,,,,,
1060,"basic analysis, causal reasoning",anomaly,True,B,A,False,False,True,InWild,baseline,,point_anomaly,anomaly,A,high,True,,,spectrogram,[],mcq,,,,,"{""branch"": ""anomaly"", ""vision_confidence"": ""high""}",a binary question,,False,,,,,,False,
94,smooth it,similarity_multi,False,B,C,False,False,False,Match,baseline,,,,,,,,,,[],mcq,,,,,{},a multiple choice question,,,,,,,,,
91,smooth it,similarity_multi,False,B,B,True,False,False,Match,baseline,,,,,,,,,,[],mcq,,,,,{},a multiple choice question,,,,,,,,,
96,smooth it,similarity_multi,False,C,C,True,False,False,Match,baseline,,,,,,,,,,[],mcq,,,,,{},a multiple choice question,,,,,,,,,
92,smooth it,similarity_multi,False,D,D,True,False,False,Match,baseline,,,,,,,,,,[],mcq,,,,,{},a multiple choice question,,,,,,,,,
93,smooth it,similarity_multi,False,C,C,True,False,False,Match,baseline,,,,,,,,,,[],mcq,,,,,{},a multiple choice question,,,,,,,,,
95,smooth it,similarity_multi,False,D,D,True,False,False,Match,baseline,,,,,,,,,,[],mcq,,,,,{},a multiple choice question,,,,,,,,,
97,smooth it,similarity_multi,False,B,B,True,False,False,Match,baseline,,,,,,,,,,[],mcq,,,,,{},a multiple choice question,,,,,,,,,
98,smooth it,similarity_multi,False,D,D,True,False,False,Match,baseline,,,,,,,,,,[],mcq,,,,,{},a multiple choice question,,,,,,,,,
99,smooth it,similarity_multi,False,B,A,False,False,False,Match,baseline,,,,,,,,,,[],mcq,,,,,{},a multiple choice question,,,,,,,,,
102,find it,similarity_multi,False,B,D,False,False,False,Match,baseline,,,,,,,,,,[],mcq,,,,,{},a multiple choice question,,,,,,,,,
100,smooth it,similarity_multi,False,B,B,True,False,False,Match,baseline,,,,,,,,,,[],mcq,,,,,{},a multiple choice question,,,,,,,,,
101,find it,similarity_multi,False,A,A,True,False,False,Match,baseline,,,,,,,,,,[],mcq,,,,,{},a multiple choice question,,,,,,,,,
103,find it,similarity_multi,False,D,A,False,False,False,Match,baseline,,,,,,,,,,[],mcq,,,,,{},a multiple choice question,,,,,,,,,
104,find it,similarity_multi,False,B,B,True,False,False,Match,baseline,,,,,,,,,,[],mcq,,,,,{},a multiple choice question,,,,,,,,,
105,find it,similarity_multi,False,C,B,False,False,False,Match,baseline,,,,,,,,,,[],mcq,,,,,{},a multiple choice question,,,,,,,,,
107,find it,similarity_multi,False,A,A,True,False,False,Match,baseline,,,,,,,,,,[],mcq,,,,,{},a multiple choice question,,,,,,,,,
109,find it,similarity_multi,False,A,D,False,False,False,Match,baseline,,,,,,,,,,[],mcq,,,,,{},a multiple choice question,,,,,,,,,
108,find it,similarity_multi,False,C,A,False,False,False,Match,baseline,,,,,,,,,,[],mcq,,,,,{},a multiple choice question,,,,,,,,,
110,find it,similarity_multi,False,D,B,False,False,False,Match,baseline,,,,,,,,,,[],mcq,,,,,{},a multiple choice question,,,,,,,,,
106,find it,similarity_multi,False,C,A,False,False,False,Match,baseline,,,,,,,,,,[],mcq,,,,,{},a multiple choice question,,,,,,,,,
114,find it,similarity_multi,False,C,B,False,False,False,Match,baseline,,,,,,,,,,[],mcq,,,,,{},a multiple choice question,,,,,,,,,
111,find it,similarity_multi,False,B,A,False,False,False,Match,baseline,,,,,,,,,,[],mcq,,,,,{},a multiple choice question,,,,,,,,,
112,find it,similarity_multi,False,C,D,False,False,False,Match,baseline,,,,,,,,,,[],mcq,,,,,{},a multiple choice question,,,,,,,,,
113,find it,similarity_multi,False,D,C,False,False,False,Match,baseline,,,,,,,,,,[],mcq,,,,,{},a multiple choice question,,,,,,,,,
115,find it,similarity_multi,False,C,B,False,False,False,Match,baseline,,,,,,,,,,[],mcq,,,,,{},a multiple choice question,,,,,,,,,
117,find it,similarity_multi,False,A,A,True,False,False,Match,baseline,,,,,,,,,,[],mcq,,,,,{},a multiple choice question,,,,,,,,,
116,find it,similarity_multi,False,B,C,False,False,False,Match,baseline,,,,,,,,,,[],mcq,,,,,{},a multiple choice question,,,,,,,,,
118,find it,similarity_multi,False,D,B,False,False,False,Match,baseline,,,,,,,,,,[],mcq,,,,,{},a multiple choice question,,,,,,,,,
119,find it,similarity_multi,False,C,A,False,False,False,Match,baseline,,,,,,,,,,[],mcq,,,,,{},a multiple choice question,,,,,,,,,
122,find it,similarity_multi,False,B,C,False,False,False,Match,baseline,,,,,,,,,,[],mcq,,,,,{},a multiple choice question,,,,,,,,,
120,find it,similarity_multi,False,D,D,True,False,False,Match,baseline,,,,,,,,,,[],mcq,,,,,{},a multiple choice question,,,,,,,,,
121,find it,similarity_multi,False,A,B,False,False,False,Match,baseline,,,,,,,,,,[],mcq,,,,,{},a multiple choice question,,,,,,,,,
123,find it,similarity_multi,False,A,D,False,False,False,Match,baseline,,,,,,,,,,[],mcq,,,,,{},a multiple choice question,,,,,,,,,
124,find it,similarity_multi,False,B,C,False,False,False,Match,baseline,,,,,,,,,,[],mcq,,,,,{},a multiple choice question,,,,,,,,,
126,find it,similarity_multi,False,D,C,False,False,False,Match,baseline,,,,,,,,,,[],mcq,,,,,{},a multiple choice question,,,,,,,,,
127,find it,similarity_multi,False,B,A,False,False,False,Match,baseline,,,,,,,,,,[],mcq,,,,,{},a multiple choice question,,,,,,,,,
131,find it,similarity_multi,False,A,C,False,False,False,Match,baseline,,,,,,,,,,[],mcq,,,,,{},a multiple choice question,,,,,,,,,
129,find it,similarity_multi,False,A,A,True,False,False,Match,baseline,,,,,,,,,,[],mcq,,,,,{},a multiple choice question,,,,,,,,,
125,find it,similarity_multi,False,A,A,True,False,False,Match,baseline,,,,,,,,,,[],mcq,,,,,{},a multiple choice question,,,,,,,,,
136,find it,similarity_multi,False,D,A,False,False,False,Match,baseline,,,,,,,,,,[],mcq,,,,,{},a multiple choice question,,,,,,,,,
134,find it,similarity_multi,False,A,B,False,False,False,Match,baseline,,,,,,,,,,[],mcq,,,,,{},a multiple choice question,,,,,,,,,
132,find it,similarity_multi,False,C,C,True,False,False,Match,baseline,,,,,,,,,,[],mcq,,,,,{},a multiple choice question,,,,,,,,,
133,find it,similarity_multi,False,A,C,False,False,False,Match,baseline,,,,,,,,,,[],mcq,,,,,{},a multiple choice question,,,,,,,,,
128,find it,similarity_multi,False,C,D,False,False,False,Match,baseline,,,,,,,,,,[],mcq,,,,,{},a multiple choice question,,,,,,,,,
135,find it,similarity_multi,False,B,C,False,False,False,Match,baseline,,,,,,,,,,[],mcq,,,,,{},a multiple choice question,,,,,,,,,
130,find it,similarity_multi,False,A,B,False,False,False,Match,baseline,,,,,,,,,,[],mcq,,,,,{},a multiple choice question,,,,,,,,,
138,find it,similarity_multi,False,B,A,False,False,False,Match,baseline,,,,,,,,,,[],mcq,,,,,{},a multiple choice question,,,,,,,,,
139,find it,similarity_multi,False,D,D,True,False,False,Match,baseline,,,,,,,,,,[],mcq,,,,,{},a multiple choice question,,,,,,,,,
141,find it,similarity_multi,False,B,A,False,False,False,Match,baseline,,,,,,,,,,[],mcq,,,,,{},a multiple choice question,,,,,,,,,
140,find it,similarity_multi,False,C,D,False,False,False,Match,baseline,,,,,,,,,,[],mcq,,,,,{},a multiple choice question,,,,,,,,,
142,find it,similarity_multi,False,A,D,False,False,False,Match,baseline,,,,,,,,,,[],mcq,,,,,{},a multiple choice question,,,,,,,,,
137,find it,similarity_multi,False,A,A,True,False,False,Match,baseline,,,,,,,,,,[],mcq,,,,,{},a multiple choice question,,,,,,,,,
148,find it,similarity_multi,False,B,D,False,False,False,Match,baseline,,,,,,,,,,[],mcq,,,,,{},a multiple choice question,,,,,,,,,
143,find it,similarity_multi,False,A,B,False,False,False,Match,baseline,,,,,,,,,,[],mcq,,,,,{},a multiple choice question,,,,,,,,,
145,find it,similarity_multi,False,A,D,False,False,False,Match,baseline,,,,,,,,,,[],mcq,,,,,{},a multiple choice question,,,,,,,,,
147,find it,similarity_multi,False,D,C,False,False,False,Match,baseline,,,,,,,,,,[],mcq,,,,,{},a multiple choice question,,,,,,,,,
144,find it,similarity_multi,False,A,B,False,False,False,Match,baseline,,,,,,,,,,[],mcq,,,,,{},a multiple choice question,,,,,,,,,
146,find it,similarity_multi,False,C,A,False,False,False,Match,baseline,,,,,,,,,,[],mcq,,,,,{},a multiple choice question,,,,,,,,,
150,find it,similarity_multi,False,C,D,False,False,False,Match,baseline,,,,,,,,,,[],mcq,,,,,{},a multiple choice question,,,,,,,,,
149,find it,similarity_multi,False,D,B,False,False,False,Match,baseline,,,,,,,,,,[],mcq,,,,,{},a multiple choice question,,,,,,,,,
151,find it,similarity_multi,False,C,A,False,False,False,Match,baseline,,,,,,,,,,[],mcq,,,,,{},a multiple choice question,,,,,,,,,
153,find it,similarity_multi,False,A,D,False,False,False,Match,baseline,,,,,,,,,,[],mcq,,,,,{},a multiple choice question,,,,,,,,,
155,find it,similarity_multi,False,B,A,False,False,False,Match,baseline,,,,,,,,,,[],mcq,,,,,{},a multiple choice question,,,,,,,,,
1072,"basic analysis, inductive reasoning",anomaly,True,C,C,True,False,True,InWild,baseline,,point_anomaly,anomaly,C,high,True,,,spectrogram,"[""high_volatility""]",mcq,,,,,"{""branch"": ""anomaly"", ""outlier_count"": 13, ""max_deviation"": 23.152498, ""vision_confidence"": ""high""}",a multiple choice question,,False,,,,,,False,
154,find it,similarity_multi,False,D,B,False,False,False,Match,baseline,,,,,,,,,,[],mcq,,,,,{},a multiple choice question,,,,,,,,,
152,find it,similarity_multi,False,D,D,True,False,False,Match,baseline,,,,,,,,,,[],mcq,,,,,{},a multiple choice question,,,,,,,,,
156,find it,similarity_multi,False,A,A,True,False,False,Match,baseline,,,,,,,,,,[],mcq,,,,,{},a multiple choice question,,,,,,,,,
161,find it,similarity_multi,False,A,A,True,False,False,Match,baseline,,,,,,,,,,[],mcq,,,,,{},a multiple choice question,,,,,,,,,
159,find it,similarity_multi,False,B,C,False,False,False,Match,baseline,,,,,,,,,,[],mcq,,,,,{},a multiple choice question,,,,,,,,,
160,find it,similarity_multi,False,D,D,True,False,False,Match,baseline,,,,,,,,,,[],mcq,,,,,{},a multiple choice question,,,,,,,,,
163,find it,similarity_multi,False,C,C,True,False,False,Match,baseline,,,,,,,,,,[],mcq,,,,,{},a multiple choice question,,,,,,,,,
157,find it,similarity_multi,False,B,A,False,False,False,Match,baseline,,,,,,,,,,[],mcq,,,,,{},a multiple choice question,,,,,,,,,
158,find it,similarity_multi,False,A,B,False,False,False,Match,baseline,,,,,,,,,,[],mcq,,,,,{},a multiple choice question,,,,,,,,,
168,find it,similarity_multi,False,C,C,True,False,False,Match,baseline,,,,,,,,,,[],mcq,,,,,{},a multiple choice question,,,,,,,,,
166,find it,similarity_multi,False,D,A,False,False,False,Match,baseline,,,,,,,,,,[],mcq,,,,,{},a multiple choice question,,,,,,,,,
170,find it,similarity_multi,False,B,C,False,False,False,Match,baseline,,,,,,,,,,[],mcq,,,,,{},a multiple choice question,,,,,,,,,
167,find it,similarity_multi,False,D,D,True,False,False,Match,baseline,,,,,,,,,,[],mcq,,,,,{},a multiple choice question,,,,,,,,,
164,find it,similarity_multi,False,B,A,False,False,False,Match,baseline,,,,,,,,,,[],mcq,,,,,{},a multiple choice question,,,,,,,,,
171,find it,similarity_multi,False,D,B,False,False,False,Match,baseline,,,,,,,,,,[],mcq,,,,,{},a multiple choice question,,,,,,,,,
162,find it,similarity_multi,False,D,B,False,False,False,Match,baseline,,,,,,,,,,[],mcq,,,,,{},a multiple choice question,,,,,,,,,
165,find it,similarity_multi,False,C,B,False,False,False,Match,baseline,,,,,,,,,,[],mcq,,,,,{},a multiple choice question,,,,,,,,,
172,find it,similarity_multi,False,D,B,False,False,False,Match,baseline,,,,,,,,,,[],mcq,,,,,{},a multiple choice question,,,,,,,,,
169,find it,similarity_multi,False,C,C,True,False,False,Match,baseline,,,,,,,,,,[],mcq,,,,,{},a multiple choice question,,,,,,,,,
173,find it,similarity_multi,False,C,C,True,False,False,Match,baseline,,,,,,,,,,[],mcq,,,,,{},a multiple choice question,,,,,,,,,
1064,"seasonality analysis, causal reasoning",causality,True,A,A,True,False,True,InWild,baseline,,lag_direction,causality,A,high,True,,,spectrogram,"[""granger_not_significant"", ""weak_correlation""]",mcq,,,,,"{""branch"": ""causality"", ""direction"": ""none"", ""best_lag"": -24, ""best_corr"": 0.076657, ""pval_12"": 1.0, ""pval_21"": 1.0, ""vision_confidence"": ""high""}",a binary question,,False,,,,,,False,
174,find it,similarity_multi,False,B,B,True,False,False,Match,baseline,,,,,,,,,,[],mcq,,,,,{},a multiple choice question,,,,,,,,,
175,find it,similarity_multi,False,D,D,True,False,False,Match,baseline,,,,,,,,,,[],mcq,,,,,{},a multiple choice question,,,,,,,,,
176,find it,similarity_multi,False,B,B,True,False,False,Match,baseline,,,,,,,,,,[],mcq,,,,,{},a multiple choice question,,,,,,,,,
177,find it,similarity_multi,False,B,B,True,False,False,Match,baseline,,,,,,,,,,[],mcq,,,,,{},a multiple choice question,,,,,,,,,
179,find it,similarity_multi,False,D,D,True,False,False,Match,baseline,,,,,,,,,,[],mcq,,,,,{},a multiple choice question,,,,,,,,,
180,find it,similarity_multi,False,C,D,False,False,False,Match,baseline,,,,,,,,,,[],mcq,,,,,{},a multiple choice question,,,,,,,,,
183,find it,similarity_multi,False,B,A,False,False,False,Match,baseline,,,,,,,,,,[],mcq,,,,,{},a multiple choice question,,,,,,,,,
178,find it,similarity_multi,False,D,D,True,False,False,Match,baseline,,,,,,,,,,[],mcq,,,,,{},a multiple choice question,,,,,,,,,
181,find it,similarity_multi,False,D,B,False,False,False,Match,baseline,,,,,,,,,,[],mcq,,,,,{},a multiple choice question,,,,,,,,,
185,find it,similarity_multi,False,D,D,True,False,False,Match,baseline,,,,,,,,,,[],mcq,,,,,{},a multiple choice question,,,,,,,,,
188,find it,similarity_multi,False,C,B,False,False,False,Match,baseline,,,,,,,,,,[],mcq,,,,,{},a multiple choice question,,,,,,,,,
184,find it,similarity_multi,False,D,D,True,False,False,Match,baseline,,,,,,,,,,[],mcq,,,,,{},a multiple choice question,,,,,,,,,
189,find it,similarity_multi,False,B,B,True,False,False,Match,baseline,,,,,,,,,,[],mcq,,,,,{},a multiple choice question,,,,,,,,,
186,find it,similarity_multi,False,B,B,True,False,False,Match,baseline,,,,,,,,,,[],mcq,,,,,{},a multiple choice question,,,,,,,,,
182,find it,similarity_multi,False,D,B,False,False,False,Match,baseline,,,,,,,,,,[],mcq,,,,,{},a multiple choice question,,,,,,,,,
187,find it,similarity_multi,False,B,A,False,False,False,Match,baseline,,,,,,,,,,[],mcq,,,,,{},a multiple choice question,,,,,,,,,
191,find it,similarity_multi,False,B,B,True,False,False,Match,baseline,,,,,,,,,,[],mcq,,,,,{},a multiple choice question,,,,,,,,,
194,find it,similarity_multi,False,A,B,False,False,False,Match,baseline,,,,,,,,,,[],mcq,,,,,{},a multiple choice question,,,,,,,,,
190,find it,similarity_multi,False,A,A,True,False,False,Match,baseline,,,,,,,,,,[],mcq,,,,,{},a multiple choice question,,,,,,,,,
195,find it,similarity_multi,False,C,D,False,False,False,Match,baseline,,,,,,,,,,[],mcq,,,,,{},a multiple choice question,,,,,,,,,
192,find it,similarity_multi,False,C,B,False,False,False,Match,baseline,,,,,,,,,,[],mcq,,,,,{},a multiple choice question,,,,,,,,,
197,find it,similarity_multi,False,A,D,False,False,False,Match,baseline,,,,,,,,,,[],mcq,,,,,{},a multiple choice question,,,,,,,,,
193,find it,similarity_multi,False,C,B,False,False,False,Match,baseline,,,,,,,,,,[],mcq,,,,,{},a multiple choice question,,,,,,,,,
199,find it,similarity_multi,False,C,C,True,False,False,Match,baseline,,,,,,,,,,[],mcq,,,,,{},a multiple choice question,,,,,,,,,
196,find it,similarity_multi,False,C,B,False,False,False,Match,baseline,,,,,,,,,,[],mcq,,,,,{},a multiple choice question,,,,,,,,,
201,choose it,similarity_multi,False,D,D,True,False,False,Match,baseline,,,,,,,,,,[],mcq,,,,,{},a multiple choice question,,,,,,,,,
202,choose it,similarity_multi,False,B,B,True,False,False,Match,baseline,,,,,,,,,,[],mcq,,,,,{},a multiple choice question,,,,,,,,,
198,find it,similarity_multi,False,A,B,False,False,False,Match,baseline,,,,,,,,,,[],mcq,,,,,{},a multiple choice question,,,,,,,,,
203,choose it,similarity_multi,False,D,D,True,False,False,Match,baseline,,,,,,,,,,[],mcq,,,,,{},a multiple choice question,,,,,,,,,
204,choose it,similarity_multi,False,C,C,True,False,False,Match,baseline,,,,,,,,,,[],mcq,,,,,{},a multiple choice question,,,,,,,,,
205,choose it,similarity_multi,False,A,A,True,False,False,Match,baseline,,,,,,,,,,[],mcq,,,,,{},a multiple choice question,,,,,,,,,
200,find it,similarity_multi,False,B,D,False,False,False,Match,baseline,,,,,,,,,,[],mcq,,,,,{},a multiple choice question,,,,,,,,,
207,choose it,similarity_multi,False,D,D,True,False,False,Match,baseline,,,,,,,,,,[],mcq,,,,,{},a multiple choice question,,,,,,,,,
208,choose it,similarity_multi,False,A,A,True,False,False,Match,baseline,,,,,,,,,,[],mcq,,,,,{},a multiple choice question,,,,,,,,,
209,choose it,similarity_multi,False,D,D,True,False,False,Match,baseline,,,,,,,,,,[],mcq,,,,,{},a multiple choice question,,,,,,,,,
210,choose it,similarity_multi,False,D,D,True,False,False,Match,baseline,,,,,,,,,,[],mcq,,,,,{},a multiple choice question,,,,,,,,,
206,choose it,similarity_multi,False,B,B,True,False,False,Match,baseline,,,,,,,,,,[],mcq,,,,,{},a multiple choice question,,,,,,,,,
211,choose it,similarity_multi,False,B,B,True,False,False,Match,baseline,,,,,,,,,,[],mcq,,,,,{},a multiple choice question,,,,,,,,,
212,choose it,similarity_multi,False,A,A,True,False,False,Match,baseline,,,,,,,,,,[],mcq,,,,,{},a multiple choice question,,,,,,,,,
213,choose it,similarity_multi,False,A,A,True,False,False,Match,baseline,,,,,,,,,,[],mcq,,,,,{},a multiple choice question,,,,,,,,,
215,choose it,similarity_multi,False,B,B,True,False,False,Match,baseline,,,,,,,,,,[],mcq,,,,,{},a multiple choice question,,,,,,,,,
216,choose it,similarity_multi,False,C,C,True,False,False,Match,baseline,,,,,,,,,,[],mcq,,,,,{},a multiple choice question,,,,,,,,,
214,choose it,similarity_multi,False,D,D,True,False,False,Match,baseline,,,,,,,,,,[],mcq,,,,,{},a multiple choice question,,,,,,,,,
217,choose it,similarity_multi,False,A,A,True,False,False,Match,baseline,,,,,,,,,,[],mcq,,,,,{},a multiple choice question,,,,,,,,,
220,choose it,similarity_multi,False,D,D,True,False,False,Match,baseline,,,,,,,,,,[],mcq,,,,,{},a multiple choice question,,,,,,,,,
218,choose it,similarity_multi,False,A,A,True,False,False,Match,baseline,,,,,,,,,,[],mcq,,,,,{},a multiple choice question,,,,,,,,,
219,choose it,similarity_multi,False,D,D,True,False,False,Match,baseline,,,,,,,,,,[],mcq,,,,,{},a multiple choice question,,,,,,,,,
221,choose it,similarity_multi,False,C,C,True,False,False,Match,baseline,,,,,,,,,,[],mcq,,,,,{},a multiple choice question,,,,,,,,,
224,choose it,similarity_multi,False,A,A,True,False,False,Match,baseline,,,,,,,,,,[],mcq,,,,,{},a multiple choice question,,,,,,,,,
225,choose it,similarity_multi,False,A,B,False,False,False,Match,baseline,,,,,,,,,,[],mcq,,,,,{},a multiple choice question,,,,,,,,,
228,choose it,similarity_multi,False,C,C,True,False,False,Match,baseline,,,,,,,,,,[],mcq,,,,,{},a multiple choice question,,,,,,,,,
223,choose it,similarity_multi,False,B,B,True,False,False,Match,baseline,,,,,,,,,,[],mcq,,,,,{},a multiple choice question,,,,,,,,,
227,choose it,similarity_multi,False,B,B,True,False,False,Match,baseline,,,,,,,,,,[],mcq,,,,,{},a multiple choice question,,,,,,,,,
222,choose it,similarity_multi,False,B,B,True,False,False,Match,baseline,,,,,,,,,,[],mcq,,,,,{},a multiple choice question,,,,,,,,,
230,choose it,similarity_multi,False,B,B,True,False,False,Match,baseline,,,,,,,,,,[],mcq,,,,,{},a multiple choice question,,,,,,,,,
229,choose it,similarity_multi,False,D,D,True,False,False,Match,baseline,,,,,,,,,,[],mcq,,,,,{},a multiple choice question,,,,,,,,,
233,choose it,similarity_multi,False,D,D,True,False,False,Match,baseline,,,,,,,,,,[],mcq,,,,,{},a multiple choice question,,,,,,,,,
232,choose it,similarity_multi,False,A,A,True,False,False,Match,baseline,,,,,,,,,,[],mcq,,,,,{},a multiple choice question,,,,,,,,,
226,choose it,similarity_multi,False,C,C,True,False,False,Match,baseline,,,,,,,,,,[],mcq,,,,,{},a multiple choice question,,,,,,,,,
234,choose it,similarity_multi,False,C,B,False,False,False,Match,baseline,,,,,,,,,,[],mcq,,,,,{},a multiple choice question,,,,,,,,,
231,choose it,similarity_multi,False,B,B,True,False,False,Match,baseline,,,,,,,,,,[],mcq,,,,,{},a multiple choice question,,,,,,,,,
236,choose it,similarity_multi,False,A,A,True,False,False,Match,baseline,,,,,,,,,,[],mcq,,,,,{},a multiple choice question,,,,,,,,,
237,choose it,similarity_multi,False,A,B,False,False,False,Match,baseline,,,,,,,,,,[],mcq,,,,,{},a multiple choice question,,,,,,,,,
235,choose it,similarity_multi,False,D,D,True,False,False,Match,baseline,,,,,,,,,,[],mcq,,,,,{},a multiple choice question,,,,,,,,,
239,choose it,similarity_multi,False,A,A,True,False,False,Match,baseline,,,,,,,,,,[],mcq,,,,,{},a multiple choice question,,,,,,,,,
242,choose it,similarity_multi,False,A,A,True,False,False,Match,baseline,,,,,,,,,,[],mcq,,,,,{},a multiple choice question,,,,,,,,,
238,choose it,similarity_multi,False,A,A,True,False,False,Match,baseline,,,,,,,,,,[],mcq,,,,,{},a multiple choice question,,,,,,,,,
241,choose it,similarity_multi,False,B,B,True,False,False,Match,baseline,,,,,,,,,,[],mcq,,,,,{},a multiple choice question,,,,,,,,,
246,choose it,similarity_multi,False,C,C,True,False,False,Match,baseline,,,,,,,,,,[],mcq,,,,,{},a multiple choice question,,,,,,,,,
243,choose it,similarity_multi,False,D,B,False,False,False,Match,baseline,,,,,,,,,,[],mcq,,,,,{},a multiple choice question,,,,,,,,,
245,choose it,similarity_multi,False,B,B,True,False,False,Match,baseline,,,,,,,,,,[],mcq,,,,,{},a multiple choice question,,,,,,,,,
240,choose it,similarity_multi,False,B,B,True,False,False,Match,baseline,,,,,,,,,,[],mcq,,,,,{},a multiple choice question,,,,,,,,,
244,choose it,similarity_multi,False,C,C,True,False,False,Match,baseline,,,,,,,,,,[],mcq,,,,,{},a multiple choice question,,,,,,,,,
247,choose it,similarity_multi,False,B,B,True,False,False,Match,baseline,,,,,,,,,,[],mcq,,,,,{},a multiple choice question,,,,,,,,,
250,choose it,similarity_multi,False,D,D,True,False,False,Match,baseline,,,,,,,,,,[],mcq,,,,,{},a multiple choice question,,,,,,,,,
249,choose it,similarity_multi,False,C,C,True,False,False,Match,baseline,,,,,,,,,,[],mcq,,,,,{},a multiple choice question,,,,,,,,,
254,choose it,similarity_multi,False,C,C,True,False,False,Match,baseline,,,,,,,,,,[],mcq,,,,,{},a multiple choice question,,,,,,,,,
252,choose it,similarity_multi,False,B,B,True,False,False,Match,baseline,,,,,,,,,,[],mcq,,,,,{},a multiple choice question,,,,,,,,,
255,choose it,similarity_multi,False,D,D,True,False,False,Match,baseline,,,,,,,,,,[],mcq,,,,,{},a multiple choice question,,,,,,,,,
251,choose it,similarity_multi,False,D,D,True,False,False,Match,baseline,,,,,,,,,,[],mcq,,,,,{},a multiple choice question,,,,,,,,,
253,choose it,similarity_multi,False,B,B,True,False,False,Match,baseline,,,,,,,,,,[],mcq,,,,,{},a multiple choice question,,,,,,,,,
248,choose it,similarity_multi,False,B,B,True,False,False,Match,baseline,,,,,,,,,,[],mcq,,,,,{},a multiple choice question,,,,,,,,,
256,choose it,similarity_multi,False,C,C,True,False,False,Match,baseline,,,,,,,,,,[],mcq,,,,,{},a multiple choice question,,,,,,,,,
257,choose it,similarity_multi,False,B,B,True,False,False,Match,baseline,,,,,,,,,,[],mcq,,,,,{},a multiple choice question,,,,,,,,,
258,choose it,similarity_multi,False,D,D,True,False,False,Match,baseline,,,,,,,,,,[],mcq,,,,,{},a multiple choice question,,,,,,,,,
259,choose it,similarity_multi,False,C,C,True,False,False,Match,baseline,,,,,,,,,,[],mcq,,,,,{},a multiple choice question,,,,,,,,,
260,choose it,similarity_multi,False,B,B,True,False,False,Match,baseline,,,,,,,,,,[],mcq,,,,,{},a multiple choice question,,,,,,,,,
261,choose it,similarity_multi,False,A,A,True,False,False,Match,baseline,,,,,,,,,,[],mcq,,,,,{},a multiple choice question,,,,,,,,,
262,choose it,similarity_multi,False,A,A,True,False,False,Match,baseline,,,,,,,,,,[],mcq,,,,,{},a multiple choice question,,,,,,,,,
263,choose it,similarity_multi,False,D,D,True,False,False,Match,baseline,,,,,,,,,,[],mcq,,,,,{},a multiple choice question,,,,,,,,,
265,choose it,similarity_multi,False,C,C,True,False,False,Match,baseline,,,,,,,,,,[],mcq,,,,,{},a multiple choice question,,,,,,,,,
267,choose it,similarity_multi,False,D,D,True,False,False,Match,baseline,,,,,,,,,,[],mcq,,,,,{},a multiple choice question,,,,,,,,,
266,choose it,similarity_multi,False,C,C,True,False,False,Match,baseline,,,,,,,,,,[],mcq,,,,,{},a multiple choice question,,,,,,,,,
269,choose it,similarity_multi,False,A,A,True,False,False,Match,baseline,,,,,,,,,,[],mcq,,,,,{},a multiple choice question,,,,,,,,,
270,choose it,similarity_multi,False,C,C,True,False,False,Match,baseline,,,,,,,,,,[],mcq,,,,,{},a multiple choice question,,,,,,,,,
264,choose it,similarity_multi,False,C,C,True,False,False,Match,baseline,,,,,,,,,,[],mcq,,,,,{},a multiple choice question,,,,,,,,,
268,choose it,similarity_multi,False,D,D,True,False,False,Match,baseline,,,,,,,,,,[],mcq,,,,,{},a multiple choice question,,,,,,,,,
271,choose it,similarity_multi,False,C,C,True,False,False,Match,baseline,,,,,,,,,,[],mcq,,,,,{},a multiple choice question,,,,,,,,,
272,choose it,similarity_multi,False,A,A,True,False,False,Match,baseline,,,,,,,,,,[],mcq,,,,,{},a multiple choice question,,,,,,,,,
275,choose it,similarity_multi,False,C,C,True,False,False,Match,baseline,,,,,,,,,,[],mcq,,,,,{},a multiple choice question,,,,,,,,,
273,choose it,similarity_multi,False,C,C,True,False,False,Match,baseline,,,,,,,,,,[],mcq,,,,,{},a multiple choice question,,,,,,,,,
278,choose it,similarity_multi,False,A,A,True,False,False,Match,baseline,,,,,,,,,,[],mcq,,,,,{},a multiple choice question,,,,,,,,,
276,choose it,similarity_multi,False,D,D,True,False,False,Match,baseline,,,,,,,,,,[],mcq,,,,,{},a multiple choice question,,,,,,,,,
277,choose it,similarity_multi,False,D,D,True,False,False,Match,baseline,,,,,,,,,,[],mcq,,,,,{},a multiple choice question,,,,,,,,,
274,choose it,similarity_multi,False,A,A,True,False,False,Match,baseline,,,,,,,,,,[],mcq,,,,,{},a multiple choice question,,,,,,,,,
281,choose it,similarity_multi,False,D,D,True,False,False,Match,baseline,,,,,,,,,,[],mcq,,,,,{},a multiple choice question,,,,,,,,,
282,choose it,similarity_multi,False,C,C,True,False,False,Match,baseline,,,,,,,,,,[],mcq,,,,,{},a multiple choice question,,,,,,,,,
283,choose it,similarity_multi,False,C,C,True,False,False,Match,baseline,,,,,,,,,,[],mcq,,,,,{},a multiple choice question,,,,,,,,,
280,choose it,similarity_multi,False,A,A,True,False,False,Match,baseline,,,,,,,,,,[],mcq,,,,,{},a multiple choice question,,,,,,,,,
279,choose it,similarity_multi,False,C,C,True,False,False,Match,baseline,,,,,,,,,,[],mcq,,,,,{},a multiple choice question,,,,,,,,,
284,choose it,similarity_multi,False,A,A,True,False,False,Match,baseline,,,,,,,,,,[],mcq,,,,,{},a multiple choice question,,,,,,,,,
287,choose it,similarity_multi,False,B,B,True,False,False,Match,baseline,,,,,,,,,,[],mcq,,,,,{},a multiple choice question,,,,,,,,,
285,choose it,similarity_multi,False,A,C,False,False,False,Match,baseline,,,,,,,,,,[],mcq,,,,,{},a multiple choice question,,,,,,,,,
286,choose it,similarity_multi,False,C,C,True,False,False,Match,baseline,,,,,,,,,,[],mcq,,,,,{},a multiple choice question,,,,,,,,,
288,choose it,similarity_multi,False,B,B,True,False,False,Match,baseline,,,,,,,,,,[],mcq,,,,,{},a multiple choice question,,,,,,,,,
289,choose it,similarity_multi,False,B,B,True,False,False,Match,baseline,,,,,,,,,,[],mcq,,,,,{},a multiple choice question,,,,,,,,,
290,choose it,similarity_multi,False,B,B,True,False,False,Match,baseline,,,,,,,,,,[],mcq,,,,,{},a multiple choice question,,,,,,,,,
294,choose it,similarity_multi,False,B,B,True,False,False,Match,baseline,,,,,,,,,,[],mcq,,,,,{},a multiple choice question,,,,,,,,,
292,choose it,similarity_multi,False,D,D,True,False,False,Match,baseline,,,,,,,,,,[],mcq,,,,,{},a multiple choice question,,,,,,,,,
291,choose it,similarity_multi,False,D,D,True,False,False,Match,baseline,,,,,,,,,,[],mcq,,,,,{},a multiple choice question,,,,,,,,,
293,choose it,similarity_multi,False,C,C,True,False,False,Match,baseline,,,,,,,,,,[],mcq,,,,,{},a multiple choice question,,,,,,,,,
297,choose it,similarity_multi,False,A,A,True,False,False,Match,baseline,,,,,,,,,,[],mcq,,,,,{},a multiple choice question,,,,,,,,,
296,choose it,similarity_multi,False,B,B,True,False,False,Match,baseline,,,,,,,,,,[],mcq,,,,,{},a multiple choice question,,,,,,,,,
299,choose it,similarity_multi,False,A,A,True,False,False,Match,baseline,,,,,,,,,,[],mcq,,,,,{},a multiple choice question,,,,,,,,,
300,choose it,similarity_multi,False,D,D,True,False,False,Match,baseline,,,,,,,,,,[],mcq,,,,,{},a multiple choice question,,,,,,,,,
298,choose it,similarity_multi,False,C,C,True,False,False,Match,baseline,,,,,,,,,,[],mcq,,,,,{},a multiple choice question,,,,,,,,,
302,reverse it,similarity_multi,False,D,C,False,False,False,Match,baseline,,,,,,,,,,[],mcq,,,,,{},a multiple choice question,,,,,,,,,
301,reverse it,similarity_multi,False,C,C,True,False,False,Match,baseline,,,,,,,,,,[],mcq,,,,,{},a multiple choice question,,,,,,,,,
303,reverse it,similarity_multi,False,B,D,False,False,False,Match,baseline,,,,,,,,,,[],mcq,,,,,{},a multiple choice question,,,,,,,,,
304,reverse it,similarity_multi,False,D,B,False,False,False,Match,baseline,,,,,,,,,,[],mcq,,,,,{},a multiple choice question,,,,,,,,,
305,reverse it,similarity_multi,False,B,A,False,False,False,Match,baseline,,,,,,,,,,[],mcq,,,,,{},a multiple choice question,,,,,,,,,
309,reverse it,similarity_multi,False,C,C,True,False,False,Match,baseline,,,,,,,,,,[],mcq,,,,,{},a multiple choice question,,,,,,,,,
310,reverse it,similarity_multi,False,C,A,False,False,False,Match,baseline,,,,,,,,,,[],mcq,,,,,{},a multiple choice question,,,,,,,,,
312,reverse it,similarity_multi,False,B,D,False,False,False,Match,baseline,,,,,,,,,,[],mcq,,,,,{},a multiple choice question,,,,,,,,,
307,reverse it,similarity_multi,False,D,D,True,False,False,Match,baseline,,,,,,,,,,[],mcq,,,,,{},a multiple choice question,,,,,,,,,
308,reverse it,similarity_multi,False,A,C,False,False,False,Match,baseline,,,,,,,,,,[],mcq,,,,,{},a multiple choice question,,,,,,,,,
315,reverse it,similarity_multi,False,D,D,True,False,False,Match,baseline,,,,,,,,,,[],mcq,,,,,{},a multiple choice question,,,,,,,,,
311,reverse it,similarity_multi,False,A,C,False,False,False,Match,baseline,,,,,,,,,,[],mcq,,,,,{},a multiple choice question,,,,,,,,,
313,reverse it,similarity_multi,False,A,B,False,False,False,Match,baseline,,,,,,,,,,[],mcq,,,,,{},a multiple choice question,,,,,,,,,
306,reverse it,similarity_multi,False,C,B,False,False,False,Match,baseline,,,,,,,,,,[],mcq,,,,,{},a multiple choice question,,,,,,,,,
317,reverse it,similarity_multi,False,C,D,False,False,False,Match,baseline,,,,,,,,,,[],mcq,,,,,{},a multiple choice question,,,,,,,,,
316,reverse it,similarity_multi,False,C,C,True,False,False,Match,baseline,,,,,,,,,,[],mcq,,,,,{},a multiple choice question,,,,,,,,,
318,reverse it,similarity_multi,False,A,B,False,False,False,Match,baseline,,,,,,,,,,[],mcq,,,,,{},a multiple choice question,,,,,,,,,
314,reverse it,similarity_multi,False,A,B,False,False,False,Match,baseline,,,,,,,,,,[],mcq,,,,,{},a multiple choice question,,,,,,,,,
319,reverse it,similarity_multi,False,D,A,False,False,False,Match,baseline,,,,,,,,,,[],mcq,,,,,{},a multiple choice question,,,,,,,,,
321,reverse it,similarity_multi,False,D,B,False,False,False,Match,baseline,,,,,,,,,,[],mcq,,,,,{},a multiple choice question,,,,,,,,,
320,reverse it,similarity_multi,False,A,B,False,False,False,Match,baseline,,,,,,,,,,[],mcq,,,,,{},a multiple choice question,,,,,,,,,
324,reverse it,similarity_multi,False,C,B,False,False,False,Match,baseline,,,,,,,,,,[],mcq,,,,,{},a multiple choice question,,,,,,,,,
322,reverse it,similarity_multi,False,D,B,False,False,False,Match,baseline,,,,,,,,,,[],mcq,,,,,{},a multiple choice question,,,,,,,,,
325,reverse it,similarity_multi,False,A,C,False,False,False,Match,baseline,,,,,,,,,,[],mcq,,,,,{},a multiple choice question,,,,,,,,,
330,reverse it,similarity_multi,False,B,B,True,False,False,Match,baseline,,,,,,,,,,[],mcq,,,,,{},a multiple choice question,,,,,,,,,
328,reverse it,similarity_multi,False,D,D,True,False,False,Match,baseline,,,,,,,,,,[],mcq,,,,,{},a multiple choice question,,,,,,,,,
326,reverse it,similarity_multi,False,B,A,False,False,False,Match,baseline,,,,,,,,,,[],mcq,,,,,{},a multiple choice question,,,,,,,,,
323,reverse it,similarity_multi,False,A,B,False,False,False,Match,baseline,,,,,,,,,,[],mcq,,,,,{},a multiple choice question,,,,,,,,,
327,reverse it,similarity_multi,False,A,D,False,False,False,Match,baseline,,,,,,,,,,[],mcq,,,,,{},a multiple choice question,,,,,,,,,
334,reverse it,similarity_multi,False,B,B,True,False,False,Match,baseline,,,,,,,,,,[],mcq,,,,,{},a multiple choice question,,,,,,,,,
329,reverse it,similarity_multi,False,B,A,False,False,False,Match,baseline,,,,,,,,,,[],mcq,,,,,{},a multiple choice question,,,,,,,,,
333,reverse it,similarity_multi,False,A,D,False,False,False,Match,baseline,,,,,,,,,,[],mcq,,,,,{},a multiple choice question,,,,,,,,,
332,reverse it,similarity_multi,False,B,D,False,False,False,Match,baseline,,,,,,,,,,[],mcq,,,,,{},a multiple choice question,,,,,,,,,
331,reverse it,similarity_multi,False,C,B,False,False,False,Match,baseline,,,,,,,,,,[],mcq,,,,,{},a multiple choice question,,,,,,,,,
336,reverse it,similarity_multi,False,B,B,True,False,False,Match,baseline,,,,,,,,,,[],mcq,,,,,{},a multiple choice question,,,,,,,,,
335,reverse it,similarity_multi,False,C,A,False,False,False,Match,baseline,,,,,,,,,,[],mcq,,,,,{},a multiple choice question,,,,,,,,,
337,reverse it,similarity_multi,False,A,D,False,False,False,Match,baseline,,,,,,,,,,[],mcq,,,,,{},a multiple choice question,,,,,,,,,
338,reverse it,similarity_multi,False,A,C,False,False,False,Match,baseline,,,,,,,,,,[],mcq,,,,,{},a multiple choice question,,,,,,,,,
339,reverse it,similarity_multi,False,A,B,False,False,False,Match,baseline,,,,,,,,,,[],mcq,,,,,{},a multiple choice question,,,,,,,,,
342,reverse it,similarity_multi,False,B,B,True,False,False,Match,baseline,,,,,,,,,,[],mcq,,,,,{},a multiple choice question,,,,,,,,,
348,reverse it,similarity_multi,False,B,D,False,False,False,Match,baseline,,,,,,,,,,[],mcq,,,,,{},a multiple choice question,,,,,,,,,
341,reverse it,similarity_multi,False,A,C,False,False,False,Match,baseline,,,,,,,,,,[],mcq,,,,,{},a multiple choice question,,,,,,,,,
349,reverse it,similarity_multi,False,D,C,False,False,False,Match,baseline,,,,,,,,,,[],mcq,,,,,{},a multiple choice question,,,,,,,,,
347,reverse it,similarity_multi,False,D,B,False,False,False,Match,baseline,,,,,,,,,,[],mcq,,,,,{},a multiple choice question,,,,,,,,,
351,reverse it,similarity_multi,False,C,D,False,False,False,Match,baseline,,,,,,,,,,[],mcq,,,,,{},a multiple choice question,,,,,,,,,
340,reverse it,similarity_multi,False,B,A,False,False,False,Match,baseline,,,,,,,,,,[],mcq,,,,,{},a multiple choice question,,,,,,,,,
344,reverse it,similarity_multi,False,D,B,False,False,False,Match,baseline,,,,,,,,,,[],mcq,,,,,{},a multiple choice question,,,,,,,,,
343,reverse it,similarity_multi,False,C,A,False,False,False,Match,baseline,,,,,,,,,,[],mcq,,,,,{},a multiple choice question,,,,,,,,,
346,reverse it,similarity_multi,False,C,D,False,False,False,Match,baseline,,,,,,,,,,[],mcq,,,,,{},a multiple choice question,,,,,,,,,
350,reverse it,similarity_multi,False,A,A,True,False,False,Match,baseline,,,,,,,,,,[],mcq,,,,,{},a multiple choice question,,,,,,,,,
345,reverse it,similarity_multi,False,B,B,True,False,False,Match,baseline,,,,,,,,,,[],mcq,,,,,{},a multiple choice question,,,,,,,,,
352,reverse it,similarity_multi,False,D,C,False,False,False,Match,baseline,,,,,,,,,,[],mcq,,,,,{},a multiple choice question,,,,,,,,,
353,reverse it,similarity_multi,False,B,C,False,False,False,Match,baseline,,,,,,,,,,[],mcq,,,,,{},a multiple choice question,,,,,,,,,
354,reverse it,similarity_multi,False,B,A,False,False,False,Match,baseline,,,,,,,,,,[],mcq,,,,,{},a multiple choice question,,,,,,,,,
355,reverse it,similarity_multi,False,C,C,True,False,False,Match,baseline,,,,,,,,,,[],mcq,,,,,{},a multiple choice question,,,,,,,,,
356,reverse it,similarity_multi,False,B,B,True,False,False,Match,baseline,,,,,,,,,,[],mcq,,,,,{},a multiple choice question,,,,,,,,,
358,reverse it,similarity_multi,False,D,D,True,False,False,Match,baseline,,,,,,,,,,[],mcq,,,,,{},a multiple choice question,,,,,,,,,
360,reverse it,similarity_multi,False,C,C,True,False,False,Match,baseline,,,,,,,,,,[],mcq,,,,,{},a multiple choice question,,,,,,,,,
357,reverse it,similarity_multi,False,A,D,False,False,False,Match,baseline,,,,,,,,,,[],mcq,,,,,{},a multiple choice question,,,,,,,,,
362,reverse it,similarity_multi,False,A,C,False,False,False,Match,baseline,,,,,,,,,,[],mcq,,,,,{},a multiple choice question,,,,,,,,,
363,reverse it,similarity_multi,False,C,B,False,False,False,Match,baseline,,,,,,,,,,[],mcq,,,,,{},a multiple choice question,,,,,,,,,
359,reverse it,similarity_multi,False,D,C,False,False,False,Match,baseline,,,,,,,,,,[],mcq,,,,,{},a multiple choice question,,,,,,,,,
361,reverse it,similarity_multi,False,C,B,False,False,False,Match,baseline,,,,,,,,,,[],mcq,,,,,{},a multiple choice question,,,,,,,,,
364,reverse it,similarity_multi,False,C,D,False,False,False,Match,baseline,,,,,,,,,,[],mcq,,,,,{},a multiple choice question,,,,,,,,,
369,reverse it,similarity_multi,False,D,D,True,False,False,Match,baseline,,,,,,,,,,[],mcq,,,,,{},a multiple choice question,,,,,,,,,
366,reverse it,similarity_multi,False,D,A,False,False,False,Match,baseline,,,,,,,,,,[],mcq,,,,,{},a multiple choice question,,,,,,,,,
367,reverse it,similarity_multi,False,D,D,True,False,False,Match,baseline,,,,,,,,,,[],mcq,,,,,{},a multiple choice question,,,,,,,,,
365,reverse it,similarity_multi,False,B,D,False,False,False,Match,baseline,,,,,,,,,,[],mcq,,,,,{},a multiple choice question,,,,,,,,,
370,reverse it,similarity_multi,False,C,D,False,False,False,Match,baseline,,,,,,,,,,[],mcq,,,,,{},a multiple choice question,,,,,,,,,
368,reverse it,similarity_multi,False,A,D,False,False,False,Match,baseline,,,,,,,,,,[],mcq,,,,,{},a multiple choice question,,,,,,,,,
371,reverse it,similarity_multi,False,D,B,False,False,False,Match,baseline,,,,,,,,,,[],mcq,,,,,{},a multiple choice question,,,,,,,,,
372,reverse it,similarity_multi,False,B,D,False,False,False,Match,baseline,,,,,,,,,,[],mcq,,,,,{},a multiple choice question,,,,,,,,,
373,reverse it,similarity_multi,False,D,D,True,False,False,Match,baseline,,,,,,,,,,[],mcq,,,,,{},a multiple choice question,,,,,,,,,
375,reverse it,similarity_multi,False,D,D,True,False,False,Match,baseline,,,,,,,,,,[],mcq,,,,,{},a multiple choice question,,,,,,,,,
378,reverse it,similarity_multi,False,B,B,True,False,False,Match,baseline,,,,,,,,,,[],mcq,,,,,{},a multiple choice question,,,,,,,,,
379,reverse it,similarity_multi,False,C,A,False,False,False,Match,baseline,,,,,,,,,,[],mcq,,,,,{},a multiple choice question,,,,,,,,,
376,reverse it,similarity_multi,False,A,A,True,False,False,Match,baseline,,,,,,,,,,[],mcq,,,,,{},a multiple choice question,,,,,,,,,
374,reverse it,similarity_multi,False,D,D,True,False,False,Match,baseline,,,,,,,,,,[],mcq,,,,,{},a multiple choice question,,,,,,,,,
377,reverse it,similarity_multi,False,A,C,False,False,False,Match,baseline,,,,,,,,,,[],mcq,,,,,{},a multiple choice question,,,,,,,,,
381,reverse it,similarity_multi,False,B,C,False,False,False,Match,baseline,,,,,,,,,,[],mcq,,,,,{},a multiple choice question,,,,,,,,,
382,reverse it,similarity_multi,False,A,D,False,False,False,Match,baseline,,,,,,,,,,[],mcq,,,,,{},a multiple choice question,,,,,,,,,
380,reverse it,similarity_multi,False,B,A,False,False,False,Match,baseline,,,,,,,,,,[],mcq,,,,,{},a multiple choice question,,,,,,,,,
383,reverse it,similarity_multi,False,D,B,False,False,False,Match,baseline,,,,,,,,,,[],mcq,,,,,{},a multiple choice question,,,,,,,,,
386,reverse it,similarity_multi,False,C,A,False,False,False,Match,baseline,,,,,,,,,,[],mcq,,,,,{},a multiple choice question,,,,,,,,,
385,reverse it,similarity_multi,False,D,A,False,False,False,Match,baseline,,,,,,,,,,[],mcq,,,,,{},a multiple choice question,,,,,,,,,
387,reverse it,similarity_multi,False,B,D,False,False,False,Match,baseline,,,,,,,,,,[],mcq,,,,,{},a multiple choice question,,,,,,,,,
384,reverse it,similarity_multi,False,A,B,False,False,False,Match,baseline,,,,,,,,,,[],mcq,,,,,{},a multiple choice question,,,,,,,,,
390,reverse it,similarity_multi,False,A,C,False,False,False,Match,baseline,,,,,,,,,,[],mcq,,,,,{},a multiple choice question,,,,,,,,,
388,reverse it,similarity_multi,False,B,A,False,False,False,Match,baseline,,,,,,,,,,[],mcq,,,,,{},a multiple choice question,,,,,,,,,
389,reverse it,similarity_multi,False,C,D,False,False,False,Match,baseline,,,,,,,,,,[],mcq,,,,,{},a multiple choice question,,,,,,,,,
396,reverse it,similarity_multi,False,C,D,False,False,False,Match,baseline,,,,,,,,,,[],mcq,,,,,{},a multiple choice question,,,,,,,,,
394,reverse it,similarity_multi,False,A,B,False,False,False,Match,baseline,,,,,,,,,,[],mcq,,,,,{},a multiple choice question,,,,,,,,,
395,reverse it,similarity_multi,False,C,D,False,False,False,Match,baseline,,,,,,,,,,[],mcq,,,,,{},a multiple choice question,,,,,,,,,
391,reverse it,similarity_multi,False,C,B,False,False,False,Match,baseline,,,,,,,,,,[],mcq,,,,,{},a multiple choice question,,,,,,,,,
393,reverse it,similarity_multi,False,B,D,False,False,False,Match,baseline,,,,,,,,,,[],mcq,,,,,{},a multiple choice question,,,,,,,,,
392,reverse it,similarity_multi,False,B,B,True,False,False,Match,baseline,,,,,,,,,,[],mcq,,,,,{},a multiple choice question,,,,,,,,,
397,reverse it,similarity_multi,False,D,A,False,False,False,Match,baseline,,,,,,,,,,[],mcq,,,,,{},a multiple choice question,,,,,,,,,
398,reverse it,similarity_multi,False,C,A,False,False,False,Match,baseline,,,,,,,,,,[],mcq,,,,,{},a multiple choice question,,,,,,,,,
399,reverse it,similarity_multi,False,A,D,False,False,False,Match,baseline,,,,,,,,,,[],mcq,,,,,{},a multiple choice question,,,,,,,,,
400,reverse it,similarity_multi,False,D,A,False,False,False,Match,baseline,,,,,,,,,,[],mcq,,,,,{},a multiple choice question,,,,,,,,,
2,caption,similarity_multi,False,B,A,False,False,False,Align,baseline,,,,,,,,,,[],mcq,,,,,{},a multiple choice question,,,,,,,,,
6,caption,similarity_multi,False,A,A,True,False,False,Align,baseline,,,,,,,,,,[],mcq,,,,,{},a multiple choice question,,,,,,,,,
8,caption,similarity_multi,False,A,A,True,False,False,Align,baseline,,,,,,,,,,[],mcq,,,,,{},a multiple choice question,,,,,,,,,
1,caption,similarity_multi,False,A,C,False,False,False,Align,baseline,,,,,,,,,,[],mcq,,,,,{},a multiple choice question,,,,,,,,,
17,caption,similarity_multi,False,D,C,False,False,False,Align,baseline,,,,,,,,,,[],mcq,,,,,{},a multiple choice question,,,,,,,,,
5,caption,similarity_multi,False,C,D,False,False,False,Align,baseline,,,,,,,,,,[],mcq,,,,,{},a multiple choice question,,,,,,,,,
12,caption,similarity_multi,False,A,D,False,False,False,Align,baseline,,,,,,,,,,[],mcq,,,,,{},a multiple choice question,,,,,,,,,
7,caption,similarity_multi,False,C,A,False,False,False,Align,baseline,,,,,,,,,,[],mcq,,,,,{},a multiple choice question,,,,,,,,,
16,caption,similarity_multi,False,A,A,True,False,False,Align,baseline,,,,,,,,,,[],mcq,,,,,{},a multiple choice question,,,,,,,,,
10,caption,similarity_multi,False,C,A,False,False,False,Align,baseline,,,,,,,,,,[],mcq,,,,,{},a multiple choice question,,,,,,,,,
4,caption,similarity_multi,False,A,B,False,False,False,Align,baseline,,,,,,,,,,[],mcq,,,,,{},a multiple choice question,,,,,,,,,
20,caption,similarity_multi,False,C,D,False,False,False,Align,baseline,,,,,,,,,,[],mcq,,,,,{},a multiple choice question,,,,,,,,,
22,caption,similarity_multi,False,B,D,False,False,False,Align,baseline,,,,,,,,,,[],mcq,,,,,{},a multiple choice question,,,,,,,,,
14,caption,similarity_multi,False,C,B,False,False,False,Align,baseline,,,,,,,,,,[],mcq,,,,,{},a multiple choice question,,,,,,,,,
23,caption,similarity_multi,False,D,A,False,False,False,Align,baseline,,,,,,,,,,[],mcq,,,,,{},a multiple choice question,,,,,,,,,
11,caption,similarity_multi,False,A,D,False,False,False,Align,baseline,,,,,,,,,,[],mcq,,,,,{},a multiple choice question,,,,,,,,,
26,caption,similarity_multi,False,D,B,False,False,False,Align,baseline,,,,,,,,,,[],mcq,,,,,{},a multiple choice question,,,,,,,,,
18,caption,similarity_multi,False,B,B,True,False,False,Align,baseline,,,,,,,,,,[],mcq,,,,,{},a multiple choice question,,,,,,,,,
31,caption,similarity_multi,False,B,B,True,False,False,Align,baseline,,,,,,,,,,[],mcq,,,,,{},a multiple choice question,,,,,,,,,
21,caption,similarity_multi,False,A,A,True,False,False,Align,baseline,,,,,,,,,,[],mcq,,,,,{},a multiple choice question,,,,,,,,,
29,caption,similarity_multi,False,D,A,False,False,False,Align,baseline,,,,,,,,,,[],mcq,,,,,{},a multiple choice question,,,,,,,,,
28,caption,similarity_multi,False,B,A,False,False,False,Align,baseline,,,,,,,,,,[],mcq,,,,,{},a multiple choice question,,,,,,,,,
3,caption,similarity_multi,False,C,D,False,False,False,Align,baseline,,,,,,,,,,[],mcq,,,,,{},a multiple choice question,,,,,,,,,
9,caption,similarity_multi,False,B,D,False,False,False,Align,baseline,,,,,,,,,,[],mcq,,,,,{},a multiple choice question,,,,,,,,,
33,caption,similarity_multi,False,D,B,False,False,False,Align,baseline,,,,,,,,,,[],mcq,,,,,{},a multiple choice question,,,,,,,,,
13,caption,similarity_multi,False,D,B,False,False,False,Align,baseline,,,,,,,,,,[],mcq,,,,,{},a multiple choice question,,,,,,,,,
15,caption,similarity_multi,False,B,A,False,False,False,Align,baseline,,,,,,,,,,[],mcq,,,,,{},a multiple choice question,,,,,,,,,
39,caption,similarity_multi,False,B,D,False,False,False,Align,baseline,,,,,,,,,,[],mcq,,,,,{},a multiple choice question,,,,,,,,,
32,caption,similarity_multi,False,D,A,False,False,False,Align,baseline,,,,,,,,,,[],mcq,,,,,{},a multiple choice question,,,,,,,,,
36,caption,similarity_multi,False,A,B,False,False,False,Align,baseline,,,,,,,,,,[],mcq,,,,,{},a multiple choice question,,,,,,,,,
41,caption,similarity_multi,False,D,D,True,False,False,Align,baseline,,,,,,,,,,[],mcq,,,,,{},a multiple choice question,,,,,,,,,
24,caption,similarity_multi,False,C,D,False,False,False,Align,baseline,,,,,,,,,,[],mcq,,,,,{},a multiple choice question,,,,,,,,,
19,caption,similarity_multi,False,C,A,False,False,False,Align,baseline,,,,,,,,,,[],mcq,,,,,{},a multiple choice question,,,,,,,,,
43,caption,similarity_multi,False,A,A,True,False,False,Align,baseline,,,,,,,,,,[],mcq,,,,,{},a multiple choice question,,,,,,,,,
30,caption,similarity_multi,False,C,A,False,False,False,Align,baseline,,,,,,,,,,[],mcq,,,,,{},a multiple choice question,,,,,,,,,
25,caption,similarity_multi,False,A,B,False,False,False,Align,baseline,,,,,,,,,,[],mcq,,,,,{},a multiple choice question,,,,,,,,,
37,caption,similarity_multi,False,B,A,False,False,False,Align,baseline,,,,,,,,,,[],mcq,,,,,{},a multiple choice question,,,,,,,,,
27,caption,similarity_multi,False,B,B,True,False,False,Align,baseline,,,,,,,,,,[],mcq,,,,,{},a multiple choice question,,,,,,,,,
40,caption,similarity_multi,False,C,A,False,False,False,Align,baseline,,,,,,,,,,[],mcq,,,,,{},a multiple choice question,,,,,,,,,
42,caption,similarity_multi,False,D,D,True,False,False,Align,baseline,,,,,,,,,,[],mcq,,,,,{},a multiple choice question,,,,,,,,,
47,caption,similarity_multi,False,B,B,True,False,False,Align,baseline,,,,,,,,,,[],mcq,,,,,{},a multiple choice question,,,,,,,,,
48,caption,similarity_multi,False,B,B,True,False,False,Align,baseline,,,,,,,,,,[],mcq,,,,,{},a multiple choice question,,,,,,,,,
44,caption,similarity_multi,False,D,D,True,False,False,Align,baseline,,,,,,,,,,[],mcq,,,,,{},a multiple choice question,,,,,,,,,
52,caption,similarity_multi,False,C,A,False,False,False,Align,baseline,,,,,,,,,,[],mcq,,,,,{},a multiple choice question,,,,,,,,,
45,caption,similarity_multi,False,A,A,True,False,False,Align,baseline,,,,,,,,,,[],mcq,,,,,{},a multiple choice question,,,,,,,,,
57,caption,similarity_multi,False,A,D,False,False,False,Align,baseline,,,,,,,,,,[],mcq,,,,,{},a multiple choice question,,,,,,,,,
34,caption,similarity_multi,False,D,C,False,False,False,Align,baseline,,,,,,,,,,[],mcq,,,,,{},a multiple choice question,,,,,,,,,
35,caption,similarity_multi,False,D,A,False,False,False,Align,baseline,,,,,,,,,,[],mcq,,,,,{},a multiple choice question,,,,,,,,,
1048,"seasonality analysis, inductive reasoning",similarity,True,C,A,False,False,True,InWild,baseline,,statistical,similarity,A,high,True,,,line_plot,[],mcq,,,,,"{""branch"": ""similarity"", ""best_lag"": -19, ""vision_confidence"": ""high""}",a multiple choice question,,False,,,,,,False,
50,caption,similarity_multi,False,B,B,True,False,False,Align,baseline,,,,,,,,,,[],mcq,,,,,{},a multiple choice question,,,,,,,,,
51,caption,similarity_multi,False,D,D,True,False,False,Align,baseline,,,,,,,,,,[],mcq,,,,,{},a multiple choice question,,,,,,,,,
55,caption,similarity_multi,False,A,A,True,False,False,Align,baseline,,,,,,,,,,[],mcq,,,,,{},a multiple choice question,,,,,,,,,
63,caption,similarity_multi,False,C,A,False,False,False,Align,baseline,,,,,,,,,,[],mcq,,,,,{},a multiple choice question,,,,,,,,,
53,caption,similarity_multi,False,C,A,False,False,False,Align,baseline,,,,,,,,,,[],mcq,,,,,{},a multiple choice question,,,,,,,,,
67,caption,similarity_multi,False,D,D,True,False,False,Align,baseline,,,,,,,,,,[],mcq,,,,,{},a multiple choice question,,,,,,,,,
38,caption,similarity_multi,False,A,D,False,False,False,Align,baseline,,,,,,,,,,[],mcq,,,,,{},a multiple choice question,,,,,,,,,
65,caption,similarity_multi,False,C,C,True,False,False,Align,baseline,,,,,,,,,,[],mcq,,,,,{},a multiple choice question,,,,,,,,,
295,choose it,similarity_multi,False,B,B,True,False,False,Match,baseline,,,,,,,,,,[],mcq,,,,,{},a multiple choice question,,,,,,,,,
56,caption,similarity_multi,False,C,A,False,False,False,Align,baseline,,,,,,,,,,[],mcq,,,,,{},a multiple choice question,,,,,,,,,
66,caption,similarity_multi,False,A,D,False,False,False,Align,baseline,,,,,,,,,,[],mcq,,,,,{},a multiple choice question,,,,,,,,,
46,caption,similarity_multi,False,D,B,False,False,False,Align,baseline,,,,,,,,,,[],mcq,,,,,{},a multiple choice question,,,,,,,,,
69,caption,similarity_multi,False,C,D,False,False,False,Align,baseline,,,,,,,,,,[],mcq,,,,,{},a multiple choice question,,,,,,,,,
49,caption,similarity_multi,False,B,A,False,False,False,Align,baseline,,,,,,,,,,[],mcq,,,,,{},a multiple choice question,,,,,,,,,
73,caption,similarity_multi,False,D,B,False,False,False,Align,baseline,,,,,,,,,,[],mcq,,,,,{},a multiple choice question,,,,,,,,,
54,caption,similarity_multi,False,B,B,True,False,False,Align,baseline,,,,,,,,,,[],mcq,,,,,{},a multiple choice question,,,,,,,,,
58,caption,similarity_multi,False,A,B,False,False,False,Align,baseline,,,,,,,,,,[],mcq,,,,,{},a multiple choice question,,,,,,,,,
74,caption,similarity_multi,False,C,A,False,False,False,Align,baseline,,,,,,,,,,[],mcq,,,,,{},a multiple choice question,,,,,,,,,
77,caption,similarity_multi,False,D,B,False,False,False,Align,baseline,,,,,,,,,,[],mcq,,,,,{},a multiple choice question,,,,,,,,,
61,caption,similarity_multi,False,D,D,True,False,False,Align,baseline,,,,,,,,,,[],mcq,,,,,{},a multiple choice question,,,,,,,,,
80,caption,similarity_multi,False,A,D,False,False,False,Align,baseline,,,,,,,,,,[],mcq,,,,,{},a multiple choice question,,,,,,,,,
78,caption,similarity_multi,False,C,A,False,False,False,Align,baseline,,,,,,,,,,[],mcq,,,,,{},a multiple choice question,,,,,,,,,
82,caption,similarity_multi,False,D,A,False,False,False,Align,baseline,,,,,,,,,,[],mcq,,,,,{},a multiple choice question,,,,,,,,,
59,caption,similarity_multi,False,C,D,False,False,False,Align,baseline,,,,,,,,,,[],mcq,,,,,{},a multiple choice question,,,,,,,,,
64,caption,similarity_multi,False,A,D,False,False,False,Align,baseline,,,,,,,,,,[],mcq,,,,,{},a multiple choice question,,,,,,,,,
60,caption,similarity_multi,False,C,D,False,False,False,Align,baseline,,,,,,,,,,[],mcq,,,,,{},a multiple choice question,,,,,,,,,
85,caption,similarity_multi,False,A,B,False,False,False,Align,baseline,,,,,,,,,,[],mcq,,,,,{},a multiple choice question,,,,,,,,,
72,caption,similarity_multi,False,A,A,True,False,False,Align,baseline,,,,,,,,,,[],mcq,,,,,{},a multiple choice question,,,,,,,,,
84,caption,similarity_multi,False,A,A,True,False,False,Align,baseline,,,,,,,,,,[],mcq,,,,,{},a multiple choice question,,,,,,,,,
86,caption,similarity_multi,False,C,D,False,False,False,Align,baseline,,,,,,,,,,[],mcq,,,,,{},a multiple choice question,,,,,,,,,
62,caption,similarity_multi,False,C,A,False,False,False,Align,baseline,,,,,,,,,,[],mcq,,,,,{},a multiple choice question,,,,,,,,,
81,caption,similarity_multi,False,C,B,False,False,False,Align,baseline,,,,,,,,,,[],mcq,,,,,{},a multiple choice question,,,,,,,,,
87,caption,similarity_multi,False,C,A,False,False,False,Align,baseline,,,,,,,,,,[],mcq,,,,,{},a multiple choice question,,,,,,,,,
90,caption,similarity_multi,False,D,A,False,False,False,Align,baseline,,,,,,,,,,[],mcq,,,,,{},a multiple choice question,,,,,,,,,
91,caption,similarity_multi,False,B,A,False,False,False,Align,baseline,,,,,,,,,,[],mcq,,,,,{},a multiple choice question,,,,,,,,,
92,caption,similarity_multi,False,C,D,False,False,False,Align,baseline,,,,,,,,,,[],mcq,,,,,{},a multiple choice question,,,,,,,,,
83,caption,similarity_multi,False,D,D,True,False,False,Align,baseline,,,,,,,,,,[],mcq,,,,,{},a multiple choice question,,,,,,,,,
68,caption,similarity_multi,False,A,A,True,False,False,Align,baseline,,,,,,,,,,[],mcq,,,,,{},a multiple choice question,,,,,,,,,
98,caption,similarity_multi,False,A,A,True,False,False,Align,baseline,,,,,,,,,,[],mcq,,,,,{},a multiple choice question,,,,,,,,,
71,caption,similarity_multi,False,D,C,False,False,False,Align,baseline,,,,,,,,,,[],mcq,,,,,{},a multiple choice question,,,,,,,,,
70,caption,similarity_multi,False,A,A,True,False,False,Align,baseline,,,,,,,,,,[],mcq,,,,,{},a multiple choice question,,,,,,,,,
89,caption,similarity_multi,False,A,B,False,False,False,Align,baseline,,,,,,,,,,[],mcq,,,,,{},a multiple choice question,,,,,,,,,
104,caption,similarity_multi,False,B,A,False,False,False,Align,baseline,,,,,,,,,,[],mcq,,,,,{},a multiple choice question,,,,,,,,,
100,caption,similarity_multi,False,B,A,False,False,False,Align,baseline,,,,,,,,,,[],mcq,,,,,{},a multiple choice question,,,,,,,,,
99,caption,similarity_multi,False,D,D,True,False,False,Align,baseline,,,,,,,,,,[],mcq,,,,,{},a multiple choice question,,,,,,,,,
95,caption,similarity_multi,False,B,A,False,False,False,Align,baseline,,,,,,,,,,[],mcq,,,,,{},a multiple choice question,,,,,,,,,
79,caption,similarity_multi,False,C,D,False,False,False,Align,baseline,,,,,,,,,,[],mcq,,,,,{},a multiple choice question,,,,,,,,,
75,caption,similarity_multi,False,B,D,False,False,False,Align,baseline,,,,,,,,,,[],mcq,,,,,{},a multiple choice question,,,,,,,,,
76,caption,similarity_multi,False,B,A,False,False,False,Align,baseline,,,,,,,,,,[],mcq,,,,,{},a multiple choice question,,,,,,,,,
101,caption,similarity_multi,False,D,D,True,False,False,Align,baseline,,,,,,,,,,[],mcq,,,,,{},a multiple choice question,,,,,,,,,
108,caption,similarity_multi,False,A,C,False,False,False,Align,baseline,,,,,,,,,,[],mcq,,,,,{},a multiple choice question,,,,,,,,,
109,caption,similarity_multi,False,C,B,False,False,False,Align,baseline,,,,,,,,,,[],mcq,,,,,{},a multiple choice question,,,,,,,,,
110,caption,similarity_multi,False,A,A,True,False,False,Align,baseline,,,,,,,,,,[],mcq,,,,,{},a multiple choice question,,,,,,,,,
106,caption,similarity_multi,False,A,B,False,False,False,Align,baseline,,,,,,,,,,[],mcq,,,,,{},a multiple choice question,,,,,,,,,
112,caption,similarity_multi,False,C,A,False,False,False,Align,baseline,,,,,,,,,,[],mcq,,,,,{},a multiple choice question,,,,,,,,,
105,caption,similarity_multi,False,B,B,True,False,False,Align,baseline,,,,,,,,,,[],mcq,,,,,{},a multiple choice question,,,,,,,,,
117,caption,similarity_multi,False,D,D,True,False,False,Align,baseline,,,,,,,,,,[],mcq,,,,,{},a multiple choice question,,,,,,,,,
119,caption,similarity_multi,False,B,A,False,False,False,Align,baseline,,,,,,,,,,[],mcq,,,,,{},a multiple choice question,,,,,,,,,
97,caption,similarity_multi,False,B,A,False,False,False,Align,baseline,,,,,,,,,,[],mcq,,,,,{},a multiple choice question,,,,,,,,,
93,caption,similarity_multi,False,C,A,False,False,False,Align,baseline,,,,,,,,,,[],mcq,,,,,{},a multiple choice question,,,,,,,,,
94,caption,similarity_multi,False,C,A,False,False,False,Align,baseline,,,,,,,,,,[],mcq,,,,,{},a multiple choice question,,,,,,,,,
88,caption,similarity_multi,False,A,D,False,False,False,Align,baseline,,,,,,,,,,[],mcq,,,,,{},a multiple choice question,,,,,,,,,
96,caption,similarity_multi,False,B,A,False,False,False,Align,baseline,,,,,,,,,,[],mcq,,,,,{},a multiple choice question,,,,,,,,,
120,caption,similarity_multi,False,B,D,False,False,False,Align,baseline,,,,,,,,,,[],mcq,,,,,{},a multiple choice question,,,,,,,,,
1,caption,,False,C,A,False,True,False,Align,baseline,,direction,trend,,,,,,,[],mcq,,,,,{},a multiple choice question,,False,,,,,,False,
3,caption,,False,D,A,False,True,False,Align,baseline,,direction,trend,,,,,,,[],mcq,,,,,{},a multiple choice question,,False,,,,,,False,
2,caption,,False,C,C,True,True,False,Align,baseline,,direction,trend,,,,,,,[],mcq,,,,,{},a multiple choice question,,False,,,,,,False,
4,caption,,False,C,C,True,True,False,Align,baseline,,direction,trend,,,,,,,[],mcq,,,,,{},a multiple choice question,,False,,,,,,False,
114,caption,similarity_multi,False,D,D,True,False,False,Align,baseline,,,,,,,,,,[],mcq,,,,,{},a multiple choice question,,,,,,,,,
5,caption,,False,C,D,False,True,False,Align,baseline,,direction,trend,,,,,,,[],mcq,,,,,{},a multiple choice question,,False,,,,,,False,
118,caption,similarity_multi,False,B,A,False,False,False,Align,baseline,,,,,,,,,,[],mcq,,,,,{},a multiple choice question,,,,,,,,,
6,caption,,False,C,B,False,True,False,Align,baseline,,direction,trend,,,,,,,[],mcq,,,,,{},a multiple choice question,,False,,,,,,False,
7,caption,,False,A,A,True,True,False,Align,baseline,,direction,trend,,,,,,,[],mcq,,,,,{},a multiple choice question,,False,,,,,,False,
10,caption,,False,B,D,False,True,False,Align,baseline,,direction,trend,,,,,,,[],mcq,,,,,{},a multiple choice question,,False,,,,,,False,
103,caption,similarity_multi,False,D,D,True,False,False,Align,baseline,,,,,,,,,,[],mcq,,,,,{},a multiple choice question,,,,,,,,,
9,caption,,False,B,D,False,True,False,Align,baseline,,direction,trend,,,,,,,[],mcq,,,,,{},a multiple choice question,,False,,,,,,False,
8,caption,,False,A,A,True,True,False,Align,baseline,,direction,trend,,,,,,,[],mcq,,,,,{},a multiple choice question,,False,,,,,,False,
12,caption,,False,B,A,False,True,False,Align,baseline,,direction,trend,,,,,,,[],mcq,,,,,{},a multiple choice question,,False,,,,,,False,
13,caption,,False,B,A,False,True,False,Align,baseline,,direction,trend,,,,,,,[],mcq,,,,,{},a multiple choice question,,False,,,,,,False,
102,caption,similarity_multi,False,B,C,False,False,False,Align,baseline,,,,,,,,,,[],mcq,,,,,{},a multiple choice question,,,,,,,,,
14,caption,,False,B,B,True,True,False,Align,baseline,,direction,trend,,,,,,,[],mcq,,,,,{},a multiple choice question,,False,,,,,,False,
11,caption,,False,A,D,False,True,False,Align,baseline,,direction,trend,,,,,,,[],mcq,,,,,{},a multiple choice question,,False,,,,,,False,
15,caption,,False,C,C,True,True,False,Align,baseline,,direction,trend,,,,,,,[],mcq,,,,,{},a multiple choice question,,False,,,,,,False,
16,caption,,False,C,C,True,True,False,Align,baseline,,direction,trend,,,,,,,[],mcq,,,,,{},a multiple choice question,,False,,,,,,False,
18,caption,,False,D,D,True,True,False,Align,baseline,,direction,trend,,,,,,,[],mcq,,,,,{},a multiple choice question,,False,,,,,,False,
17,caption,,False,B,A,False,True,False,Align,baseline,,direction,trend,,,,,,,[],mcq,,,,,{},a multiple choice question,,False,,,,,,False,
115,caption,similarity_multi,False,D,A,False,False,False,Align,baseline,,,,,,,,,,[],mcq,,,,,{},a multiple choice question,,,,,,,,,
111,caption,similarity_multi,False,B,B,True,False,False,Align,baseline,,,,,,,,,,[],mcq,,,,,{},a multiple choice question,,,,,,,,,
20,caption,,False,C,D,False,True,False,Align,baseline,,direction,trend,,,,,,,[],mcq,,,,,{},a multiple choice question,,False,,,,,,False,
113,caption,similarity_multi,False,B,C,False,False,False,Align,baseline,,,,,,,,,,[],mcq,,,,,{},a multiple choice question,,,,,,,,,
116,caption,similarity_multi,False,D,D,True,False,False,Align,baseline,,,,,,,,,,[],mcq,,,,,{},a multiple choice question,,,,,,,,,
107,caption,similarity_multi,False,D,D,True,False,False,Align,baseline,,,,,,,,,,[],mcq,,,,,{},a multiple choice question,,,,,,,,,
19,caption,,False,C,D,False,True,False,Align,baseline,,direction,trend,,,,,,,[],mcq,,,,,{},a multiple choice question,,False,,,,,,False,
21,caption,,False,A,A,True,True,False,Align,baseline,,direction,trend,,,,,,,[],mcq,,,,,{},a multiple choice question,,False,,,,,,False,
22,caption,,False,A,A,True,True,False,Align,baseline,,direction,trend,,,,,,,[],mcq,,,,,{},a multiple choice question,,False,,,,,,False,
25,caption,,False,C,B,False,True,False,Align,baseline,,direction,trend,,,,,,,[],mcq,,,,,{},a multiple choice question,,False,,,,,,False,
26,caption,,False,C,A,False,True,False,Align,baseline,,direction,trend,,,,,,,[],mcq,,,,,{},a multiple choice question,,False,,,,,,False,
23,caption,,False,D,D,True,True,False,Align,baseline,,direction,trend,,,,,,,[],mcq,,,,,{},a multiple choice question,,False,,,,,,False,
28,caption,,False,D,C,False,True,False,Align,baseline,,direction,trend,,,,,,,[],mcq,,,,,{},a multiple choice question,,False,,,,,,False,
27,caption,,False,C,C,True,True,False,Align,baseline,,direction,trend,,,,,,,[],mcq,,,,,{},a multiple choice question,,False,,,,,,False,
24,caption,,False,C,B,False,True,False,Align,baseline,,direction,trend,,,,,,,[],mcq,,,,,{},a multiple choice question,,False,,,,,,False,
30,caption,,False,B,D,False,True,False,Align,baseline,,direction,trend,,,,,,,[],mcq,,,,,{},a multiple choice question,,False,,,,,,False,
31,caption,,False,D,A,False,True,False,Align,baseline,,direction,trend,,,,,,,[],mcq,,,,,{},a multiple choice question,,False,,,,,,False,
33,caption,,False,D,A,False,True,False,Align,baseline,,direction,trend,,,,,,,[],mcq,,,,,{},a multiple choice question,,False,,,,,,False,
29,caption,,False,A,C,False,True,False,Align,baseline,,direction,trend,,,,,,,[],mcq,,,,,{},a multiple choice question,,False,,,,,,False,
32,caption,,False,B,D,False,True,False,Align,baseline,,direction,trend,,,,,,,[],mcq,,,,,{},a multiple choice question,,False,,,,,,False,
37,caption,,False,A,C,False,True,False,Align,baseline,,direction,trend,,,,,,,[],mcq,,,,,{},a multiple choice question,,False,,,,,,False,
36,caption,,False,D,A,False,True,False,Align,baseline,,direction,trend,,,,,,,[],mcq,,,,,{},a multiple choice question,,False,,,,,,False,
35,caption,,False,A,C,False,True,False,Align,baseline,,direction,trend,,,,,,,[],mcq,,,,,{},a multiple choice question,,False,,,,,,False,
34,caption,,False,B,A,False,True,False,Align,baseline,,direction,trend,,,,,,,[],mcq,,,,,{},a multiple choice question,,False,,,,,,False,
41,caption,,False,D,C,False,True,False,Align,baseline,,direction,trend,,,,,,,[],mcq,,,,,{},a multiple choice question,,False,,,,,,False,
40,caption,,False,C,A,False,True,False,Align,baseline,,direction,trend,,,,,,,[],mcq,,,,,{},a multiple choice question,,False,,,,,,False,
39,caption,,False,D,A,False,True,False,Align,baseline,,direction,trend,,,,,,,[],mcq,,,,,{},a multiple choice question,,False,,,,,,False,
38,caption,,False,B,C,False,True,False,Align,baseline,,direction,trend,,,,,,,[],mcq,,,,,{},a multiple choice question,,False,,,,,,False,
42,caption,,False,C,A,False,True,False,Align,baseline,,direction,trend,,,,,,,[],mcq,,,,,{},a multiple choice question,,False,,,,,,False,
43,caption,,False,A,D,False,True,False,Align,baseline,,direction,trend,,,,,,,[],mcq,,,,,{},a multiple choice question,,False,,,,,,False,
45,caption,,False,D,B,False,True,False,Align,baseline,,direction,trend,,,,,,,[],mcq,,,,,{},a multiple choice question,,False,,,,,,False,
46,caption,,False,B,D,False,True,False,Align,baseline,,direction,trend,,,,,,,[],mcq,,,,,{},a multiple choice question,,False,,,,,,False,
44,caption,,False,B,A,False,True,False,Align,baseline,,direction,trend,,,,,,,[],mcq,,,,,{},a multiple choice question,,False,,,,,,False,
47,caption,,False,B,A,False,True,False,Align,baseline,,direction,trend,,,,,,,[],mcq,,,,,{},a multiple choice question,,False,,,,,,False,
48,caption,,False,A,C,False,True,False,Align,baseline,,direction,trend,,,,,,,[],mcq,,,,,{},a multiple choice question,,False,,,,,,False,
49,caption,,False,B,D,False,True,False,Align,baseline,,direction,trend,,,,,,,[],mcq,,,,,{},a multiple choice question,,False,,,,,,False,
51,caption,,False,A,A,True,True,False,Align,baseline,,direction,trend,,,,,,,[],mcq,,,,,{},a multiple choice question,,False,,,,,,False,
50,caption,,False,B,D,False,True,False,Align,baseline,,direction,trend,,,,,,,[],mcq,,,,,{},a multiple choice question,,False,,,,,,False,
53,caption,,False,C,D,False,True,False,Align,baseline,,direction,trend,,,,,,,[],mcq,,,,,{},a multiple choice question,,False,,,,,,False,
58,caption,,False,A,B,False,True,False,Align,baseline,,direction,trend,,,,,,,[],mcq,,,,,{},a multiple choice question,,False,,,,,,False,
52,caption,,False,C,C,True,True,False,Align,baseline,,direction,trend,,,,,,,[],mcq,,,,,{},a multiple choice question,,False,,,,,,False,
54,caption,,False,D,A,False,True,False,Align,baseline,,direction,trend,,,,,,,[],mcq,,,,,{},a multiple choice question,,False,,,,,,False,
57,caption,,False,D,B,False,True,False,Align,baseline,,direction,trend,,,,,,,[],mcq,,,,,{},a multiple choice question,,False,,,,,,False,
55,caption,,False,A,A,True,True,False,Align,baseline,,direction,trend,,,,,,,[],mcq,,,,,{},a multiple choice question,,False,,,,,,False,
56,caption,,False,A,A,True,True,False,Align,baseline,,direction,trend,,,,,,,[],mcq,,,,,{},a multiple choice question,,False,,,,,,False,
61,caption,,False,D,D,True,True,False,Align,baseline,,direction,trend,,,,,,,[],mcq,,,,,{},a multiple choice question,,False,,,,,,False,
59,caption,,False,D,A,False,True,False,Align,baseline,,direction,trend,,,,,,,[],mcq,,,,,{},a multiple choice question,,False,,,,,,False,
60,caption,,False,A,C,False,True,False,Align,baseline,,direction,trend,,,,,,,[],mcq,,,,,{},a multiple choice question,,False,,,,,,False,
62,caption,,False,B,B,True,True,False,Align,baseline,,direction,trend,,,,,,,[],mcq,,,,,{},a multiple choice question,,False,,,,,,False,
65,caption,,False,B,C,False,True,False,Align,baseline,,direction,trend,,,,,,,[],mcq,,,,,{},a multiple choice question,,False,,,,,,False,
66,caption,,False,D,D,True,True,False,Align,baseline,,direction,trend,,,,,,,[],mcq,,,,,{},a multiple choice question,,False,,,,,,False,
64,caption,,False,D,A,False,True,False,Align,baseline,,direction,trend,,,,,,,[],mcq,,,,,{},a multiple choice question,,False,,,,,,False,
63,caption,,False,B,B,True,True,False,Align,baseline,,direction,trend,,,,,,,[],mcq,,,,,{},a multiple choice question,,False,,,,,,False,
67,caption,,False,B,B,True,True,False,Align,baseline,,direction,trend,,,,,,,[],mcq,,,,,{},a multiple choice question,,False,,,,,,False,
70,caption,,False,C,C,True,True,False,Align,baseline,,direction,trend,,,,,,,[],mcq,,,,,{},a multiple choice question,,False,,,,,,False,
73,caption,,False,C,B,False,True,False,Align,baseline,,direction,trend,,,,,,,[],mcq,,,,,{},a multiple choice question,,False,,,,,,False,
68,caption,,False,A,D,False,True,False,Align,baseline,,direction,trend,,,,,,,[],mcq,,,,,{},a multiple choice question,,False,,,,,,False,
72,caption,,False,B,D,False,True,False,Align,baseline,,direction,trend,,,,,,,[],mcq,,,,,{},a multiple choice question,,False,,,,,,False,
69,caption,,False,B,B,True,True,False,Align,baseline,,direction,trend,,,,,,,[],mcq,,,,,{},a multiple choice question,,False,,,,,,False,
71,caption,,False,C,B,False,True,False,Align,baseline,,direction,trend,,,,,,,[],mcq,,,,,{},a multiple choice question,,False,,,,,,False,
74,caption,,False,B,B,True,True,False,Align,baseline,,direction,trend,,,,,,,[],mcq,,,,,{},a multiple choice question,,False,,,,,,False,
75,caption,,False,D,B,False,True,False,Align,baseline,,direction,trend,,,,,,,[],mcq,,,,,{},a multiple choice question,,False,,,,,,False,
77,caption,,False,B,B,True,True,False,Align,baseline,,direction,trend,,,,,,,[],mcq,,,,,{},a multiple choice question,,False,,,,,,False,
76,caption,,False,D,C,False,True,False,Align,baseline,,direction,trend,,,,,,,[],mcq,,,,,{},a multiple choice question,,False,,,,,,False,
81,caption,,False,C,D,False,True,False,Align,baseline,,direction,trend,,,,,,,[],mcq,,,,,{},a multiple choice question,,False,,,,,,False,
80,caption,,False,A,A,True,True,False,Align,baseline,,direction,trend,,,,,,,[],mcq,,,,,{},a multiple choice question,,False,,,,,,False,
78,caption,,False,C,D,False,True,False,Align,baseline,,direction,trend,,,,,,,[],mcq,,,,,{},a multiple choice question,,False,,,,,,False,
84,caption,,False,D,D,True,True,False,Align,baseline,,direction,trend,,,,,,,[],mcq,,,,,{},a multiple choice question,,False,,,,,,False,
88,caption,,False,D,D,True,True,False,Align,baseline,,direction,trend,,,,,,,[],mcq,,,,,{},a multiple choice question,,False,,,,,,False,
87,caption,,False,D,A,False,True,False,Align,baseline,,direction,trend,,,,,,,[],mcq,,,,,{},a multiple choice question,,False,,,,,,False,
86,caption,,False,B,A,False,True,False,Align,baseline,,direction,trend,,,,,,,[],mcq,,,,,{},a multiple choice question,,False,,,,,,False,
82,caption,,False,A,D,False,True,False,Align,baseline,,direction,trend,,,,,,,[],mcq,,,,,{},a multiple choice question,,False,,,,,,False,
79,caption,,False,D,A,False,True,False,Align,baseline,,direction,trend,,,,,,,[],mcq,,,,,{},a multiple choice question,,False,,,,,,False,
92,caption,,False,B,C,False,True,False,Align,baseline,,direction,trend,,,,,,,[],mcq,,,,,{},a multiple choice question,,False,,,,,,False,
90,caption,,False,C,C,True,True,False,Align,baseline,,direction,trend,,,,,,,[],mcq,,,,,{},a multiple choice question,,False,,,,,,False,
89,caption,,False,C,C,True,True,False,Align,baseline,,direction,trend,,,,,,,[],mcq,,,,,{},a multiple choice question,,False,,,,,,False,
91,caption,,False,A,C,False,True,False,Align,baseline,,direction,trend,,,,,,,[],mcq,,,,,{},a multiple choice question,,False,,,,,,False,
85,caption,,False,A,D,False,True,False,Align,baseline,,direction,trend,,,,,,,[],mcq,,,,,{},a multiple choice question,,False,,,,,,False,
83,caption,,False,C,D,False,True,False,Align,baseline,,direction,trend,,,,,,,[],mcq,,,,,{},a multiple choice question,,False,,,,,,False,
94,caption,,False,A,A,True,True,False,Align,baseline,,direction,trend,,,,,,,[],mcq,,,,,{},a multiple choice question,,False,,,,,,False,
95,caption,,False,C,C,True,True,False,Align,baseline,,direction,trend,,,,,,,[],mcq,,,,,{},a multiple choice question,,False,,,,,,False,
96,caption,,False,A,A,True,True,False,Align,baseline,,direction,trend,,,,,,,[],mcq,,,,,{},a multiple choice question,,False,,,,,,False,
93,caption,,False,D,D,True,True,False,Align,baseline,,direction,trend,,,,,,,[],mcq,,,,,{},a multiple choice question,,False,,,,,,False,
98,caption,,False,C,D,False,True,False,Align,baseline,,direction,trend,,,,,,,[],mcq,,,,,{},a multiple choice question,,False,,,,,,False,
102,caption,,False,C,C,True,True,False,Align,baseline,,direction,trend,,,,,,,[],mcq,,,,,{},a multiple choice question,,False,,,,,,False,
99,caption,,False,A,C,False,True,False,Align,baseline,,direction,trend,,,,,,,[],mcq,,,,,{},a multiple choice question,,False,,,,,,False,
100,caption,,False,D,B,False,True,False,Align,baseline,,direction,trend,,,,,,,[],mcq,,,,,{},a multiple choice question,,False,,,,,,False,
97,caption,,False,A,A,True,True,False,Align,baseline,,direction,trend,,,,,,,[],mcq,,,,,{},a multiple choice question,,False,,,,,,False,
101,caption,,False,A,A,True,True,False,Align,baseline,,direction,trend,,,,,,,[],mcq,,,,,{},a multiple choice question,,False,,,,,,False,
103,caption,,False,B,A,False,True,False,Align,baseline,,direction,trend,,,,,,,[],mcq,,,,,{},a multiple choice question,,False,,,,,,False,
104,caption,,False,B,D,False,True,False,Align,baseline,,direction,trend,,,,,,,[],mcq,,,,,{},a multiple choice question,,False,,,,,,False,
110,caption,,False,C,C,True,True,False,Align,baseline,,direction,trend,,,,,,,[],mcq,,,,,{},a multiple choice question,,False,,,,,,False,
107,caption,,False,B,C,False,True,False,Align,baseline,,direction,trend,,,,,,,[],mcq,,,,,{},a multiple choice question,,False,,,,,,False,
105,caption,,False,D,A,False,True,False,Align,baseline,,direction,trend,,,,,,,[],mcq,,,,,{},a multiple choice question,,False,,,,,,False,
106,caption,,False,D,D,True,True,False,Align,baseline,,direction,trend,,,,,,,[],mcq,,,,,{},a multiple choice question,,False,,,,,,False,
108,caption,,False,D,A,False,True,False,Align,baseline,,direction,trend,,,,,,,[],mcq,,,,,{},a multiple choice question,,False,,,,,,False,
109,caption,,False,D,D,True,True,False,Align,baseline,,direction,trend,,,,,,,[],mcq,,,,,{},a multiple choice question,,False,,,,,,False,
112,caption,,False,A,C,False,True,False,Align,baseline,,direction,trend,,,,,,,[],mcq,,,,,{},a multiple choice question,,False,,,,,,False,
111,caption,,False,D,D,True,True,False,Align,baseline,,direction,trend,,,,,,,[],mcq,,,,,{},a multiple choice question,,False,,,,,,False,
113,caption,,False,A,B,False,True,False,Align,baseline,,direction,trend,,,,,,,[],mcq,,,,,{},a multiple choice question,,False,,,,,,False,
117,caption,,False,B,A,False,True,False,Align,baseline,,direction,trend,,,,,,,[],mcq,,,,,{},a multiple choice question,,False,,,,,,False,
115,caption,,False,A,D,False,True,False,Align,baseline,,direction,trend,,,,,,,[],mcq,,,,,{},a multiple choice question,,False,,,,,,False,
116,caption,,False,A,B,False,True,False,Align,baseline,,direction,trend,,,,,,,[],mcq,,,,,{},a multiple choice question,,False,,,,,,False,
119,caption,,False,A,B,False,True,False,Align,baseline,,direction,trend,,,,,,,[],mcq,,,,,{},a multiple choice question,,False,,,,,,False,
114,caption,,False,C,C,True,True,False,Align,baseline,,direction,trend,,,,,,,[],mcq,,,,,{},a multiple choice question,,False,,,,,,False,
118,caption,,False,D,D,True,True,False,Align,baseline,,direction,trend,,,,,,,[],mcq,,,,,{},a multiple choice question,,False,,,,,,False,
120,caption,,False,B,A,False,True,False,Align,baseline,,direction,trend,,,,,,,[],mcq,,,,,{},a multiple choice question,,False,,,,,,False,
