sample_id,category,branch_used,is_dual,ground_truth,predicted,correct,used_fallback,vision_used,subset,config,error,subtype_used,initial_branch_used,vision_letter,vision_confidence,vision_triggered,vision_forced,vision_suppressed,viz_type,flags,expected_schema,predicted_value,numeric_quantity,numeric_note,rel_acc,evidence_json,qa_type,quality_score,propose_fired,propose_executed,propose_steps,propose_fallbacks,loop_used,loop_depth,refine_fired,refine_branches
4,noise analysis,llm_only,False,A,C,False,False,False,Base,llm_numeric,,,llm_only,,,,,,,[],mcq,,,,,{},a multiple choice question,,False,,,,,,False,
8,seasonality analysis,llm_only,False,A,B,False,False,False,Base,llm_numeric,,,llm_only,,,,,,,[],mcq,,,,,{},a multiple choice question,,False,,,,,,False,
2,seasonality analysis,llm_only,False,B,B,True,False,False,Base,llm_numeric,,,llm_only,,,,,,,[],mcq,,,,,{},a multiple choice question,,False,,,,,,False,
5,seasonality analysis,llm_only,False,B,B,True,False,False,Base,llm_numeric,,,llm_only,,,,,,,[],mcq,,,,,{},a multiple choice question,,False,,,,,,False,
1,trend analysis,llm_only,False,A,,False,False,False,Base,llm_numeric,,,llm_only,,,,,,,[],mcq,,,,,{},a multiple choice question,,False,,,,,,False,
3,trend analysis,llm_only,False,C,C,True,False,False,Base,llm_numeric,,,llm_only,,,,,,,[],mcq,,,,,{},a multiple choice question,,False,,,,,,False,
6,trend analysis,llm_only,False,C,C,True,False,False,Base,llm_numeric,,,llm_only,,,,,,,[],mcq,,,,,{},a multiple choice question,,False,,,,,,False,
7,noise analysis,llm_only,False,D,D,True,False,False,Base,llm_numeric,,,llm_only,,,,,,,[],mcq,,,,,{},a multiple choice question,,False,,,,,,False,
9,trend analysis,llm_only,False,B,C,False,False,False,Base,llm_numeric,,,llm_only,,,,,,,[],mcq,,,,,{},a multiple choice question,,False,,,,,,False,
10,noise analysis,llm_only,False,C,C,True,False,False,Base,llm_numeric,,,llm_only,,,,,,,[],mcq,,,,,{},a multiple choice question,,False,,,,,,False,
14,noise analysis,llm_only,False,C,D,False,False,False,Base,llm_numeric,,,llm_only,,,,,,,[],mcq,,,,,{},a multiple choice question,,False,,,,,,False,
12,seasonality analysis,llm_only,False,A,D,False,False,False,Base,llm_numeric,,,llm_only,,,,,,,[],mcq,,,,,{},a multiple choice question,,False,,,,,,False,
15,noise analysis,llm_only,False,A,D,False,False,False,Base,llm_numeric,,,llm_only,,,,,,,[],mcq,,,,,{},a multiple choice question,,False,,,,,,False,
17,seasonality analysis,llm_only,False,C,B,False,False,False,Base,llm_numeric,,,llm_only,,,,,,,[],mcq,,,,,{},a multiple choice question,,False,,,,,,False,
11,seasonality analysis,llm_only,False,D,D,True,False,False,Base,llm_numeric,,,llm_only,,,,,,,[],mcq,,,,,{},a multiple choice question,,False,,,,,,False,
13,trend analysis,llm_only,False,B,,False,False,False,Base,llm_numeric,,,llm_only,,,,,,,[],mcq,,,,,{},a multiple choice question,,False,,,,,,False,
16,seasonality analysis,llm_only,False,B,D,False,False,False,Base,llm_numeric,,,llm_only,,,,,,,[],mcq,,,,,{},a multiple choice question,,False,,,,,,False,
19,trend analysis,llm_only,False,A,,False,False,False,Base,llm_numeric,,,llm_only,,,,,,,[],mcq,,,,,{},a multiple choice question,,False,,,,,,False,
20,noise analysis,llm_only,False,B,D,False,False,False,Base,llm_numeric,,,llm_only,,,,,,,[],mcq,,,,,{},a multiple choice question,,False,,,,,,False,
21,seasonality analysis,llm_only,False,C,B,False,False,False,Base,llm_numeric,,,llm_only,,,,,,,[],mcq,,,,,{},a multiple choice question,,False,,,,,,False,
18,seasonality analysis,llm_only,False,D,D,True,False,False,Base,llm_numeric,,,llm_only,,,,,,,[],mcq,,,,,{},a multiple choice question,,False,,,,,,False,
23,seasonality analysis,llm_only,False,B,B,True,False,False,Base,llm_numeric,,,llm_only,,,,,,,[],mcq,,,,,{},a multiple choice question,,False,,,,,,False,
24,seasonality analysis,llm_only,False,C,B,False,False,False,Base,llm_numeric,,,llm_only,,,,,,,[],mcq,,,,,{},a multiple choice question,,False,,,,,,False,
25,noise analysis,llm_only,False,D,C,False,False,False,Base,llm_numeric,,,llm_only,,,,,,,[],mcq,,,,,{},a multiple choice question,,False,,,,,,False,
26,seasonality analysis,llm_only,False,A,B,False,False,False,Base,llm_numeric,,,llm_only,,,,,,,[],mcq,,,,,{},a multiple choice question,,False,,,,,,False,
27,seasonality analysis,llm_only,False,B,B,True,False,False,Base,llm_numeric,,,llm_only,,,,,,,[],mcq,,,,,{},a multiple choice question,,False,,,,,,False,
32,seasonality analysis,llm_only,False,C,B,False,False,False,Base,llm_numeric,,,llm_only,,,,,,,[],mcq,,,,,{},a multiple choice question,,False,,,,,,False,
29,noise analysis,llm_only,False,D,C,False,False,False,Base,llm_numeric,,,llm_only,,,,,,,[],mcq,,,,,{},a multiple choice question,,False,,,,,,False,
22,trend analysis,llm_only,False,A,,False,False,False,Base,llm_numeric,,,llm_only,,,,,,,[],mcq,,,,,{},a multiple choice question,,False,,,,,,False,
30,seasonality analysis,llm_only,False,A,D,False,False,False,Base,llm_numeric,,,llm_only,,,,,,,[],mcq,,,,,{},a multiple choice question,,False,,,,,,False,
28,trend analysis,llm_only,False,C,C,True,False,False,Base,llm_numeric,,,llm_only,,,,,,,[],mcq,,,,,{},a multiple choice question,,False,,,,,,False,
31,seasonality analysis,llm_only,False,B,D,False,False,False,Base,llm_numeric,,,llm_only,,,,,,,[],mcq,,,,,{},a multiple choice question,,False,,,,,,False,
35,trend analysis,llm_only,False,C,,False,False,False,Base,llm_numeric,,,llm_only,,,,,,,[],mcq,,,,,{},a multiple choice question,,False,,,,,,False,
33,trend analysis,llm_only,False,A,C,False,False,False,Base,llm_numeric,,,llm_only,,,,,,,[],mcq,,,,,{},a multiple choice question,,False,,,,,,False,
37,trend analysis,llm_only,False,B,C,False,False,False,Base,llm_numeric,,,llm_only,,,,,,,[],mcq,,,,,{},a multiple choice question,,False,,,,,,False,
36,trend analysis,llm_only,False,A,C,False,False,False,Base,llm_numeric,,,llm_only,,,,,,,[],mcq,,,,,{},a multiple choice question,,False,,,,,,False,
41,seasonality analysis,llm_only,False,B,B,True,False,False,Base,llm_numeric,,,llm_only,,,,,,,[],mcq,,,,,{},a multiple choice question,,False,,,,,,False,
40,noise analysis,llm_only,False,A,C,False,False,False,Base,llm_numeric,,,llm_only,,,,,,,[],mcq,,,,,{},a multiple choice question,,False,,,,,,False,
44,noise analysis,llm_only,False,A,C,False,False,False,Base,llm_numeric,,,llm_only,,,,,,,[],mcq,,,,,{},a multiple choice question,,False,,,,,,False,
39,seasonality analysis,llm_only,False,D,B,False,False,False,Base,llm_numeric,,,llm_only,,,,,,,[],mcq,,,,,{},a multiple choice question,,False,,,,,,False,
34,noise analysis,llm_only,False,B,D,False,False,False,Base,llm_numeric,,,llm_only,,,,,,,[],mcq,,,,,{},a multiple choice question,,False,,,,,,False,
43,seasonality analysis,llm_only,False,D,D,True,False,False,Base,llm_numeric,,,llm_only,,,,,,,[],mcq,,,,,{},a multiple choice question,,False,,,,,,False,
45,trend analysis,llm_only,False,B,C,False,False,False,Base,llm_numeric,,,llm_only,,,,,,,[],mcq,,,,,{},a multiple choice question,,False,,,,,,False,
38,trend analysis,llm_only,False,C,C,True,False,False,Base,llm_numeric,,,llm_only,,,,,,,[],mcq,,,,,{},a multiple choice question,,False,,,,,,False,
47,seasonality analysis,llm_only,False,D,B,False,False,False,Base,llm_numeric,,,llm_only,,,,,,,[],mcq,,,,,{},a multiple choice question,,False,,,,,,False,
50,seasonality analysis,llm_only,False,C,B,False,False,False,Base,llm_numeric,,,llm_only,,,,,,,[],mcq,,,,,{},a multiple choice question,,False,,,,,,False,
42,trend analysis,llm_only,False,C,C,True,False,False,Base,llm_numeric,,,llm_only,,,,,,,[],mcq,,,,,{},a multiple choice question,,False,,,,,,False,
49,trend analysis,llm_only,False,B,,False,False,False,Base,llm_numeric,,,llm_only,,,,,,,[],mcq,,,,,{},a multiple choice question,,False,,,,,,False,
46,seasonality analysis,llm_only,False,C,D,False,False,False,Base,llm_numeric,,,llm_only,,,,,,,[],mcq,,,,,{},a multiple choice question,,False,,,,,,False,
48,seasonality analysis,llm_only,False,A,B,False,False,False,Base,llm_numeric,,,llm_only,,,,,,,[],mcq,,,,,{},a multiple choice question,,False,,,,,,False,
54,seasonality analysis,llm_only,False,D,D,True,False,False,Base,llm_numeric,,,llm_only,,,,,,,[],mcq,,,,,{},a multiple choice question,,False,,,,,,False,
51,seasonality analysis,llm_only,False,A,B,False,False,False,Base,llm_numeric,,,llm_only,,,,,,,[],mcq,,,,,{},a multiple choice question,,False,,,,,,False,
52,seasonality analysis,llm_only,False,B,B,True,False,False,Base,llm_numeric,,,llm_only,,,,,,,[],mcq,,,,,{},a multiple choice question,,False,,,,,,False,
58,noise analysis,llm_only,False,D,C,False,False,False,Base,llm_numeric,,,llm_only,,,,,,,[],mcq,,,,,{},a multiple choice question,,False,,,,,,False,
61,seasonality analysis,llm_only,False,C,B,False,False,False,Base,llm_numeric,,,llm_only,,,,,,,[],mcq,,,,,{},a multiple choice question,,False,,,,,,False,
60,trend analysis,llm_only,False,B,,False,False,False,Base,llm_numeric,,,llm_only,,,,,,,[],mcq,,,,,{},a multiple choice question,,False,,,,,,False,
56,trend analysis,llm_only,False,B,,False,False,False,Base,llm_numeric,,,llm_only,,,,,,,[],mcq,,,,,{},a multiple choice question,,False,,,,,,False,
57,noise analysis,llm_only,False,C,D,False,False,False,Base,llm_numeric,,,llm_only,,,,,,,[],mcq,,,,,{},a multiple choice question,,False,,,,,,False,
59,trend analysis,llm_only,False,A,C,False,False,False,Base,llm_numeric,,,llm_only,,,,,,,[],mcq,,,,,{},a multiple choice question,,False,,,,,,False,
63,trend analysis,llm_only,False,B,,False,False,False,Base,llm_numeric,,,llm_only,,,,,,,[],mcq,,,,,{},a multiple choice question,,False,,,,,,False,
55,seasonality analysis,llm_only,False,A,D,False,False,False,Base,llm_numeric,,,llm_only,,,,,,,[],mcq,,,,,{},a multiple choice question,,False,,,,,,False,
53,noise analysis,llm_only,False,C,D,False,False,False,Base,llm_numeric,,,llm_only,,,,,,,[],mcq,,,,,{},a multiple choice question,,False,,,,,,False,
66,trend analysis,llm_only,False,A,,False,False,False,Base,llm_numeric,,,llm_only,,,,,,,[],mcq,,,,,{},a multiple choice question,,False,,,,,,False,
64,trend analysis,llm_only,False,C,,False,False,False,Base,llm_numeric,,,llm_only,,,,,,,[],mcq,,,,,{},a multiple choice question,,False,,,,,,False,
62,seasonality analysis,llm_only,False,A,D,False,False,False,Base,llm_numeric,,,llm_only,,,,,,,[],mcq,,,,,{},a multiple choice question,,False,,,,,,False,
67,noise analysis,llm_only,False,C,C,True,False,False,Base,llm_numeric,,,llm_only,,,,,,,[],mcq,,,,,{},a multiple choice question,,False,,,,,,False,
65,seasonality analysis,llm_only,False,D,D,True,False,False,Base,llm_numeric,,,llm_only,,,,,,,[],mcq,,,,,{},a multiple choice question,,False,,,,,,False,
72,seasonality analysis,llm_only,False,A,B,False,False,False,Base,llm_numeric,,,llm_only,,,,,,,[],mcq,,,,,{},a multiple choice question,,False,,,,,,False,
70,trend analysis,llm_only,False,B,,False,False,False,Base,llm_numeric,,,llm_only,,,,,,,[],mcq,,,,,{},a multiple choice question,,False,,,,,,False,
74,seasonality analysis,llm_only,False,C,B,False,False,False,Base,llm_numeric,,,llm_only,,,,,,,[],mcq,,,,,{},a multiple choice question,,False,,,,,,False,
73,noise analysis,llm_only,False,B,C,False,False,False,Base,llm_numeric,,,llm_only,,,,,,,[],mcq,,,,,{},a multiple choice question,,False,,,,,,False,
69,seasonality analysis,llm_only,False,A,D,False,False,False,Base,llm_numeric,,,llm_only,,,,,,,[],mcq,,,,,{},a multiple choice question,,False,,,,,,False,
68,noise analysis,llm_only,False,D,D,True,False,False,Base,llm_numeric,,,llm_only,,,,,,,[],mcq,,,,,{},a multiple choice question,,False,,,,,,False,
76,noise analysis,llm_only,False,A,C,False,False,False,Base,llm_numeric,,,llm_only,,,,,,,[],mcq,,,,,{},a multiple choice question,,False,,,,,,False,
78,noise analysis,llm_only,False,A,C,False,False,False,Base,llm_numeric,,,llm_only,,,,,,,[],mcq,,,,,{},a multiple choice question,,False,,,,,,False,
75,seasonality analysis,llm_only,False,D,B,False,False,False,Base,llm_numeric,,,llm_only,,,,,,,[],mcq,,,,,{},a multiple choice question,,False,,,,,,False,
80,trend analysis,llm_only,False,C,,False,False,False,Base,llm_numeric,,,llm_only,,,,,,,[],mcq,,,,,{},a multiple choice question,,False,,,,,,False,
71,trend analysis,llm_only,False,C,C,True,False,False,Base,llm_numeric,,,llm_only,,,,,,,[],mcq,,,,,{},a multiple choice question,,False,,,,,,False,
81,noise analysis,llm_only,False,D,C,False,False,False,Base,llm_numeric,,,llm_only,,,,,,,[],mcq,,,,,{},a multiple choice question,,False,,,,,,False,
77,noise analysis,llm_only,False,C,D,False,False,False,Base,llm_numeric,,,llm_only,,,,,,,[],mcq,,,,,{},a multiple choice question,,False,,,,,,False,
82,trend analysis,llm_only,False,A,,False,False,False,Base,llm_numeric,,,llm_only,,,,,,,[],mcq,,,,,{},a multiple choice question,,False,,,,,,False,
79,trend analysis,llm_only,False,B,C,False,False,False,Base,llm_numeric,,,llm_only,,,,,,,[],mcq,,,,,{},a multiple choice question,,False,,,,,,False,
83,seasonality analysis,llm_only,False,B,D,False,False,False,Base,llm_numeric,,,llm_only,,,,,,,[],mcq,,,,,{},a multiple choice question,,False,,,,,,False,
84,seasonality analysis,llm_only,False,C,D,False,False,False,Base,llm_numeric,,,llm_only,,,,,,,[],mcq,,,,,{},a multiple choice question,,False,,,,,,False,
85,noise analysis,llm_only,False,D,D,True,False,False,Base,llm_numeric,,,llm_only,,,,,,,[],mcq,,,,,{},a multiple choice question,,False,,,,,,False,
86,noise analysis,llm_only,False,A,D,False,False,False,Base,llm_numeric,,,llm_only,,,,,,,[],mcq,,,,,{},a multiple choice question,,False,,,,,,False,
89,noise analysis,llm_only,False,A,C,False,False,False,Base,llm_numeric,,,llm_only,,,,,,,[],mcq,,,,,{},a multiple choice question,,False,,,,,,False,
91,noise analysis,llm_only,False,C,C,True,False,False,Base,llm_numeric,,,llm_only,,,,,,,[],mcq,,,,,{},a multiple choice question,,False,,,,,,False,
90,trend analysis,llm_only,False,B,C,False,False,False,Base,llm_numeric,,,llm_only,,,,,,,[],mcq,,,,,{},a multiple choice question,,False,,,,,,False,
88,trend analysis,llm_only,False,C,C,True,False,False,Base,llm_numeric,,,llm_only,,,,,,,[],mcq,,,,,{},a multiple choice question,,False,,,,,,False,
92,noise analysis,llm_only,False,A,D,False,False,False,Base,llm_numeric,,,llm_only,,,,,,,[],mcq,,,,,{},a multiple choice question,,False,,,,,,False,
98,seasonality analysis,llm_only,False,C,B,False,False,False,Base,llm_numeric,,,llm_only,,,,,,,[],mcq,,,,,{},a multiple choice question,,False,,,,,,False,
93,trend analysis,llm_only,False,B,C,False,False,False,Base,llm_numeric,,,llm_only,,,,,,,[],mcq,,,,,{},a multiple choice question,,False,,,,,,False,
87,seasonality analysis,llm_only,False,B,D,False,False,False,Base,llm_numeric,,,llm_only,,,,,,,[],mcq,,,,,{},a multiple choice question,,False,,,,,,False,
94,trend analysis,llm_only,False,C,,False,False,False,Base,llm_numeric,,,llm_only,,,,,,,[],mcq,,,,,{},a multiple choice question,,False,,,,,,False,
95,noise analysis,llm_only,False,D,D,True,False,False,Base,llm_numeric,,,llm_only,,,,,,,[],mcq,,,,,{},a multiple choice question,,False,,,,,,False,
99,seasonality analysis,llm_only,False,D,D,True,False,False,Base,llm_numeric,,,llm_only,,,,,,,[],mcq,,,,,{},a multiple choice question,,False,,,,,,False,
100,trend analysis,llm_only,False,A,C,False,False,False,Base,llm_numeric,,,llm_only,,,,,,,[],mcq,,,,,{},a multiple choice question,,False,,,,,,False,
96,noise analysis,llm_only,False,A,C,False,False,False,Base,llm_numeric,,,llm_only,,,,,,,[],mcq,,,,,{},a multiple choice question,,False,,,,,,False,
97,noise analysis,llm_only,False,B,D,False,False,False,Base,llm_numeric,,,llm_only,,,,,,,[],mcq,,,,,{},a multiple choice question,,False,,,,,,False,
103,seasonality analysis,llm_only,False,D,D,True,False,False,Base,llm_numeric,,,llm_only,,,,,,,[],mcq,,,,,{},a multiple choice question,,False,,,,,,False,
102,seasonality analysis,llm_only,False,C,D,False,False,False,Base,llm_numeric,,,llm_only,,,,,,,[],mcq,,,,,{},a multiple choice question,,False,,,,,,False,
101,trend analysis,llm_only,False,B,C,False,False,False,Base,llm_numeric,,,llm_only,,,,,,,[],mcq,,,,,{},a multiple choice question,,False,,,,,,False,
104,noise analysis,llm_only,False,A,D,False,False,False,Base,llm_numeric,,,llm_only,,,,,,,[],mcq,,,,,{},a multiple choice question,,False,,,,,,False,
108,trend analysis,llm_only,False,A,,False,False,False,Base,llm_numeric,,,llm_only,,,,,,,[],mcq,,,,,{},a multiple choice question,,False,,,,,,False,
107,noise analysis,llm_only,False,D,D,True,False,False,Base,llm_numeric,,,llm_only,,,,,,,[],mcq,,,,,{},a multiple choice question,,False,,,,,,False,
105,seasonality analysis,llm_only,False,B,D,False,False,False,Base,llm_numeric,,,llm_only,,,,,,,[],mcq,,,,,{},a multiple choice question,,False,,,,,,False,
109,seasonality analysis,llm_only,False,B,D,False,False,False,Base,llm_numeric,,,llm_only,,,,,,,[],mcq,,,,,{},a multiple choice question,,False,,,,,,False,
106,trend analysis,llm_only,False,C,,False,False,False,Base,llm_numeric,,,llm_only,,,,,,,[],mcq,,,,,{},a multiple choice question,,False,,,,,,False,
110,trend analysis,llm_only,False,C,,False,False,False,Base,llm_numeric,,,llm_only,,,,,,,[],mcq,,,,,{},a multiple choice question,,False,,,,,,False,
114,trend analysis,llm_only,False,A,,False,False,False,Base,llm_numeric,,,llm_only,,,,,,,[],mcq,,,,,{},a multiple choice question,,False,,,,,,False,
111,seasonality analysis,llm_only,False,A,D,False,False,False,Base,llm_numeric,,,llm_only,,,,,,,[],mcq,,,,,{},a multiple choice question,,False,,,,,,False,
113,seasonality analysis,llm_only,False,D,B,False,False,False,Base,llm_numeric,,,llm_only,,,,,,,[],mcq,,,,,{},a multiple choice question,,False,,,,,,False,
115,seasonality analysis,llm_only,False,B,B,True,False,False,Base,llm_numeric,,,llm_only,,,,,,,[],mcq,,,,,{},a multiple choice question,,False,,,,,,False,
117,seasonality analysis,llm_only,False,A,B,False,False,False,Base,llm_numeric,,,llm_only,,,,,,,[],mcq,,,,,{},a multiple choice question,,False,,,,,,False,
112,seasonality analysis,llm_only,False,C,D,False,False,False,Base,llm_numeric,,,llm_only,,,,,,,[],mcq,,,,,{},a multiple choice question,,False,,,,,,False,
118,noise analysis,llm_only,False,B,C,False,False,False,Base,llm_numeric,,,llm_only,,,,,,,[],mcq,,,,,{},a multiple choice question,,False,,,,,,False,
120,seasonality analysis,llm_only,False,A,B,False,False,False,Base,llm_numeric,,,llm_only,,,,,,,[],mcq,,,,,{},a multiple choice question,,False,,,,,,False,
121,noise analysis,llm_only,False,B,C,False,False,False,Base,llm_numeric,,,llm_only,,,,,,,[],mcq,,,,,{},a multiple choice question,,False,,,,,,False,
116,trend analysis,llm_only,False,C,C,True,False,False,Base,llm_numeric,,,llm_only,,,,,,,[],mcq,,,,,{},a multiple choice question,,False,,,,,,False,
119,seasonality analysis,llm_only,False,C,D,False,False,False,Base,llm_numeric,,,llm_only,,,,,,,[],mcq,,,,,{},a multiple choice question,,False,,,,,,False,
122,noise analysis,llm_only,False,A,D,False,False,False,Base,llm_numeric,,,llm_only,,,,,,,[],mcq,,,,,{},a multiple choice question,,False,,,,,,False,
124,trend analysis,llm_numeric,False,-0.36,-0.35565656565656567,True,False,False,Base,llm_numeric,,,llm_numeric,,,,,,,[],numerical,-0.35565656565656567,,,0.9879349046015713,{},numerical,,False,,,,,,False,
128,seasonality analysis,llm_numeric,False,179,299.0,False,False,False,Base,llm_numeric,,,llm_numeric,,,,,,,[],numerical,299.0,,,0.3296089385474861,{},numerical,,False,,,,,,False,
126,trend analysis,llm_numeric,False,-0.55,-0.5755555555555556,True,False,False,Base,llm_numeric,,,llm_numeric,,,,,,,[],numerical,-0.5755555555555556,,,0.9535353535353536,{},numerical,,False,,,,,,False,
125,trend analysis,llm_numeric,False, 0.48,0.4765656565656566,True,False,False,Base,llm_numeric,,,llm_numeric,,,,,,,[],numerical,0.4765656565656566,,,0.9928451178451179,{},numerical,,False,,,,,,False,
123,trend analysis,llm_numeric,False,-0.19,-0.06555665556655567,False,False,False,Base,llm_numeric,,,llm_numeric,,,,,,,[],numerical,-0.06555665556655567,,,0.3450350292976614,{},numerical,,False,,,,,,False,
127,trend analysis,llm_numeric,False, 0.48,0.4765656565656566,True,False,False,Base,llm_numeric,,,llm_numeric,,,,,,,[],numerical,0.4765656565656566,,,0.9928451178451179,{},numerical,,False,,,,,,False,
129,seasonality analysis,llm_numeric,False,136,114.0,False,False,False,Base,llm_numeric,,,llm_numeric,,,,,,,[],numerical,114.0,,,0.8382352941176471,{},numerical,,False,,,,,,False,
131,trend analysis,llm_numeric,False,-0.11,0.3433333333333333,False,False,False,Base,llm_numeric,,,llm_numeric,,,,,,,[],numerical,0.3433333333333333,,,0.0,{},numerical,,False,,,,,,False,
130,trend analysis,llm_numeric,False, 0.63,0.6337556668661058,True,False,False,Base,llm_numeric,,,llm_numeric,,,,,,,[],numerical,0.6337556668661058,,,0.9940386240220542,{},numerical,,False,,,,,,False,
132,trend analysis,llm_numeric,False, 0.21,0.3565656565656566,False,False,False,Base,llm_numeric,,,llm_numeric,,,,,,,[],numerical,0.3565656565656566,,,0.30206830206830193,{},numerical,,False,,,,,,False,
136,seasonality analysis,llm_numeric,False,169,85.0,False,False,False,Base,llm_numeric,,,llm_numeric,,,,,,,[],numerical,85.0,,,0.5029585798816568,{},numerical,,False,,,,,,False,
134,seasonality analysis,llm_numeric,False,41,42.0,True,False,False,Base,llm_numeric,,,llm_numeric,,,,,,,[],numerical,42.0,,,0.975609756097561,{},numerical,,False,,,,,,False,
133,seasonality analysis,llm_numeric,False,336,420.0,False,False,False,Base,llm_numeric,,,llm_numeric,,,,,,,[],numerical,420.0,,,0.75,{},numerical,,False,,,,,,False,
135,trend analysis,llm_numeric,False,-0.24,-0.755658539,False,False,False,Base,llm_numeric,,,llm_numeric,,,,,,,[],numerical,-0.755658539,,,0.0,{},numerical,,False,,,,,,False,
138,seasonality analysis,llm_numeric,False,33,42.0,False,False,False,Base,llm_numeric,,,llm_numeric,,,,,,,[],numerical,42.0,,,0.7272727272727273,{},numerical,,False,,,,,,False,
137,seasonality analysis,llm_numeric,False,385,480.0,False,False,False,Base,llm_numeric,,,llm_numeric,,,,,,,[],numerical,480.0,,,0.7532467532467533,{},numerical,,False,,,,,,False,
140,seasonality analysis,llm_numeric,False,179,250.0,False,False,False,Base,llm_numeric,,,llm_numeric,,,,,,,[],numerical,250.0,,,0.6033519553072626,{},numerical,,False,,,,,,False,
142,trend analysis,llm_numeric,False,-0.36,-0.35556556556556557,True,False,False,Base,llm_numeric,,,llm_numeric,,,,,,,[],numerical,-0.35556556556556557,,,0.9876821265710155,{},numerical,,False,,,,,,False,
139,trend analysis,llm_numeric,False,-0.52,-0.5175566633300099,True,False,False,Base,llm_numeric,,,llm_numeric,,,,,,,[],numerical,-0.5175566633300099,,,0.9953012756346344,{},numerical,,False,,,,,,False,
151,trend analysis,llm_only,False,A,,False,False,False,Base,llm_numeric,,,llm_only,,,,,,,[],mcq,,,,,{},a multiple choice question,,False,,,,,,False,
147,seasonality analysis,llm_numeric,False,253,252.0,True,False,False,Base,llm_numeric,,,llm_numeric,,,,,,,[],numerical,252.0,,,0.9960474308300395,{},numerical,,False,,,,,,False,
144,seasonality analysis,llm_numeric,False,288,361.0,False,False,False,Base,llm_numeric,,,llm_numeric,,,,,,,[],numerical,361.0,,,0.7465277777777778,{},numerical,,False,,,,,,False,
145,seasonality analysis,llm_numeric,False,151,253.0,False,False,False,Base,llm_numeric,,,llm_numeric,,,,,,,[],numerical,253.0,,,0.32450331125827814,{},numerical,,False,,,,,,False,
148,seasonality analysis,llm_numeric,False,208,261.0,False,False,False,Base,llm_numeric,,,llm_numeric,,,,,,,[],numerical,261.0,,,0.7451923076923077,{},numerical,,False,,,,,,False,
149,trend analysis,llm_numeric,False,-0.15,-0.3355654540389972,False,False,False,Base,llm_numeric,,,llm_numeric,,,,,,,[],numerical,-0.3355654540389972,,,0.0,{},numerical,,False,,,,,,False,
141,trend analysis,llm_numeric,False,-0.19,-0.15566565656565656,False,False,False,Base,llm_numeric,,,llm_numeric,,,,,,,[],numerical,-0.15566565656565656,,,0.8192929292929293,{},numerical,,False,,,,,,False,
150,trend analysis,llm_numeric,False,-0.56,-0.5545656565656566,True,False,False,Base,llm_numeric,,,llm_numeric,,,,,,,[],numerical,-0.5545656565656566,,,0.9902958152958152,{},numerical,,False,,,,,,False,
143,seasonality analysis,llm_numeric,False,393,256.0,False,False,False,Base,llm_numeric,,,llm_numeric,,,,,,,[],numerical,256.0,,,0.6513994910941476,{},numerical,,False,,,,,,False,
146,seasonality analysis,llm_numeric,False,186,312.0,False,False,False,Base,llm_numeric,,,llm_numeric,,,,,,,[],numerical,312.0,,,0.32258064516129037,{},numerical,,False,,,,,,False,
154,trend analysis,llm_only,False,A,,False,False,False,Base,llm_numeric,,,llm_only,,,,,,,[],mcq,,,,,{},a multiple choice question,,False,,,,,,False,
153,trend analysis,llm_only,False,C,,False,False,False,Base,llm_numeric,,,llm_only,,,,,,,[],mcq,,,,,{},a multiple choice question,,False,,,,,,False,
157,trend analysis,llm_only,False,A,,False,False,False,Base,llm_numeric,,,llm_only,,,,,,,[],mcq,,,,,{},a multiple choice question,,False,,,,,,False,
158,trend analysis,llm_only,False,B,,False,False,False,Base,llm_numeric,,,llm_only,,,,,,,[],mcq,,,,,{},a multiple choice question,,False,,,,,,False,
152,trend analysis,llm_only,False,B,,False,False,False,Base,llm_numeric,,,llm_only,,,,,,,[],mcq,,,,,{},a multiple choice question,,False,,,,,,False,
160,trend analysis,llm_only,False,A,,False,False,False,Base,llm_numeric,,,llm_only,,,,,,,[],mcq,,,,,{},a multiple choice question,,False,,,,,,False,
162,trend analysis,llm_only,False,C,,False,False,False,Base,llm_numeric,,,llm_only,,,,,,,[],mcq,,,,,{},a multiple choice question,,False,,,,,,False,
164,trend analysis,llm_only,False,B,,False,False,False,Base,llm_numeric,,,llm_only,,,,,,,[],mcq,,,,,{},a multiple choice question,,False,,,,,,False,
161,trend analysis,llm_only,False,B,,False,False,False,Base,llm_numeric,,,llm_only,,,,,,,[],mcq,,,,,{},a multiple choice question,,False,,,,,,False,
156,trend analysis,llm_only,False,C,,False,False,False,Base,llm_numeric,,,llm_only,,,,,,,[],mcq,,,,,{},a multiple choice question,,False,,,,,,False,
155,trend analysis,llm_only,False,B,C,False,False,False,Base,llm_numeric,,,llm_only,,,,,,,[],mcq,,,,,{},a multiple choice question,,False,,,,,,False,
166,trend analysis,llm_only,False,A,,False,False,False,Base,llm_numeric,,,llm_only,,,,,,,[],mcq,,,,,{},a multiple choice question,,False,,,,,,False,
163,trend analysis,llm_only,False,A,,False,False,False,Base,llm_numeric,,,llm_only,,,,,,,[],mcq,,,,,{},a multiple choice question,,False,,,,,,False,
159,trend analysis,llm_only,False,C,C,True,False,False,Base,llm_numeric,,,llm_only,,,,,,,[],mcq,,,,,{},a multiple choice question,,False,,,,,,False,
165,trend analysis,llm_only,False,C,C,True,False,False,Base,llm_numeric,,,llm_only,,,,,,,[],mcq,,,,,{},a multiple choice question,,False,,,,,,False,
167,trend analysis,llm_only,False,B,C,False,False,False,Base,llm_numeric,,,llm_only,,,,,,,[],mcq,,,,,{},a multiple choice question,,False,,,,,,False,
173,trend analysis,llm_only,False,B,,False,False,False,Base,llm_numeric,,,llm_only,,,,,,,[],mcq,,,,,{},a multiple choice question,,False,,,,,,False,
168,trend analysis,llm_only,False,C,C,True,False,False,Base,llm_numeric,,,llm_only,,,,,,,[],mcq,,,,,{},a multiple choice question,,False,,,,,,False,
176,trend analysis,llm_only,False,B,,False,False,False,Base,llm_numeric,,,llm_only,,,,,,,[],mcq,,,,,{},a multiple choice question,,False,,,,,,False,
175,trend analysis,llm_only,False,A,,False,False,False,Base,llm_numeric,,,llm_only,,,,,,,[],mcq,,,,,{},a multiple choice question,,False,,,,,,False,
178,trend analysis,llm_only,False,A,,False,False,False,Base,llm_numeric,,,llm_only,,,,,,,[],mcq,,,,,{},a multiple choice question,,False,,,,,,False,
169,trend analysis,llm_only,False,A,C,False,False,False,Base,llm_numeric,,,llm_only,,,,,,,[],mcq,,,,,{},a multiple choice question,,False,,,,,,False,
179,trend analysis,llm_only,False,B,,False,False,False,Base,llm_numeric,,,llm_only,,,,,,,[],mcq,,,,,{},a multiple choice question,,False,,,,,,False,
177,trend analysis,llm_only,False,C,,False,False,False,Base,llm_numeric,,,llm_only,,,,,,,[],mcq,,,,,{},a multiple choice question,,False,,,,,,False,
170,trend analysis,llm_only,False,B,C,False,False,False,Base,llm_numeric,,,llm_only,,,,,,,[],mcq,,,,,{},a multiple choice question,,False,,,,,,False,
174,trend analysis,llm_only,False,C,,False,False,False,Base,llm_numeric,,,llm_only,,,,,,,[],mcq,,,,,{},a multiple choice question,,False,,,,,,False,
180,trend analysis,llm_only,False,C,,False,False,False,Base,llm_numeric,,,llm_only,,,,,,,[],mcq,,,,,{},a multiple choice question,,False,,,,,,False,
172,trend analysis,llm_only,False,A,C,False,False,False,Base,llm_numeric,,,llm_only,,,,,,,[],mcq,,,,,{},a multiple choice question,,False,,,,,,False,
171,trend analysis,llm_only,False,C,C,True,False,False,Base,llm_numeric,,,llm_only,,,,,,,[],mcq,,,,,{},a multiple choice question,,False,,,,,,False,
184,trend analysis,llm_only,False,A,,False,False,False,Base,llm_numeric,,,llm_only,,,,,,,[],mcq,,,,,{},a multiple choice question,,False,,,,,,False,
183,trend analysis,llm_only,False,C,,False,False,False,Base,llm_numeric,,,llm_only,,,,,,,[],mcq,,,,,{},a multiple choice question,,False,,,,,,False,
182,trend analysis,llm_only,False,B,C,False,False,False,Base,llm_numeric,,,llm_only,,,,,,,[],mcq,,,,,{},a multiple choice question,,False,,,,,,False,
181,trend analysis,llm_only,False,A,C,False,False,False,Base,llm_numeric,,,llm_only,,,,,,,[],mcq,,,,,{},a multiple choice question,,False,,,,,,False,
188,trend analysis,llm_numeric,False,-0.43,-0.4555656565656566,True,False,False,Base,llm_numeric,,,llm_numeric,,,,,,,[],numerical,-0.4555656565656566,,,0.9405449847310311,{},numerical,,False,,,,,,False,
189,trend analysis,llm_numeric,False, 0.22,0.2355658409387223,True,False,False,Base,llm_numeric,,,llm_numeric,,,,,,,[],numerical,0.2355658409387223,,,0.9292461775512623,{},numerical,,False,,,,,,False,
187,trend analysis,llm_numeric,False, 0.27,0.26565656565656565,True,False,False,Base,llm_numeric,,,llm_numeric,,,,,,,[],numerical,0.26565656565656565,,,0.9839132061354282,{},numerical,,False,,,,,,False,
190,trend analysis,llm_numeric,False, 0.30,0.2935,True,False,False,Base,llm_numeric,,,llm_numeric,,,,,,,[],numerical,0.2935,,,0.9783333333333333,{},numerical,,False,,,,,,False,
185,trend analysis,llm_only,False,B,C,False,False,False,Base,llm_numeric,,,llm_only,,,,,,,[],mcq,,,,,{},a multiple choice question,,False,,,,,,False,
192,trend analysis,llm_numeric,False,-0.11,-0.10555751172332942,True,False,False,Base,llm_numeric,,,llm_numeric,,,,,,,[],numerical,-0.10555751172332942,,,0.9596137429393583,{},numerical,,False,,,,,,False,
195,trend analysis,llm_numeric,False, 0.40,0.40565656565656566,True,False,False,Base,llm_numeric,,,llm_numeric,,,,,,,[],numerical,0.40565656565656566,,,0.9858585858585859,{},numerical,,False,,,,,,False,
193,trend analysis,llm_numeric,False,-0.12,-0.11875635613958894,True,False,False,Base,llm_numeric,,,llm_numeric,,,,,,,[],numerical,-0.11875635613958894,,,0.9896363011632412,{},numerical,,False,,,,,,False,
194,trend analysis,llm_numeric,False, 0.28,0.2835656565656566,True,False,False,Base,llm_numeric,,,llm_numeric,,,,,,,[],numerical,0.2835656565656566,,,0.9872655122655123,{},numerical,,False,,,,,,False,
191,trend analysis,llm_numeric,False, 0.39,0.3655656565656566,True,False,False,Base,llm_numeric,,,llm_numeric,,,,,,,[],numerical,0.3655656565656566,,,0.9373478373478374,{},numerical,,False,,,,,,False,
186,trend analysis,llm_only,False,C,C,True,False,False,Base,llm_numeric,,,llm_only,,,,,,,[],mcq,,,,,{},a multiple choice question,,False,,,,,,False,
197,trend analysis,llm_numeric,False, 0.11,0.107356656,True,False,False,Base,llm_numeric,,,llm_numeric,,,,,,,[],numerical,0.107356656,,,0.9759696,{},numerical,,False,,,,,,False,
198,trend analysis,llm_numeric,False, 0.24,0.25156666666666666,True,False,False,Base,llm_numeric,,,llm_numeric,,,,,,,[],numerical,0.25156666666666666,,,0.9518055555555556,{},numerical,,False,,,,,,False,
202,seasonality analysis,llm_only,False,D,,False,False,False,Base,llm_numeric,,,llm_only,,,,,,,[],mcq,,,,,{},a multiple choice question,,False,,,,,,False,
199,seasonality analysis,llm_only,False,A,,False,False,False,Base,llm_numeric,,,llm_only,,,,,,,[],mcq,,,,,{},a multiple choice question,,False,,,,,,False,
204,seasonality analysis,llm_only,False,B,,False,False,False,Base,llm_numeric,,,llm_only,,,,,,,[],mcq,,,,,{},a multiple choice question,,False,,,,,,False,
205,seasonality analysis,llm_only,False,C,,False,False,False,Base,llm_numeric,,,llm_only,,,,,,,[],mcq,,,,,{},a multiple choice question,,False,,,,,,False,
196,trend analysis,llm_numeric,False, 0.30,0.29856565656565653,True,False,False,Base,llm_numeric,,,llm_numeric,,,,,,,[],numerical,0.29856565656565653,,,0.9952188552188551,{},numerical,,False,,,,,,False,
201,seasonality analysis,llm_only,False,C,A,False,False,False,Base,llm_numeric,,,llm_only,,,,,,,[],mcq,,,,,{},a multiple choice question,,False,,,,,,False,
200,seasonality analysis,llm_only,False,B,A,False,False,False,Base,llm_numeric,,,llm_only,,,,,,,[],mcq,,,,,{},a multiple choice question,,False,,,,,,False,
206,seasonality analysis,llm_only,False,D,,False,False,False,Base,llm_numeric,,,llm_only,,,,,,,[],mcq,,,,,{},a multiple choice question,,False,,,,,,False,
207,seasonality analysis,llm_only,False,A,,False,False,False,Base,llm_numeric,,,llm_only,,,,,,,[],mcq,,,,,{},a multiple choice question,,False,,,,,,False,
208,seasonality analysis,llm_only,False,B,,False,False,False,Base,llm_numeric,,,llm_only,,,,,,,[],mcq,,,,,{},a multiple choice question,,False,,,,,,False,
211,seasonality analysis,llm_only,False,A,,False,False,False,Base,llm_numeric,,,llm_only,,,,,,,[],mcq,,,,,{},a multiple choice question,,False,,,,,,False,
210,seasonality analysis,llm_only,False,D,A,False,False,False,Base,llm_numeric,,,llm_only,,,,,,,[],mcq,,,,,{},a multiple choice question,,False,,,,,,False,
203,seasonality analysis,llm_only,False,A,,False,False,False,Base,llm_numeric,,,llm_only,,,,,,,[],mcq,,,,,{},a multiple choice question,,False,,,,,,False,
213,seasonality analysis,llm_only,False,C,,False,False,False,Base,llm_numeric,,,llm_only,,,,,,,[],mcq,,,,,{},a multiple choice question,,False,,,,,,False,
212,seasonality analysis,llm_only,False,B,,False,False,False,Base,llm_numeric,,,llm_only,,,,,,,[],mcq,,,,,{},a multiple choice question,,False,,,,,,False,
209,seasonality analysis,llm_only,False,C,A,False,False,False,Base,llm_numeric,,,llm_only,,,,,,,[],mcq,,,,,{},a multiple choice question,,False,,,,,,False,
214,seasonality analysis,llm_only,False,D,A,False,False,False,Base,llm_numeric,,,llm_only,,,,,,,[],mcq,,,,,{},a multiple choice question,,False,,,,,,False,
219,seasonality analysis,llm_only,False,A,,False,False,False,Base,llm_numeric,,,llm_only,,,,,,,[],mcq,,,,,{},a multiple choice question,,False,,,,,,False,
216,seasonality analysis,llm_only,False,B,,False,False,False,Base,llm_numeric,,,llm_only,,,,,,,[],mcq,,,,,{},a multiple choice question,,False,,,,,,False,
215,seasonality analysis,llm_only,False,A,A,True,False,False,Base,llm_numeric,,,llm_only,,,,,,,[],mcq,,,,,{},a multiple choice question,,False,,,,,,False,
217,seasonality analysis,llm_only,False,C,A,False,False,False,Base,llm_numeric,,,llm_only,,,,,,,[],mcq,,,,,{},a multiple choice question,,False,,,,,,False,
218,seasonality analysis,llm_only,False,D,A,False,False,False,Base,llm_numeric,,,llm_only,,,,,,,[],mcq,,,,,{},a multiple choice question,,False,,,,,,False,
221,seasonality analysis,llm_only,False,C,,False,False,False,Base,llm_numeric,,,llm_only,,,,,,,[],mcq,,,,,{},a multiple choice question,,False,,,,,,False,
222,seasonality analysis,llm_only,False,D,,False,False,False,Base,llm_numeric,,,llm_only,,,,,,,[],mcq,,,,,{},a multiple choice question,,False,,,,,,False,
220,seasonality analysis,llm_only,False,B,A,False,False,False,Base,llm_numeric,,,llm_only,,,,,,,[],mcq,,,,,{},a multiple choice question,,False,,,,,,False,
223,seasonality analysis,llm_only,False,A,,False,False,False,Base,llm_numeric,,,llm_only,,,,,,,[],mcq,,,,,{},a multiple choice question,,False,,,,,,False,
226,seasonality analysis,llm_numeric,False,325,407.0,False,False,False,Base,llm_numeric,,,llm_numeric,,,,,,,[],numerical,407.0,,,0.7476923076923077,{},numerical,,False,,,,,,False,
224,seasonality analysis,llm_only,False,B,A,False,False,False,Base,llm_numeric,,,llm_only,,,,,,,[],mcq,,,,,{},a multiple choice question,,False,,,,,,False,
230,seasonality analysis,llm_numeric,False,105,256.0,False,False,False,Base,llm_numeric,,,llm_numeric,,,,,,,[],numerical,256.0,,,0.0,{},numerical,,False,,,,,,False,
225,seasonality analysis,llm_only,False,C,,False,False,False,Base,llm_numeric,,,llm_only,,,,,,,[],mcq,,,,,{},a multiple choice question,,False,,,,,,False,
234,seasonality analysis,llm_numeric,False,65,128.0,False,False,False,Base,llm_numeric,,,llm_numeric,,,,,,,[],numerical,128.0,,,0.03076923076923077,{},numerical,,False,,,,,,False,
227,seasonality analysis,llm_numeric,False,212,265.0,False,False,False,Base,llm_numeric,,,llm_numeric,,,,,,,[],numerical,265.0,,,0.75,{},numerical,,False,,,,,,False,
233,seasonality analysis,llm_numeric,False,154,154.0,True,False,False,Base,llm_numeric,,,llm_numeric,,,,,,,[],numerical,154.0,,,1.0,{},numerical,,False,,,,,,False,
231,seasonality analysis,llm_numeric,False,175,875.0,False,False,False,Base,llm_numeric,,,llm_numeric,,,,,,,[],numerical,875.0,,,0.0,{},numerical,,False,,,,,,False,
232,seasonality analysis,llm_numeric,False,293,366.0,False,False,False,Base,llm_numeric,,,llm_numeric,,,,,,,[],numerical,366.0,,,0.7508532423208192,{},numerical,,False,,,,,,False,
236,noise analysis,llm_only,False,B,A,False,False,False,Base,llm_numeric,,,llm_only,,,,,,,[],mcq,,,,,{},a multiple choice question,,False,,,,,,False,
228,seasonality analysis,llm_numeric,False,36,60.0,False,False,False,Base,llm_numeric,,,llm_numeric,,,,,,,[],numerical,60.0,,,0.33333333333333337,{},numerical,,False,,,,,,False,
238,noise analysis,llm_only,False,D,B,False,False,False,Base,llm_numeric,,,llm_only,,,,,,,[],mcq,,,,,{},a multiple choice question,,False,,,,,,False,
229,seasonality analysis,llm_numeric,False,300,300.0,True,False,False,Base,llm_numeric,,,llm_numeric,,,,,,,[],numerical,300.0,,,1.0,{},numerical,,False,,,,,,False,
235,noise analysis,llm_only,False,A,B,False,False,False,Base,llm_numeric,,,llm_only,,,,,,,[],mcq,,,,,{},a multiple choice question,,False,,,,,,False,
237,noise analysis,llm_only,False,C,B,False,False,False,Base,llm_numeric,,,llm_only,,,,,,,[],mcq,,,,,{},a multiple choice question,,False,,,,,,False,
239,noise analysis,llm_only,False,A,A,True,False,False,Base,llm_numeric,,,llm_only,,,,,,,[],mcq,,,,,{},a multiple choice question,,False,,,,,,False,
240,noise analysis,llm_only,False,B,B,True,False,False,Base,llm_numeric,,,llm_only,,,,,,,[],mcq,,,,,{},a multiple choice question,,False,,,,,,False,
241,noise analysis,llm_only,False,C,A,False,False,False,Base,llm_numeric,,,llm_only,,,,,,,[],mcq,,,,,{},a multiple choice question,,False,,,,,,False,
243,noise analysis,llm_only,False,A,A,True,False,False,Base,llm_numeric,,,llm_only,,,,,,,[],mcq,,,,,{},a multiple choice question,,False,,,,,,False,
245,noise analysis,llm_only,False,C,B,False,False,False,Base,llm_numeric,,,llm_only,,,,,,,[],mcq,,,,,{},a multiple choice question,,False,,,,,,False,
247,noise analysis,llm_only,False,A,A,True,False,False,Base,llm_numeric,,,llm_only,,,,,,,[],mcq,,,,,{},a multiple choice question,,False,,,,,,False,
242,noise analysis,llm_only,False,D,B,False,False,False,Base,llm_numeric,,,llm_only,,,,,,,[],mcq,,,,,{},a multiple choice question,,False,,,,,,False,
248,noise analysis,llm_only,False,B,A,False,False,False,Base,llm_numeric,,,llm_only,,,,,,,[],mcq,,,,,{},a multiple choice question,,False,,,,,,False,
244,noise analysis,llm_only,False,B,A,False,False,False,Base,llm_numeric,,,llm_only,,,,,,,[],mcq,,,,,{},a multiple choice question,,False,,,,,,False,
249,noise analysis,llm_only,False,C,B,False,False,False,Base,llm_numeric,,,llm_only,,,,,,,[],mcq,,,,,{},a multiple choice question,,False,,,,,,False,
246,noise analysis,llm_only,False,D,B,False,False,False,Base,llm_numeric,,,llm_only,,,,,,,[],mcq,,,,,{},a multiple choice question,,False,,,,,,False,
251,noise analysis,llm_only,False,A,B,False,False,False,Base,llm_numeric,,,llm_only,,,,,,,[],mcq,,,,,{},a multiple choice question,,False,,,,,,False,
254,noise analysis,llm_only,False,D,A,False,False,False,Base,llm_numeric,,,llm_only,,,,,,,[],mcq,,,,,{},a multiple choice question,,False,,,,,,False,
253,noise analysis,llm_only,False,C,B,False,False,False,Base,llm_numeric,,,llm_only,,,,,,,[],mcq,,,,,{},a multiple choice question,,False,,,,,,False,
252,noise analysis,llm_only,False,B,B,True,False,False,Base,llm_numeric,,,llm_only,,,,,,,[],mcq,,,,,{},a multiple choice question,,False,,,,,,False,
256,noise analysis,llm_only,False,B,A,False,False,False,Base,llm_numeric,,,llm_only,,,,,,,[],mcq,,,,,{},a multiple choice question,,False,,,,,,False,
255,noise analysis,llm_only,False,A,B,False,False,False,Base,llm_numeric,,,llm_only,,,,,,,[],mcq,,,,,{},a multiple choice question,,False,,,,,,False,
257,noise analysis,llm_only,False,C,B,False,False,False,Base,llm_numeric,,,llm_only,,,,,,,[],mcq,,,,,{},a multiple choice question,,False,,,,,,False,
250,noise analysis,llm_only,False,D,B,False,False,False,Base,llm_numeric,,,llm_only,,,,,,,[],mcq,,,,,{},a multiple choice question,,False,,,,,,False,
262,noise analysis,llm_only,False,D,A,False,False,False,Base,llm_numeric,,,llm_only,,,,,,,[],mcq,,,,,{},a multiple choice question,,False,,,,,,False,
258,noise analysis,llm_only,False,D,B,False,False,False,Base,llm_numeric,,,llm_only,,,,,,,[],mcq,,,,,{},a multiple choice question,,False,,,,,,False,
264,noise analysis,llm_only,False,B,A,False,False,False,Base,llm_numeric,,,llm_only,,,,,,,[],mcq,,,,,{},a multiple choice question,,False,,,,,,False,
265,noise analysis,llm_only,False,C,A,False,False,False,Base,llm_numeric,,,llm_only,,,,,,,[],mcq,,,,,{},a multiple choice question,,False,,,,,,False,
261,noise analysis,llm_only,False,C,A,False,False,False,Base,llm_numeric,,,llm_only,,,,,,,[],mcq,,,,,{},a multiple choice question,,False,,,,,,False,
260,noise analysis,llm_only,False,B,B,True,False,False,Base,llm_numeric,,,llm_only,,,,,,,[],mcq,,,,,{},a multiple choice question,,False,,,,,,False,
263,noise analysis,llm_only,False,A,A,True,False,False,Base,llm_numeric,,,llm_only,,,,,,,[],mcq,,,,,{},a multiple choice question,,False,,,,,,False,
267,noise analysis,llm_only,False,A,B,False,False,False,Base,llm_numeric,,,llm_only,,,,,,,[],mcq,,,,,{},a multiple choice question,,False,,,,,,False,
269,noise analysis,llm_only,False,C,B,False,False,False,Base,llm_numeric,,,llm_only,,,,,,,[],mcq,,,,,{},a multiple choice question,,False,,,,,,False,
268,noise analysis,llm_only,False,B,A,False,False,False,Base,llm_numeric,,,llm_only,,,,,,,[],mcq,,,,,{},a multiple choice question,,False,,,,,,False,
259,noise analysis,llm_only,False,A,A,True,False,False,Base,llm_numeric,,,llm_only,,,,,,,[],mcq,,,,,{},a multiple choice question,,False,,,,,,False,
271,noise analysis,llm_only,False,A,A,True,False,False,Base,llm_numeric,,,llm_only,,,,,,,[],mcq,,,,,{},a multiple choice question,,False,,,,,,False,
270,noise analysis,llm_only,False,D,B,False,False,False,Base,llm_numeric,,,llm_only,,,,,,,[],mcq,,,,,{},a multiple choice question,,False,,,,,,False,
273,noise analysis,llm_only,False,C,B,False,False,False,Base,llm_numeric,,,llm_only,,,,,,,[],mcq,,,,,{},a multiple choice question,,False,,,,,,False,
272,noise analysis,llm_only,False,B,B,True,False,False,Base,llm_numeric,,,llm_only,,,,,,,[],mcq,,,,,{},a multiple choice question,,False,,,,,,False,
266,noise analysis,llm_only,False,D,B,False,False,False,Base,llm_numeric,,,llm_only,,,,,,,[],mcq,,,,,{},a multiple choice question,,False,,,,,,False,
275,noise analysis,llm_only,False,A,B,False,False,False,Base,llm_numeric,,,llm_only,,,,,,,[],mcq,,,,,{},a multiple choice question,,False,,,,,,False,
274,noise analysis,llm_only,False,D,B,False,False,False,Base,llm_numeric,,,llm_only,,,,,,,[],mcq,,,,,{},a multiple choice question,,False,,,,,,False,
276,noise analysis,llm_only,False,B,A,False,False,False,Base,llm_numeric,,,llm_only,,,,,,,[],mcq,,,,,{},a multiple choice question,,False,,,,,,False,
279,noise analysis,llm_only,False,A,B,False,False,False,Base,llm_numeric,,,llm_only,,,,,,,[],mcq,,,,,{},a multiple choice question,,False,,,,,,False,
277,noise analysis,llm_only,False,C,B,False,False,False,Base,llm_numeric,,,llm_only,,,,,,,[],mcq,,,,,{},a multiple choice question,,False,,,,,,False,
283,noise analysis,llm_only,False,A,A,True,False,False,Base,llm_numeric,,,llm_only,,,,,,,[],mcq,,,,,{},a multiple choice question,,False,,,,,,False,
281,noise analysis,llm_only,False,C,B,False,False,False,Base,llm_numeric,,,llm_only,,,,,,,[],mcq,,,,,{},a multiple choice question,,False,,,,,,False,
278,noise analysis,llm_only,False,D,B,False,False,False,Base,llm_numeric,,,llm_only,,,,,,,[],mcq,,,,,{},a multiple choice question,,False,,,,,,False,
280,noise analysis,llm_only,False,B,B,True,False,False,Base,llm_numeric,,,llm_only,,,,,,,[],mcq,,,,,{},a multiple choice question,,False,,,,,,False,
286,noise analysis,llm_only,False,D,A,False,False,False,Base,llm_numeric,,,llm_only,,,,,,,[],mcq,,,,,{},a multiple choice question,,False,,,,,,False,
284,noise analysis,llm_only,False,B,B,True,False,False,Base,llm_numeric,,,llm_only,,,,,,,[],mcq,,,,,{},a multiple choice question,,False,,,,,,False,
288,noise analysis,llm_only,False,B,B,True,False,False,Base,llm_numeric,,,llm_only,,,,,,,[],mcq,,,,,{},a multiple choice question,,False,,,,,,False,
287,noise analysis,llm_only,False,A,A,True,False,False,Base,llm_numeric,,,llm_only,,,,,,,[],mcq,,,,,{},a multiple choice question,,False,,,,,,False,
285,noise analysis,llm_only,False,C,B,False,False,False,Base,llm_numeric,,,llm_only,,,,,,,[],mcq,,,,,{},a multiple choice question,,False,,,,,,False,
289,noise analysis,llm_only,False,C,B,False,False,False,Base,llm_numeric,,,llm_only,,,,,,,[],mcq,,,,,{},a multiple choice question,,False,,,,,,False,
290,noise analysis,llm_only,False,D,B,False,False,False,Base,llm_numeric,,,llm_only,,,,,,,[],mcq,,,,,{},a multiple choice question,,False,,,,,,False,
282,noise analysis,llm_only,False,D,A,False,False,False,Base,llm_numeric,,,llm_only,,,,,,,[],mcq,,,,,{},a multiple choice question,,False,,,,,,False,
292,noise analysis,llm_only,False,B,B,True,False,False,Base,llm_numeric,,,llm_only,,,,,,,[],mcq,,,,,{},a multiple choice question,,False,,,,,,False,
291,noise analysis,llm_only,False,A,B,False,False,False,Base,llm_numeric,,,llm_only,,,,,,,[],mcq,,,,,{},a multiple choice question,,False,,,,,,False,
293,noise analysis,llm_only,False,C,B,False,False,False,Base,llm_numeric,,,llm_only,,,,,,,[],mcq,,,,,{},a multiple choice question,,False,,,,,,False,
295,noise analysis,llm_only,False,A,A,True,False,False,Base,llm_numeric,,,llm_only,,,,,,,[],mcq,,,,,{},a multiple choice question,,False,,,,,,False,
294,noise analysis,llm_only,False,D,A,False,False,False,Base,llm_numeric,,,llm_only,,,,,,,[],mcq,,,,,{},a multiple choice question,,False,,,,,,False,
296,noise analysis,llm_only,False,B,A,False,False,False,Base,llm_numeric,,,llm_only,,,,,,,[],mcq,,,,,{},a multiple choice question,,False,,,,,,False,
299,noise analysis,llm_only,False,A,A,True,False,False,Base,llm_numeric,,,llm_only,,,,,,,[],mcq,,,,,{},a multiple choice question,,False,,,,,,False,
297,noise analysis,llm_only,False,C,A,False,False,False,Base,llm_numeric,,,llm_only,,,,,,,[],mcq,,,,,{},a multiple choice question,,False,,,,,,False,
300,noise analysis,llm_only,False,B,B,True,False,False,Base,llm_numeric,,,llm_only,,,,,,,[],mcq,,,,,{},a multiple choice question,,False,,,,,,False,
298,noise analysis,llm_only,False,D,B,False,False,False,Base,llm_numeric,,,llm_only,,,,,,,[],mcq,,,,,{},a multiple choice question,,False,,,,,,False,
306,basic analysis,llm_numeric,False,-234.01,-234.01,True,False,False,Base,llm_numeric,,,llm_numeric,,,,,,,[],numerical,-234.01,,,1.0,{},numerical,,False,,,,,,False,
305,basic analysis,llm_numeric,False, 275.19,275.19,True,False,False,Base,llm_numeric,,,llm_numeric,,,,,,,[],numerical,275.19,,,1.0,{},numerical,,False,,,,,,False,
308,basic analysis,llm_numeric,False, 1.20,1.19,True,False,False,Base,llm_numeric,,,llm_numeric,,,,,,,[],numerical,1.19,,,0.9916666666666667,{},numerical,,False,,,,,,False,
301,basic analysis,llm_numeric,False, 574.22,562.6,True,False,False,Base,llm_numeric,,,llm_numeric,,,,,,,[],numerical,562.6,,,0.9797638535752847,{},numerical,,False,,,,,,False,
304,basic analysis,llm_numeric,False,-25.50,-10.35,False,False,False,Base,llm_numeric,,,llm_numeric,,,,,,,[],numerical,-10.35,,,0.40588235294117647,{},numerical,,False,,,,,,False,
307,basic analysis,llm_numeric,False, 637.83,637.78,True,False,False,Base,llm_numeric,,,llm_numeric,,,,,,,[],numerical,637.78,,,0.9999216092062148,{},numerical,,False,,,,,,False,
303,basic analysis,llm_numeric,False,-128.58,-112.92,False,False,False,Base,llm_numeric,,,llm_numeric,,,,,,,[],numerical,-112.92,,,0.8782081194587027,{},numerical,,False,,,,,,False,
302,basic analysis,llm_numeric,False, 193.68,195.56566565656567,True,False,False,Base,llm_numeric,,,llm_numeric,,,,,,,[],numerical,195.56566565656567,,,0.9902640145778312,{},numerical,,False,,,,,,False,
309,basic analysis,llm_numeric,False,-367.20,-367.2,True,False,False,Base,llm_numeric,,,llm_numeric,,,,,,,[],numerical,-367.2,,,1.0,{},numerical,,False,,,,,,False,
310,basic analysis,llm_numeric,False, 237.68,237.68,True,False,False,Base,llm_numeric,,,llm_numeric,,,,,,,[],numerical,237.68,,,1.0,{},numerical,,False,,,,,,False,
313,basic analysis,llm_numeric,False, 184.90,184.9,True,False,False,Base,llm_numeric,,,llm_numeric,,,,,,,[],numerical,184.9,,,1.0,{},numerical,,False,,,,,,False,
311,basic analysis,llm_numeric,False, 33.59,33.55565665656566,True,False,False,Base,llm_numeric,,,llm_numeric,,,,,,,[],numerical,33.55565665656566,,,0.99897757238957,{},numerical,,False,,,,,,False,
312,basic analysis,llm_numeric,False, 742.11,674.46,True,False,False,Base,llm_numeric,,,llm_numeric,,,,,,,[],numerical,674.46,,,0.9088410073978251,{},numerical,,False,,,,,,False,
317,basic analysis,llm_numeric,False,-9.11,15.555555555555555,False,False,False,Base,llm_numeric,,,llm_numeric,,,,,,,[],numerical,15.555555555555555,,,0.0,{},numerical,,False,,,,,,False,
316,basic analysis,llm_numeric,False, 241.15,241.73,True,False,False,Base,llm_numeric,,,llm_numeric,,,,,,,[],numerical,241.73,,,0.9975948579722165,{},numerical,,False,,,,,,False,
314,basic analysis,llm_numeric,False, 194.16,185.5565665566656,True,False,False,Base,llm_numeric,,,llm_numeric,,,,,,,[],numerical,185.5565665566656,,,0.9556889501270375,{},numerical,,False,,,,,,False,
319,basic analysis,llm_numeric,False, 258.97,244.88,True,False,False,Base,llm_numeric,,,llm_numeric,,,,,,,[],numerical,244.88,,,0.945592153531297,{},numerical,,False,,,,,,False,
320,basic analysis,llm_numeric,False, 0.57,0.57,True,False,False,Base,llm_numeric,,,llm_numeric,,,,,,,[],numerical,0.57,,,1.0,{},numerical,,False,,,,,,False,
318,basic analysis,llm_numeric,False,-25.50,-10.35,False,False,False,Base,llm_numeric,,,llm_numeric,,,,,,,[],numerical,-10.35,,,0.40588235294117647,{},numerical,,False,,,,,,False,
323,basic analysis,llm_numeric,False, 1.14,-16.4,False,False,False,Base,llm_numeric,,,llm_numeric,,,,,,,[],numerical,-16.4,,,0.0,{},numerical,,False,,,,,,False,
315,basic analysis,llm_numeric,False, 578.86,431.38,False,False,False,Base,llm_numeric,,,llm_numeric,,,,,,,[],numerical,431.38,,,0.7452233700722108,{},numerical,,False,,,,,,False,
322,basic analysis,llm_numeric,False, 134.44,74.21,False,False,False,Base,llm_numeric,,,llm_numeric,,,,,,,[],numerical,74.21,,,0.5519934543290688,{},numerical,,False,,,,,,False,
325,basic analysis,llm_numeric,False,-490.15,-214.67,False,False,False,Base,llm_numeric,,,llm_numeric,,,,,,,[],numerical,-214.67,,,0.43796796898908497,{},numerical,,False,,,,,,False,
321,basic analysis,llm_numeric,False,-483.31,-435.5566486972147,True,False,False,Base,llm_numeric,,,llm_numeric,,,,,,,[],numerical,-435.5566486972147,,,0.9011951929345859,{},numerical,,False,,,,,,False,
327,basic analysis,llm_numeric,False,-45.77,-25.51,False,False,False,Base,llm_numeric,,,llm_numeric,,,,,,,[],numerical,-25.51,,,0.5573519772776928,{},numerical,,False,,,,,,False,
326,basic analysis,llm_numeric,False, 98.69,95.55686956521738,True,False,False,Base,llm_numeric,,,llm_numeric,,,,,,,[],numerical,95.55686956521738,,,0.9682528074295003,{},numerical,,False,,,,,,False,
324,basic analysis,llm_numeric,False, 247.91,248.95,True,False,False,Base,llm_numeric,,,llm_numeric,,,,,,,[],numerical,248.95,,,0.9958049292081804,{},numerical,,False,,,,,,False,
329,basic analysis,llm_numeric,False, 252.14,257.53,True,False,False,Base,llm_numeric,,,llm_numeric,,,,,,,[],numerical,257.53,,,0.9786229872293171,{},numerical,,False,,,,,,False,
331,basic analysis,llm_numeric,False, 798.11,798.11,True,False,False,Base,llm_numeric,,,llm_numeric,,,,,,,[],numerical,798.11,,,1.0,{},numerical,,False,,,,,,False,
328,basic analysis,llm_numeric,False,-745.62,-714.34,True,False,False,Base,llm_numeric,,,llm_numeric,,,,,,,[],numerical,-714.34,,,0.9580483356133151,{},numerical,,False,,,,,,False,
332,basic analysis,llm_numeric,False,-105.75,-105.75,True,False,False,Base,llm_numeric,,,llm_numeric,,,,,,,[],numerical,-105.75,,,1.0,{},numerical,,False,,,,,,False,
330,basic analysis,llm_numeric,False, 521.97,511.47,True,False,False,Base,llm_numeric,,,llm_numeric,,,,,,,[],numerical,511.47,,,0.9798839013736421,{},numerical,,False,,,,,,False,
334,basic analysis,llm_numeric,False,-35.24,-32.035,True,False,False,Base,llm_numeric,,,llm_numeric,,,,,,,[],numerical,-32.035,,,0.9090522133938704,{},numerical,,False,,,,,,False,
336,basic analysis,llm_numeric,False, 52.91,49.66,True,False,False,Base,llm_numeric,,,llm_numeric,,,,,,,[],numerical,49.66,,,0.9385749385749386,{},numerical,,False,,,,,,False,
335,basic analysis,llm_numeric,False,-709.31,-709.31,True,False,False,Base,llm_numeric,,,llm_numeric,,,,,,,[],numerical,-709.31,,,1.0,{},numerical,,False,,,,,,False,
337,basic analysis,llm_numeric,False, 1123.27,961.15,False,False,False,Base,llm_numeric,,,llm_numeric,,,,,,,[],numerical,961.15,,,0.8556713880011039,{},numerical,,False,,,,,,False,
340,basic analysis,llm_numeric,False, 25.21,25.21,True,False,False,Base,llm_numeric,,,llm_numeric,,,,,,,[],numerical,25.21,,,1.0,{},numerical,,False,,,,,,False,
333,basic analysis,llm_numeric,False, 286.09,284.76,True,False,False,Base,llm_numeric,,,llm_numeric,,,,,,,[],numerical,284.76,,,0.9953511132860289,{},numerical,,False,,,,,,False,
338,basic analysis,llm_numeric,False, 158.10,145.5658566656566,True,False,False,Base,llm_numeric,,,llm_numeric,,,,,,,[],numerical,145.5658566656566,,,0.9207201560130083,{},numerical,,False,,,,,,False,
342,basic analysis,llm_numeric,False,-472.48,-472.48,True,False,False,Base,llm_numeric,,,llm_numeric,,,,,,,[],numerical,-472.48,,,1.0,{},numerical,,False,,,,,,False,
339,basic analysis,llm_numeric,False,-51.98,-35.5566378565255,False,False,False,Base,llm_numeric,,,llm_numeric,,,,,,,[],numerical,-35.5566378565255,,,0.6840445913144575,{},numerical,,False,,,,,,False,
345,basic analysis,llm_numeric,False,-237.67,-237.67,True,False,False,Base,llm_numeric,,,llm_numeric,,,,,,,[],numerical,-237.67,,,1.0,{},numerical,,False,,,,,,False,
343,basic analysis,llm_numeric,False, 458.04,445.5565656565656,True,False,False,Base,llm_numeric,,,llm_numeric,,,,,,,[],numerical,445.5565656565656,,,0.9727459734009379,{},numerical,,False,,,,,,False,
341,basic analysis,llm_numeric,False, 925.29,879.59,True,False,False,Base,llm_numeric,,,llm_numeric,,,,,,,[],numerical,879.59,,,0.9506100790022588,{},numerical,,False,,,,,,False,
352,basic analysis,llm_numeric,False, 75.04,75.04,True,False,False,Base,llm_numeric,,,llm_numeric,,,,,,,[],numerical,75.04,,,1.0,{},numerical,,False,,,,,,False,
353,basic analysis,llm_numeric,False,-19.38,-18.25,True,False,False,Base,llm_numeric,,,llm_numeric,,,,,,,[],numerical,-18.25,,,0.9416924664602684,{},numerical,,False,,,,,,False,
346,basic analysis,llm_numeric,False,-95.32,-91.6,True,False,False,Base,llm_numeric,,,llm_numeric,,,,,,,[],numerical,-91.6,,,0.9609735627360471,{},numerical,,False,,,,,,False,
349,basic analysis,llm_numeric,False, 605.90,601.19,True,False,False,Base,llm_numeric,,,llm_numeric,,,,,,,[],numerical,601.19,,,0.9922264400066019,{},numerical,,False,,,,,,False,
347,basic analysis,llm_numeric,False, 62.83,63.35,True,False,False,Base,llm_numeric,,,llm_numeric,,,,,,,[],numerical,63.35,,,0.9917236988699665,{},numerical,,False,,,,,,False,
344,basic analysis,llm_numeric,False, 129.83,232.28,False,False,False,Base,llm_numeric,,,llm_numeric,,,,,,,[],numerical,232.28,,,0.21089116537009955,{},numerical,,False,,,,,,False,
350,basic analysis,llm_numeric,False,-15.39,11.4,False,False,False,Base,llm_numeric,,,llm_numeric,,,,,,,[],numerical,11.4,,,0.0,{},numerical,,False,,,,,,False,
351,basic analysis,llm_numeric,False, 115.19,112.07,True,False,False,Base,llm_numeric,,,llm_numeric,,,,,,,[],numerical,112.07,,,0.9729143154787742,{},numerical,,False,,,,,,False,
348,basic analysis,llm_numeric,False, 141.34,185.96,False,False,False,Base,llm_numeric,,,llm_numeric,,,,,,,[],numerical,185.96,,,0.6843073439932079,{},numerical,,False,,,,,,False,
355,basic analysis,llm_numeric,False, 3.63,3.63,True,False,False,Base,llm_numeric,,,llm_numeric,,,,,,,[],numerical,3.63,,,1.0,{},numerical,,False,,,,,,False,
354,basic analysis,llm_numeric,False, 934.93,901.23,True,False,False,Base,llm_numeric,,,llm_numeric,,,,,,,[],numerical,901.23,,,0.9639545206593008,{},numerical,,False,,,,,,False,
356,basic analysis,llm_numeric,False, 1364.40,1360.56,True,False,False,Base,llm_numeric,,,llm_numeric,,,,,,,[],numerical,1360.56,,,0.9971855760773966,{},numerical,,False,,,,,,False,
357,basic analysis,llm_numeric,False,-192.21,-205.55,True,False,False,Base,llm_numeric,,,llm_numeric,,,,,,,[],numerical,-205.55,,,0.9305967431455179,{},numerical,,False,,,,,,False,
360,basic analysis,llm_numeric,False, 0.92,0.47,False,False,False,Base,llm_numeric,,,llm_numeric,,,,,,,[],numerical,0.47,,,0.5108695652173912,{},numerical,,False,,,,,,False,
358,basic analysis,llm_numeric,False, 55.12,53.55656565656566,True,False,False,Base,llm_numeric,,,llm_numeric,,,,,,,[],numerical,53.55656565656566,,,0.971635806541467,{},numerical,,False,,,,,,False,
361,basic analysis,llm_numeric,False, 55.01,55.25,True,False,False,Base,llm_numeric,,,llm_numeric,,,,,,,[],numerical,55.25,,,0.9956371568805671,{},numerical,,False,,,,,,False,
363,basic analysis,llm_numeric,False,-515.75,-515.75,True,False,False,Base,llm_numeric,,,llm_numeric,,,,,,,[],numerical,-515.75,,,1.0,{},numerical,,False,,,,,,False,
359,basic analysis,llm_numeric,False, 1441.24,1442.13,True,False,False,Base,llm_numeric,,,llm_numeric,,,,,,,[],numerical,1442.13,,,0.999382476201049,{},numerical,,False,,,,,,False,
362,basic analysis,llm_numeric,False, 89.55,89.79,True,False,False,Base,llm_numeric,,,llm_numeric,,,,,,,[],numerical,89.79,,,0.9973199329983249,{},numerical,,False,,,,,,False,
371,basic analysis,llm_numeric,False, 399.49,399.65,True,False,False,Base,llm_numeric,,,llm_numeric,,,,,,,[],numerical,399.65,,,0.99959948934892,{},numerical,,False,,,,,,False,
367,basic analysis,llm_numeric,False, 199.95,196.42,True,False,False,Base,llm_numeric,,,llm_numeric,,,,,,,[],numerical,196.42,,,0.9823455863965992,{},numerical,,False,,,,,,False,
365,basic analysis,llm_numeric,False,-76.69,-85.45683773584906,False,False,False,Base,llm_numeric,,,llm_numeric,,,,,,,[],numerical,-85.45683773584906,,,0.885684734178523,{},numerical,,False,,,,,,False,
370,basic analysis,llm_numeric,False,-0.64,-0.66,True,False,False,Base,llm_numeric,,,llm_numeric,,,,,,,[],numerical,-0.66,,,0.96875,{},numerical,,False,,,,,,False,
364,basic analysis,llm_numeric,False, 46.20,15.556567435396826,False,False,False,Base,llm_numeric,,,llm_numeric,,,,,,,[],numerical,15.556567435396826,,,0.3367222388614032,{},numerical,,False,,,,,,False,
366,basic analysis,llm_numeric,False, 293.87,286.02,True,False,False,Base,llm_numeric,,,llm_numeric,,,,,,,[],numerical,286.02,,,0.9732875080818048,{},numerical,,False,,,,,,False,
372,basic analysis,llm_numeric,False, 149.60,88.05,False,False,False,Base,llm_numeric,,,llm_numeric,,,,,,,[],numerical,88.05,,,0.5885695187165776,{},numerical,,False,,,,,,False,
369,basic analysis,llm_numeric,False, 127.40,125.54655665665665,True,False,False,Base,llm_numeric,,,llm_numeric,,,,,,,[],numerical,125.54655665665665,,,0.9854517790946361,{},numerical,,False,,,,,,False,
373,basic analysis,llm_numeric,False,-23.80,-23.8,True,False,False,Base,llm_numeric,,,llm_numeric,,,,,,,[],numerical,-23.8,,,1.0,{},numerical,,False,,,,,,False,
368,basic analysis,llm_numeric,False, 44.35,55.54658666666667,False,False,False,Base,llm_numeric,,,llm_numeric,,,,,,,[],numerical,55.54658666666667,,,0.7475403231867719,{},numerical,,False,,,,,,False,
377,basic analysis,llm_numeric,False,-33.18,-33.18,True,False,False,Base,llm_numeric,,,llm_numeric,,,,,,,[],numerical,-33.18,,,1.0,{},numerical,,False,,,,,,False,
375,basic analysis,llm_numeric,False, 267.94,267.94,True,False,False,Base,llm_numeric,,,llm_numeric,,,,,,,[],numerical,267.94,,,1.0,{},numerical,,False,,,,,,False,
379,basic analysis,llm_numeric,False,-498.93,-497.11,True,False,False,Base,llm_numeric,,,llm_numeric,,,,,,,[],numerical,-497.11,,,0.9963521936945062,{},numerical,,False,,,,,,False,
374,basic analysis,llm_numeric,False,-171.27,-171.27,True,False,False,Base,llm_numeric,,,llm_numeric,,,,,,,[],numerical,-171.27,,,1.0,{},numerical,,False,,,,,,False,
376,basic analysis,llm_numeric,False,-724.83,-241.38,False,False,False,Base,llm_numeric,,,llm_numeric,,,,,,,[],numerical,-241.38,,,0.3330160175489425,{},numerical,,False,,,,,,False,
380,basic analysis,llm_numeric,False,-133.47,-133.47,True,False,False,Base,llm_numeric,,,llm_numeric,,,,,,,[],numerical,-133.47,,,1.0,{},numerical,,False,,,,,,False,
378,basic analysis,llm_numeric,False,-32.91,-34.61,True,False,False,Base,llm_numeric,,,llm_numeric,,,,,,,[],numerical,-34.61,,,0.948343968398663,{},numerical,,False,,,,,,False,
381,basic analysis,llm_numeric,False, 293.87,286.02,True,False,False,Base,llm_numeric,,,llm_numeric,,,,,,,[],numerical,286.02,,,0.9732875080818048,{},numerical,,False,,,,,,False,
384,basic analysis,llm_numeric,False, 971.05,971.05,True,False,False,Base,llm_numeric,,,llm_numeric,,,,,,,[],numerical,971.05,,,1.0,{},numerical,,False,,,,,,False,
385,basic analysis,llm_numeric,False, 37.88,37.96,True,False,False,Base,llm_numeric,,,llm_numeric,,,,,,,[],numerical,37.96,,,0.9978880675818375,{},numerical,,False,,,,,,False,
383,basic analysis,llm_numeric,False, 1.28,-0.08,False,False,False,Base,llm_numeric,,,llm_numeric,,,,,,,[],numerical,-0.08,,,0.0,{},numerical,,False,,,,,,False,
382,basic analysis,llm_numeric,False, 643.76,648.94,True,False,False,Base,llm_numeric,,,llm_numeric,,,,,,,[],numerical,648.94,,,0.991953523052069,{},numerical,,False,,,,,,False,
389,basic analysis,llm_numeric,False, 38.60,38.6,True,False,False,Base,llm_numeric,,,llm_numeric,,,,,,,[],numerical,38.6,,,1.0,{},numerical,,False,,,,,,False,
388,basic analysis,llm_numeric,False, 29.04,3.1,False,False,False,Base,llm_numeric,,,llm_numeric,,,,,,,[],numerical,3.1,,,0.10674931129476595,{},numerical,,False,,,,,,False,
387,basic analysis,llm_numeric,False,-16.46,-1.71,False,False,False,Base,llm_numeric,,,llm_numeric,,,,,,,[],numerical,-1.71,,,0.10388821385176195,{},numerical,,False,,,,,,False,
386,basic analysis,llm_numeric,False, 111.94,117.07,True,False,False,Base,llm_numeric,,,llm_numeric,,,,,,,[],numerical,117.07,,,0.9541718777916741,{},numerical,,False,,,,,,False,
390,basic analysis,llm_numeric,False, 235.50,233.2,True,False,False,Base,llm_numeric,,,llm_numeric,,,,,,,[],numerical,233.2,,,0.9902335456475584,{},numerical,,False,,,,,,False,
392,basic analysis,llm_numeric,False, 317.45,273.2,False,False,False,Base,llm_numeric,,,llm_numeric,,,,,,,[],numerical,273.2,,,0.8606079697590172,{},numerical,,False,,,,,,False,
394,basic analysis,llm_numeric,False,-201.35,-235.55568181818182,False,False,False,Base,llm_numeric,,,llm_numeric,,,,,,,[],numerical,-235.55568181818182,,,0.8301182924351536,{},numerical,,False,,,,,,False,
393,basic analysis,llm_numeric,False, 269.68,316.23,False,False,False,Base,llm_numeric,,,llm_numeric,,,,,,,[],numerical,316.23,,,0.8273880154256896,{},numerical,,False,,,,,,False,
391,basic analysis,llm_numeric,False, 104.88,65.55654906284454,False,False,False,Base,llm_numeric,,,llm_numeric,,,,,,,[],numerical,65.55654906284454,,,0.6250624433909663,{},numerical,,False,,,,,,False,
395,basic analysis,llm_numeric,False, 33.31,33.31,True,False,False,Base,llm_numeric,,,llm_numeric,,,,,,,[],numerical,33.31,,,1.0,{},numerical,,False,,,,,,False,
409,stationarity,llm_numeric,False, 1875.27,,False,False,False,Base,llm_numeric,,,llm_numeric,,,,,,,[],numerical,,,llm_unparseable,,{},numerical,,False,,,,,,False,
396,basic analysis,llm_numeric,False, 389.59,378.14,True,False,False,Base,llm_numeric,,,llm_numeric,,,,,,,[],numerical,378.14,,,0.9706101285967299,{},numerical,,False,,,,,,False,
402,stationarity,llm_numeric,False, 858.04,858.04,True,False,False,Base,llm_numeric,,,llm_numeric,,,,,,,[],numerical,858.04,,,1.0,{},numerical,,False,,,,,,False,
401,stationarity,llm_numeric,False,-773.69,-773.69,True,False,False,Base,llm_numeric,,,llm_numeric,,,,,,,[],numerical,-773.69,,,1.0,{},numerical,,False,,,,,,False,
400,basic analysis,llm_numeric,False, 275.19,275.19,True,False,False,Base,llm_numeric,,,llm_numeric,,,,,,,[],numerical,275.19,,,1.0,{},numerical,,False,,,,,,False,
398,basic analysis,llm_numeric,False, 174.34,156.23,False,False,False,Base,llm_numeric,,,llm_numeric,,,,,,,[],numerical,156.23,,,0.8961225192153263,{},numerical,,False,,,,,,False,
399,basic analysis,llm_numeric,False,-77.14,-54.09,False,False,False,Base,llm_numeric,,,llm_numeric,,,,,,,[],numerical,-54.09,,,0.7011926367643246,{},numerical,,False,,,,,,False,
397,basic analysis,llm_numeric,False,-160.01,-160.01,True,False,False,Base,llm_numeric,,,llm_numeric,,,,,,,[],numerical,-160.01,,,1.0,{},numerical,,False,,,,,,False,
403,stationarity,llm_numeric,False, 11.70,2.555335689045936,False,False,False,Base,llm_numeric,,,llm_numeric,,,,,,,[],numerical,2.555335689045936,,,0.21840475974751594,{},numerical,,False,,,,,,False,
404,stationarity,llm_numeric,False,-527.36,-12.58,False,False,False,Base,llm_numeric,,,llm_numeric,,,,,,,[],numerical,-12.58,,,0.023854672330097193,{},numerical,,False,,,,,,False,
405,stationarity,llm_numeric,False, 572.64,674.8793356643357,False,False,False,Base,llm_numeric,,,llm_numeric,,,,,,,[],numerical,674.8793356643357,,,0.8214596680910594,{},numerical,,False,,,,,,False,
406,stationarity,llm_numeric,False, 164.60,155.556734006734,True,False,False,Base,llm_numeric,,,llm_numeric,,,,,,,[],numerical,155.556734006734,,,0.9450591373434629,{},numerical,,False,,,,,,False,
408,stationarity,llm_numeric,False, 204.90,166.48,False,False,False,Base,llm_numeric,,,llm_numeric,,,,,,,[],numerical,166.48,,,0.8124938994631526,{},numerical,,False,,,,,,False,
407,stationarity,llm_numeric,False,-246.78,280.19,False,False,False,Base,llm_numeric,,,llm_numeric,,,,,,,[],numerical,280.19,,,0.0,{},numerical,,False,,,,,,False,
410,stationarity,llm_numeric,False, 12.55,41.5,False,False,False,Base,llm_numeric,,,llm_numeric,,,,,,,[],numerical,41.5,,,0.0,{},numerical,,False,,,,,,False,
417,stationarity,llm_numeric,False, 424.71,424.71,True,False,False,Base,llm_numeric,,,llm_numeric,,,,,,,[],numerical,424.71,,,1.0,{},numerical,,False,,,,,,False,
414,stationarity,llm_numeric,False, 599.73,599.73,True,False,False,Base,llm_numeric,,,llm_numeric,,,,,,,[],numerical,599.73,,,1.0,{},numerical,,False,,,,,,False,
412,stationarity,llm_numeric,False, 1922.33,1922.32,True,False,False,Base,llm_numeric,,,llm_numeric,,,,,,,[],numerical,1922.32,,,0.9999947979795353,{},numerical,,False,,,,,,False,
419,stationarity,llm_numeric,False, 146.81,0.0,False,False,False,Base,llm_numeric,,,llm_numeric,,,,,,,[],numerical,0.0,,,0.0,{},numerical,,False,,,,,,False,
411,stationarity,llm_numeric,False,-176.72,-131.08,False,False,False,Base,llm_numeric,,,llm_numeric,,,,,,,[],numerical,-131.08,,,0.7417383431416931,{},numerical,,False,,,,,,False,
418,stationarity,llm_numeric,False,-259.52,-259.31,True,False,False,Base,llm_numeric,,,llm_numeric,,,,,,,[],numerical,-259.31,,,0.9991908138101111,{},numerical,,False,,,,,,False,
416,stationarity,llm_numeric,False,-527.36,0.0,False,False,False,Base,llm_numeric,,,llm_numeric,,,,,,,[],numerical,0.0,,,0.0,{},numerical,,False,,,,,,False,
415,stationarity,llm_numeric,False, 63.96,58.82,True,False,False,Base,llm_numeric,,,llm_numeric,,,,,,,[],numerical,58.82,,,0.9196372732958099,{},numerical,,False,,,,,,False,
413,stationarity,llm_numeric,False,-269.86,-269.86,True,False,False,Base,llm_numeric,,,llm_numeric,,,,,,,[],numerical,-269.86,,,1.0,{},numerical,,False,,,,,,False,
423,stationarity,llm_numeric,False, 504.42,437.72,False,False,False,Base,llm_numeric,,,llm_numeric,,,,,,,[],numerical,437.72,,,0.8677689227231276,{},numerical,,False,,,,,,False,
421,stationarity,llm_numeric,False,-230.18,-115.5565671641791,False,False,False,Base,llm_numeric,,,llm_numeric,,,,,,,[],numerical,-115.5565671641791,,,0.5020269665660748,{},numerical,,False,,,,,,False,
420,stationarity,llm_numeric,False, 1204.92,1158.05,True,False,False,Base,llm_numeric,,,llm_numeric,,,,,,,[],numerical,1158.05,,,0.9611011519436974,{},numerical,,False,,,,,,False,
422,stationarity,llm_numeric,False, 70.36,67.5585656655566,True,False,False,Base,llm_numeric,,,llm_numeric,,,,,,,[],numerical,67.5585656655566,,,0.9601842760880699,{},numerical,,False,,,,,,False,
424,stationarity,llm_numeric,False, 690.83,699.26,True,False,False,Base,llm_numeric,,,llm_numeric,,,,,,,[],numerical,699.26,,,0.9877972873210487,{},numerical,,False,,,,,,False,
425,stationarity,llm_numeric,False, 137.87,138.25,True,False,False,Base,llm_numeric,,,llm_numeric,,,,,,,[],numerical,138.25,,,0.997243780372815,{},numerical,,False,,,,,,False,
431,stationarity,llm_numeric,False, 457.53,457.53,True,False,False,Base,llm_numeric,,,llm_numeric,,,,,,,[],numerical,457.53,,,1.0,{},numerical,,False,,,,,,False,
426,stationarity,llm_numeric,False, 482.67,-627.89,False,False,False,Base,llm_numeric,,,llm_numeric,,,,,,,[],numerical,-627.89,,,0.0,{},numerical,,False,,,,,,False,
429,stationarity,llm_numeric,False,-123.76,-14.565531686358755,False,False,False,Base,llm_numeric,,,llm_numeric,,,,,,,[],numerical,-14.565531686358755,,,0.11769175570748835,{},numerical,,False,,,,,,False,
433,stationarity,llm_numeric,False, 825.70,825.7,True,False,False,Base,llm_numeric,,,llm_numeric,,,,,,,[],numerical,825.7,,,1.0,{},numerical,,False,,,,,,False,
428,stationarity,llm_numeric,False,-484.77,-484.77,True,False,False,Base,llm_numeric,,,llm_numeric,,,,,,,[],numerical,-484.77,,,1.0,{},numerical,,False,,,,,,False,
435,stationarity,llm_numeric,False, 1049.21,1049.2,True,False,False,Base,llm_numeric,,,llm_numeric,,,,,,,[],numerical,1049.2,,,0.999990469019548,{},numerical,,False,,,,,,False,
430,stationarity,llm_numeric,False, 291.75,255.56550916496946,False,False,False,Base,llm_numeric,,,llm_numeric,,,,,,,[],numerical,255.56550916496946,,,0.875974324472903,{},numerical,,False,,,,,,False,
427,stationarity,llm_numeric,False,-280.72,-256.47,True,False,False,Base,llm_numeric,,,llm_numeric,,,,,,,[],numerical,-256.47,,,0.9136149900256484,{},numerical,,False,,,,,,False,
432,stationarity,llm_numeric,False, 104.30,105.5486566655566,True,False,False,Base,llm_numeric,,,llm_numeric,,,,,,,[],numerical,105.5486566655566,,,0.9880282198891984,{},numerical,,False,,,,,,False,
434,stationarity,llm_numeric,False, 156.03,156.03,True,False,False,Base,llm_numeric,,,llm_numeric,,,,,,,[],numerical,156.03,,,1.0,{},numerical,,False,,,,,,False,
437,stationarity,llm_numeric,False, 359.85,132.31,False,False,False,Base,llm_numeric,,,llm_numeric,,,,,,,[],numerical,132.31,,,0.36768097818535495,{},numerical,,False,,,,,,False,
436,stationarity,llm_numeric,False, 202.75,141.52,False,False,False,Base,llm_numeric,,,llm_numeric,,,,,,,[],numerical,141.52,,,0.6980024660912454,{},numerical,,False,,,,,,False,
439,stationarity,llm_numeric,False, 11.03,212.34,False,False,False,Base,llm_numeric,,,llm_numeric,,,,,,,[],numerical,212.34,,,0.0,{},numerical,,False,,,,,,False,
440,stationarity,llm_numeric,False, 672.75,672.75,True,False,False,Base,llm_numeric,,,llm_numeric,,,,,,,[],numerical,672.75,,,1.0,{},numerical,,False,,,,,,False,
438,stationarity,llm_numeric,False,-203.97,-14.44,False,False,False,Base,llm_numeric,,,llm_numeric,,,,,,,[],numerical,-14.44,,,0.07079472471441872,{},numerical,,False,,,,,,False,
441,stationarity,llm_numeric,False, 165.27,165.27,True,False,False,Base,llm_numeric,,,llm_numeric,,,,,,,[],numerical,165.27,,,1.0,{},numerical,,False,,,,,,False,
450,stationarity,llm_numeric,False,-49.19,-49.19,True,False,False,Base,llm_numeric,,,llm_numeric,,,,,,,[],numerical,-49.19,,,1.0,{},numerical,,False,,,,,,False,
446,stationarity,llm_numeric,False, 91.68,91.68,True,False,False,Base,llm_numeric,,,llm_numeric,,,,,,,[],numerical,91.68,,,1.0,{},numerical,,False,,,,,,False,
445,stationarity,llm_numeric,False, 117.17,117.17,True,False,False,Base,llm_numeric,,,llm_numeric,,,,,,,[],numerical,117.17,,,1.0,{},numerical,,False,,,,,,False,
442,stationarity,llm_numeric,False, 14.05,13.88,True,False,False,Base,llm_numeric,,,llm_numeric,,,,,,,[],numerical,13.88,,,0.9879003558718862,{},numerical,,False,,,,,,False,
443,stationarity,llm_numeric,False, 370.89,379.16,True,False,False,Base,llm_numeric,,,llm_numeric,,,,,,,[],numerical,379.16,,,0.9777022836959745,{},numerical,,False,,,,,,False,
444,stationarity,llm_numeric,False, 497.86,497.86,True,False,False,Base,llm_numeric,,,llm_numeric,,,,,,,[],numerical,497.86,,,1.0,{},numerical,,False,,,,,,False,
448,stationarity,llm_numeric,False, 417.63,418.2,True,False,False,Base,llm_numeric,,,llm_numeric,,,,,,,[],numerical,418.2,,,0.9986351555204368,{},numerical,,False,,,,,,False,
452,stationarity,llm_numeric,False, 56.28,33.66,False,False,False,Base,llm_numeric,,,llm_numeric,,,,,,,[],numerical,33.66,,,0.5980810234541577,{},numerical,,False,,,,,,False,
447,stationarity,llm_numeric,False, 368.63,315.5565665665665,False,False,False,Base,llm_numeric,,,llm_numeric,,,,,,,[],numerical,315.5565665665665,,,0.8560251921074424,{},numerical,,False,,,,,,False,
455,stationarity,llm_numeric,False,-166.68,-166.68,True,False,False,Base,llm_numeric,,,llm_numeric,,,,,,,[],numerical,-166.68,,,1.0,{},numerical,,False,,,,,,False,
449,stationarity,llm_numeric,False, 625.72,625.72,True,False,False,Base,llm_numeric,,,llm_numeric,,,,,,,[],numerical,625.72,,,1.0,{},numerical,,False,,,,,,False,
453,stationarity,llm_numeric,False, 24.41,24.41,True,False,False,Base,llm_numeric,,,llm_numeric,,,,,,,[],numerical,24.41,,,1.0,{},numerical,,False,,,,,,False,
454,stationarity,llm_numeric,False, 121.15,113.28,True,False,False,Base,llm_numeric,,,llm_numeric,,,,,,,[],numerical,113.28,,,0.9350392075938918,{},numerical,,False,,,,,,False,
451,stationarity,llm_numeric,False,-247.96,-247.96,True,False,False,Base,llm_numeric,,,llm_numeric,,,,,,,[],numerical,-247.96,,,1.0,{},numerical,,False,,,,,,False,
456,stationarity,llm_numeric,False, 1062.35,1062.36,True,False,False,Base,llm_numeric,,,llm_numeric,,,,,,,[],numerical,1062.36,,,0.9999905869063868,{},numerical,,False,,,,,,False,
458,stationarity,llm_numeric,False, 234.33,234.33,True,False,False,Base,llm_numeric,,,llm_numeric,,,,,,,[],numerical,234.33,,,1.0,{},numerical,,False,,,,,,False,
460,stationarity,llm_numeric,False,-250.66,-250.66,True,False,False,Base,llm_numeric,,,llm_numeric,,,,,,,[],numerical,-250.66,,,1.0,{},numerical,,False,,,,,,False,
461,stationarity,llm_numeric,False, 17.11,18.556565656565656,True,False,False,Base,llm_numeric,,,llm_numeric,,,,,,,[],numerical,18.556565656565656,,,0.9154549587045203,{},numerical,,False,,,,,,False,
459,stationarity,llm_numeric,False, 7.71,524.6,False,False,False,Base,llm_numeric,,,llm_numeric,,,,,,,[],numerical,524.6,,,0.0,{},numerical,,False,,,,,,False,
463,stationarity,llm_numeric,False, 523.36,523.36,True,False,False,Base,llm_numeric,,,llm_numeric,,,,,,,[],numerical,523.36,,,1.0,{},numerical,,False,,,,,,False,
467,stationarity,llm_numeric,False, 376.74,376.74,True,False,False,Base,llm_numeric,,,llm_numeric,,,,,,,[],numerical,376.74,,,1.0,{},numerical,,False,,,,,,False,
457,stationarity,llm_numeric,False, 627.10,655.5656656565657,True,False,False,Base,llm_numeric,,,llm_numeric,,,,,,,[],numerical,655.5656656565657,,,0.9546074539043763,{},numerical,,False,,,,,,False,
464,stationarity,llm_numeric,False,-69.06,-69.06,True,False,False,Base,llm_numeric,,,llm_numeric,,,,,,,[],numerical,-69.06,,,1.0,{},numerical,,False,,,,,,False,
466,stationarity,llm_numeric,False, 3.08,-1.5556396866840732,False,False,False,Base,llm_numeric,,,llm_numeric,,,,,,,[],numerical,-1.5556396866840732,,,0.0,{},numerical,,False,,,,,,False,
465,stationarity,llm_numeric,False, 104.87,126.3,False,False,False,Base,llm_numeric,,,llm_numeric,,,,,,,[],numerical,126.3,,,0.7956517593210642,{},numerical,,False,,,,,,False,
469,stationarity,llm_numeric,False, 583.35,583.35,True,False,False,Base,llm_numeric,,,llm_numeric,,,,,,,[],numerical,583.35,,,1.0,{},numerical,,False,,,,,,False,
462,stationarity,llm_numeric,False, 35.12,25.555539772727272,False,False,False,Base,llm_numeric,,,llm_numeric,,,,,,,[],numerical,25.555539772727272,,,0.7276634331642162,{},numerical,,False,,,,,,False,
470,stationarity,llm_numeric,False, 1862.98,1862.98,True,False,False,Base,llm_numeric,,,llm_numeric,,,,,,,[],numerical,1862.98,,,1.0,{},numerical,,False,,,,,,False,
468,stationarity,llm_numeric,False, 74.36,-16.09,False,False,False,Base,llm_numeric,,,llm_numeric,,,,,,,[],numerical,-16.09,,,0.0,{},numerical,,False,,,,,,False,
471,stationarity,llm_numeric,False, 27.48,34.95663959390863,False,False,False,Base,llm_numeric,,,llm_numeric,,,,,,,[],numerical,34.95663959390863,,,0.7279243233657703,{},numerical,,False,,,,,,False,
473,stationarity,llm_numeric,False, 128.89,128.31,True,False,False,Base,llm_numeric,,,llm_numeric,,,,,,,[],numerical,128.31,,,0.9955000387927692,{},numerical,,False,,,,,,False,
472,stationarity,llm_numeric,False, 47.16,47.16,True,False,False,Base,llm_numeric,,,llm_numeric,,,,,,,[],numerical,47.16,,,1.0,{},numerical,,False,,,,,,False,
478,stationarity,llm_numeric,False, 450.46,450.46,True,False,False,Base,llm_numeric,,,llm_numeric,,,,,,,[],numerical,450.46,,,1.0,{},numerical,,False,,,,,,False,
477,stationarity,llm_numeric,False, 193.48,193.7,True,False,False,Base,llm_numeric,,,llm_numeric,,,,,,,[],numerical,193.7,,,0.9988629315691544,{},numerical,,False,,,,,,False,
475,stationarity,llm_numeric,False, 299.81,305.55657094594596,True,False,False,Base,llm_numeric,,,llm_numeric,,,,,,,[],numerical,305.55657094594596,,,0.9808326241754912,{},numerical,,False,,,,,,False,
482,stationarity,llm_numeric,False, 670.17,670.17,True,False,False,Base,llm_numeric,,,llm_numeric,,,,,,,[],numerical,670.17,,,1.0,{},numerical,,False,,,,,,False,
476,stationarity,llm_numeric,False, 408.22,405.51,True,False,False,Base,llm_numeric,,,llm_numeric,,,,,,,[],numerical,405.51,,,0.9933614227622359,{},numerical,,False,,,,,,False,
480,stationarity,llm_numeric,False, 247.61,236.16,True,False,False,Base,llm_numeric,,,llm_numeric,,,,,,,[],numerical,236.16,,,0.9537579257703647,{},numerical,,False,,,,,,False,
474,stationarity,llm_numeric,False, 578.57,578.57,True,False,False,Base,llm_numeric,,,llm_numeric,,,,,,,[],numerical,578.57,,,1.0,{},numerical,,False,,,,,,False,
479,stationarity,llm_numeric,False, 557.98,562.47,True,False,False,Base,llm_numeric,,,llm_numeric,,,,,,,[],numerical,562.47,,,0.9919531165991613,{},numerical,,False,,,,,,False,
483,stationarity,llm_numeric,False, 678.62,715.5653770491803,True,False,False,Base,llm_numeric,,,llm_numeric,,,,,,,[],numerical,715.5653770491803,,,0.945558078086145,{},numerical,,False,,,,,,False,
486,stationarity,llm_numeric,False, 126.01,591.74,False,False,False,Base,llm_numeric,,,llm_numeric,,,,,,,[],numerical,591.74,,,0.0,{},numerical,,False,,,,,,False,
484,stationarity,llm_numeric,False, 77.16,188.17,False,False,False,Base,llm_numeric,,,llm_numeric,,,,,,,[],numerical,188.17,,,0.0,{},numerical,,False,,,,,,False,
488,stationarity,llm_numeric,False,-49.72,-49.72,True,False,False,Base,llm_numeric,,,llm_numeric,,,,,,,[],numerical,-49.72,,,1.0,{},numerical,,False,,,,,,False,
481,stationarity,llm_numeric,False, 884.84,884.84,True,False,False,Base,llm_numeric,,,llm_numeric,,,,,,,[],numerical,884.84,,,1.0,{},numerical,,False,,,,,,False,
490,stationarity,llm_numeric,False,-203.64,-199.55,True,False,False,Base,llm_numeric,,,llm_numeric,,,,,,,[],numerical,-199.55,,,0.9799155372225498,{},numerical,,False,,,,,,False,
487,stationarity,llm_numeric,False, 258.98,263.66,True,False,False,Base,llm_numeric,,,llm_numeric,,,,,,,[],numerical,263.66,,,0.98192910649471,{},numerical,,False,,,,,,False,
485,stationarity,llm_numeric,False,-6.60,148.27856373428904,False,False,False,Base,llm_numeric,,,llm_numeric,,,,,,,[],numerical,148.27856373428904,,,0.0,{},numerical,,False,,,,,,False,
492,stationarity,llm_numeric,False, 681.59,613.51,True,False,False,Base,llm_numeric,,,llm_numeric,,,,,,,[],numerical,613.51,,,0.9001159054563593,{},numerical,,False,,,,,,False,
495,stationarity,llm_numeric,False,-329.32,-424.71,False,False,False,Base,llm_numeric,,,llm_numeric,,,,,,,[],numerical,-424.71,,,0.7103425239888255,{},numerical,,False,,,,,,False,
493,stationarity,llm_numeric,False, 79.86,105.55559090909091,False,False,False,Base,llm_numeric,,,llm_numeric,,,,,,,[],numerical,105.55559090909091,,,0.6782420372014661,{},numerical,,False,,,,,,False,
489,stationarity,llm_numeric,False, 115.36,185.55866566666666,False,False,False,Base,llm_numeric,,,llm_numeric,,,,,,,[],numerical,185.55866566666666,,,0.39148174699491456,{},numerical,,False,,,,,,False,
497,stationarity,llm_numeric,False,-934.95,-934.95,True,False,False,Base,llm_numeric,,,llm_numeric,,,,,,,[],numerical,-934.95,,,1.0,{},numerical,,False,,,,,,False,
494,stationarity,llm_numeric,False, 483.72,425.5586656665556,False,False,False,Base,llm_numeric,,,llm_numeric,,,,,,,[],numerical,425.5586656665556,,,0.8797623949114273,{},numerical,,False,,,,,,False,
499,stationarity,llm_numeric,False, 9.15,9.15,True,False,False,Base,llm_numeric,,,llm_numeric,,,,,,,[],numerical,9.15,,,1.0,{},numerical,,False,,,,,,False,
501,index,llm_numeric,False,10,10.0,True,False,False,Base,llm_numeric,,,llm_numeric,,,,,,,[],numerical,10.0,,,1.0,{},numerical,,False,,,,,,False,
491,stationarity,llm_numeric,False, 392.63,455.586566656,False,False,False,Base,llm_numeric,,,llm_numeric,,,,,,,[],numerical,455.586566656,,,0.8396542122201563,{},numerical,,False,,,,,,False,
496,stationarity,llm_numeric,False, 144.24,115.55663442940039,False,False,False,Base,llm_numeric,,,llm_numeric,,,,,,,[],numerical,115.55663442940039,,,0.801141392328067,{},numerical,,False,,,,,,False,
504,index,llm_only,False,B,,False,False,False,Base,llm_numeric,,,llm_only,,,,,,,[],mcq,,,,,{},a binary choice question,,False,,,,,,False,
502,index,llm_numeric,False,105,103.0,True,False,False,Base,llm_numeric,,,llm_numeric,,,,,,,[],numerical,103.0,,,0.9809523809523809,{},numerical,,False,,,,,,False,
500,stationarity,llm_numeric,False, 190.22,190.22,True,False,False,Base,llm_numeric,,,llm_numeric,,,,,,,[],numerical,190.22,,,1.0,{},numerical,,False,,,,,,False,
498,stationarity,llm_numeric,False, 549.74,549.74,True,False,False,Base,llm_numeric,,,llm_numeric,,,,,,,[],numerical,549.74,,,1.0,{},numerical,,False,,,,,,False,
506,index,llm_only,False,A,,False,False,False,Base,llm_numeric,,,llm_only,,,,,,,[],mcq,,,,,{},a binary choice question,,False,,,,,,False,
505,index,llm_only,False,C,B,False,False,False,Base,llm_numeric,,,llm_only,,,,,,,[],mcq,,,,,{},a multiple choice question,,False,,,,,,False,
503,index,llm_numeric,False,5,5.0,True,False,False,Base,llm_numeric,,,llm_numeric,,,,,,,[],numerical,5.0,,,1.0,{},numerical,,False,,,,,,False,
508,index,llm_numeric,False,5,3.0,False,False,False,Base,llm_numeric,,,llm_numeric,,,,,,,[],numerical,3.0,,,0.6,{},numerical,,False,,,,,,False,
511,index,llm_only,False,C,B,False,False,False,Base,llm_numeric,,,llm_only,,,,,,,[],mcq,,,,,{},a multiple choice question,,False,,,,,,False,
509,index,llm_numeric,False,96,96.0,True,False,False,Base,llm_numeric,,,llm_numeric,,,,,,,[],numerical,96.0,,,1.0,{},numerical,,False,,,,,,False,
510,index,llm_only,False,B,D,False,False,False,Base,llm_numeric,,,llm_only,,,,,,,[],mcq,,,,,{},a multiple choice question,,False,,,,,,False,
517,index,llm_numeric,False,112,111.0,True,False,False,Base,llm_numeric,,,llm_numeric,,,,,,,[],numerical,111.0,,,0.9910714285714286,{},numerical,,False,,,,,,False,
513,index,llm_numeric,False,931,854.0,True,False,False,Base,llm_numeric,,,llm_numeric,,,,,,,[],numerical,854.0,,,0.9172932330827068,{},numerical,,False,,,,,,False,
507,index,llm_only,False,B,B,True,False,False,Base,llm_numeric,,,llm_only,,,,,,,[],mcq,,,,,{},a multiple choice question,,False,,,,,,False,
516,index,llm_only,False,A,,False,False,False,Base,llm_numeric,,,llm_only,,,,,,,[],mcq,,,,,{},a binary choice question,,False,,,,,,False,
514,index,llm_numeric,False,5,5.0,True,False,False,Base,llm_numeric,,,llm_numeric,,,,,,,[],numerical,5.0,,,1.0,{},numerical,,False,,,,,,False,
512,index,llm_only,False,B,,False,False,False,Base,llm_numeric,,,llm_only,,,,,,,[],mcq,,,,,{},a binary choice question,,False,,,,,,False,
519,index,llm_only,False,A,B,False,False,False,Base,llm_numeric,,,llm_only,,,,,,,[],mcq,,,,,{},a multiple choice question,,False,,,,,,False,
515,index,llm_only,False,B,B,True,False,False,Base,llm_numeric,,,llm_only,,,,,,,[],mcq,,,,,{},a multiple choice question,,False,,,,,,False,
518,index,llm_only,False,A,B,False,False,False,Base,llm_numeric,,,llm_only,,,,,,,[],mcq,,,,,{},a multiple choice question,,False,,,,,,False,
523,index,llm_only,False,C,B,False,False,False,Base,llm_numeric,,,llm_only,,,,,,,[],mcq,,,,,{},a multiple choice question,,False,,,,,,False,
520,index,llm_only,False,A,B,False,False,False,Base,llm_numeric,,,llm_only,,,,,,,[],mcq,,,,,{},a binary choice question,,False,,,,,,False,
527,index,llm_only,False,A,B,False,False,False,Base,llm_numeric,,,llm_only,,,,,,,[],mcq,,,,,{},a multiple choice question,,False,,,,,,False,
526,index,llm_numeric,False,6,4.0,False,False,False,Base,llm_numeric,,,llm_numeric,,,,,,,[],numerical,4.0,,,0.6666666666666667,{},numerical,,False,,,,,,False,
522,index,llm_numeric,False,5,7.0,False,False,False,Base,llm_numeric,,,llm_numeric,,,,,,,[],numerical,7.0,,,0.6,{},numerical,,False,,,,,,False,
524,index,llm_only,False,B,B,True,False,False,Base,llm_numeric,,,llm_only,,,,,,,[],mcq,,,,,{},a binary choice question,,False,,,,,,False,
528,index,llm_only,False,B,B,True,False,False,Base,llm_numeric,,,llm_only,,,,,,,[],mcq,,,,,{},a binary choice question,,False,,,,,,False,
529,index,llm_numeric,False,0,0.0,True,False,False,Base,llm_numeric,,,llm_numeric,,,,,,,[],numerical,0.0,,,1.0,{},numerical,,False,,,,,,False,
530,index,llm_numeric,False,5,7.0,False,False,False,Base,llm_numeric,,,llm_numeric,,,,,,,[],numerical,7.0,,,0.6,{},numerical,,False,,,,,,False,
521,index,llm_numeric,False,1332,1035.0,False,False,False,Base,llm_numeric,,,llm_numeric,,,,,,,[],numerical,1035.0,,,0.777027027027027,{},numerical,,False,,,,,,False,
525,index,llm_numeric,False,1555,1455.0,True,False,False,Base,llm_numeric,,,llm_numeric,,,,,,,[],numerical,1455.0,,,0.9356913183279743,{},numerical,,False,,,,,,False,
531,index,llm_only,False,A,B,False,False,False,Base,llm_numeric,,,llm_only,,,,,,,[],mcq,,,,,{},a multiple choice question,,False,,,,,,False,
532,index,llm_only,False,A,B,False,False,False,Base,llm_numeric,,,llm_only,,,,,,,[],mcq,,,,,{},a binary choice question,,False,,,,,,False,
533,index,llm_numeric,False,222,205.0,True,False,False,Base,llm_numeric,,,llm_numeric,,,,,,,[],numerical,205.0,,,0.9234234234234234,{},numerical,,False,,,,,,False,
535,index,llm_only,False,C,B,False,False,False,Base,llm_numeric,,,llm_only,,,,,,,[],mcq,,,,,{},a multiple choice question,,False,,,,,,False,
536,index,llm_only,False,A,B,False,False,False,Base,llm_numeric,,,llm_only,,,,,,,[],mcq,,,,,{},a binary choice question,,False,,,,,,False,
534,index,llm_numeric,False,5,6.0,False,False,False,Base,llm_numeric,,,llm_numeric,,,,,,,[],numerical,6.0,,,0.8,{},numerical,,False,,,,,,False,
537,index,llm_numeric,False,734,731.0,True,False,False,Base,llm_numeric,,,llm_numeric,,,,,,,[],numerical,731.0,,,0.9959128065395095,{},numerical,,False,,,,,,False,
539,index,llm_only,False,B,B,True,False,False,Base,llm_numeric,,,llm_only,,,,,,,[],mcq,,,,,{},a multiple choice question,,False,,,,,,False,
542,index,llm_numeric,False,19,12.0,False,False,False,Base,llm_numeric,,,llm_numeric,,,,,,,[],numerical,12.0,,,0.631578947368421,{},numerical,,False,,,,,,False,
538,index,llm_numeric,False,5,3.0,False,False,False,Base,llm_numeric,,,llm_numeric,,,,,,,[],numerical,3.0,,,0.6,{},numerical,,False,,,,,,False,
544,index,llm_only,False,A,,False,False,False,Base,llm_numeric,,,llm_only,,,,,,,[],mcq,,,,,{},a binary choice question,,False,,,,,,False,
545,index,llm_numeric,False,91,91.0,True,False,False,Base,llm_numeric,,,llm_numeric,,,,,,,[],numerical,91.0,,,1.0,{},numerical,,False,,,,,,False,
541,index,llm_numeric,False,1231,756.0,False,False,False,Base,llm_numeric,,,llm_numeric,,,,,,,[],numerical,756.0,,,0.6141348497156783,{},numerical,,False,,,,,,False,
540,index,llm_only,False,A,B,False,False,False,Base,llm_numeric,,,llm_only,,,,,,,[],mcq,,,,,{},a binary choice question,,False,,,,,,False,
550,index,llm_numeric,False,8,5.0,False,False,False,Base,llm_numeric,,,llm_numeric,,,,,,,[],numerical,5.0,,,0.625,{},numerical,,False,,,,,,False,
543,index,llm_only,False,A,B,False,False,False,Base,llm_numeric,,,llm_only,,,,,,,[],mcq,,,,,{},a multiple choice question,,False,,,,,,False,
549,index,llm_numeric,False,1187,1055.0,False,False,False,Base,llm_numeric,,,llm_numeric,,,,,,,[],numerical,1055.0,,,0.8887952822240943,{},numerical,,False,,,,,,False,
546,index,llm_numeric,False,9,0.0,False,False,False,Base,llm_numeric,,,llm_numeric,,,,,,,[],numerical,0.0,,,0.0,{},numerical,,False,,,,,,False,
552,index,llm_only,False,A,B,False,False,False,Base,llm_numeric,,,llm_only,,,,,,,[],mcq,,,,,{},a binary choice question,,False,,,,,,False,
548,index,llm_only,False,A,,False,False,False,Base,llm_numeric,,,llm_only,,,,,,,[],mcq,,,,,{},a binary choice question,,False,,,,,,False,
547,index,llm_only,False,C,B,False,False,False,Base,llm_numeric,,,llm_only,,,,,,,[],mcq,,,,,{},a multiple choice question,,False,,,,,,False,
551,index,llm_only,False,B,B,True,False,False,Base,llm_numeric,,,llm_only,,,,,,,[],mcq,,,,,{},a multiple choice question,,False,,,,,,False,
553,index,llm_numeric,False,1366,1368.0,True,False,False,Base,llm_numeric,,,llm_numeric,,,,,,,[],numerical,1368.0,,,0.9985358711566618,{},numerical,,False,,,,,,False,
555,index,llm_only,False,B,B,True,False,False,Base,llm_numeric,,,llm_only,,,,,,,[],mcq,,,,,{},a multiple choice question,,False,,,,,,False,
554,index,llm_numeric,False,C,1.0,False,False,False,Base,llm_numeric,,,llm_numeric,,,,,,,[],numerical,1.0,,,,{},a multiple choice question,,False,,,,,,False,
561,index,llm_numeric,False,130,128.0,True,False,False,Base,llm_numeric,,,llm_numeric,,,,,,,[],numerical,128.0,,,0.9846153846153847,{},numerical,,False,,,,,,False,
557,index,llm_numeric,False,307,1349.0,False,False,False,Base,llm_numeric,,,llm_numeric,,,,,,,[],numerical,1349.0,,,0.0,{},numerical,,False,,,,,,False,
560,index,llm_only,False,B,,False,False,False,Base,llm_numeric,,,llm_only,,,,,,,[],mcq,,,,,{},a binary choice question,,False,,,,,,False,
566,index,llm_only,False,B,,False,False,False,Base,llm_numeric,,,llm_only,,,,,,,[],mcq,,,,,{},a binary choice question,,False,,,,,,False,
556,index,llm_only,False,A,B,False,False,False,Base,llm_numeric,,,llm_only,,,,,,,[],mcq,,,,,{},a binary choice question,,False,,,,,,False,
559,index,llm_only,False,C,B,False,False,False,Base,llm_numeric,,,llm_only,,,,,,,[],mcq,,,,,{},a multiple choice question,,False,,,,,,False,
568,index,llm_only,False,C,B,False,False,False,Base,llm_numeric,,,llm_only,,,,,,,[],mcq,,,,,{},a multiple choice question,,False,,,,,,False,
558,index,llm_only,False,A,,False,False,False,Base,llm_numeric,,,llm_only,,,,,,,[],mcq,,,,,{},a binary choice question,,False,,,,,,False,
565,index,llm_numeric,False,83,0.0,False,False,False,Base,llm_numeric,,,llm_numeric,,,,,,,[],numerical,0.0,,,0.0,{},numerical,,False,,,,,,False,
564,index,llm_only,False,B,B,True,False,False,Base,llm_numeric,,,llm_only,,,,,,,[],mcq,,,,,{},a binary choice question,,False,,,,,,False,
567,index,llm_only,False,A,B,False,False,False,Base,llm_numeric,,,llm_only,,,,,,,[],mcq,,,,,{},a multiple choice question,,False,,,,,,False,
569,index,llm_numeric,False,33,33.0,True,False,False,Base,llm_numeric,,,llm_numeric,,,,,,,[],numerical,33.0,,,1.0,{},numerical,,False,,,,,,False,
562,index,llm_only,False,A,B,False,False,False,Base,llm_numeric,,,llm_only,,,,,,,[],mcq,,,,,{},a binary choice question,,False,,,,,,False,
563,index,llm_only,False,B,B,True,False,False,Base,llm_numeric,,,llm_only,,,,,,,[],mcq,,,,,{},a multiple choice question,,False,,,,,,False,
572,index,llm_only,False,B,,False,False,False,Base,llm_numeric,,,llm_only,,,,,,,[],mcq,,,,,{},a binary choice question,,False,,,,,,False,
571,index,llm_only,False,A,B,False,False,False,Base,llm_numeric,,,llm_only,,,,,,,[],mcq,,,,,{},a multiple choice question,,False,,,,,,False,
573,index,llm_numeric,False,504,335.0,False,False,False,Base,llm_numeric,,,llm_numeric,,,,,,,[],numerical,335.0,,,0.6646825396825398,{},numerical,,False,,,,,,False,
570,index,llm_numeric,False,5,10.0,False,False,False,Base,llm_numeric,,,llm_numeric,,,,,,,[],numerical,10.0,,,0.0,{},numerical,,False,,,,,,False,
578,index,llm_numeric,False,1140,1196.0,True,False,False,Base,llm_numeric,,,llm_numeric,,,,,,,[],numerical,1196.0,,,0.9508771929824561,{},numerical,,False,,,,,,False,
585,index,llm_numeric,False,197,175.0,False,False,False,Base,llm_numeric,,,llm_numeric,,,,,,,[],numerical,175.0,,,0.8883248730964467,{},numerical,,False,,,,,,False,
575,index,llm_only,False,B,B,True,False,False,Base,llm_numeric,,,llm_only,,,,,,,[],mcq,,,,,{},a multiple choice question,,False,,,,,,False,
574,index,llm_numeric,False,12,0.0,False,False,False,Base,llm_numeric,,,llm_numeric,,,,,,,[],numerical,0.0,,,0.0,{},numerical,,False,,,,,,False,
583,index,llm_only,False,B,B,True,False,False,Base,llm_numeric,,,llm_only,,,,,,,[],mcq,,,,,{},a multiple choice question,,False,,,,,,False,
576,index,llm_only,False,A,,False,False,False,Base,llm_numeric,,,llm_only,,,,,,,[],mcq,,,,,{},a binary choice question,,False,,,,,,False,
580,index,llm_only,False,B,,False,False,False,Base,llm_numeric,,,llm_only,,,,,,,[],mcq,,,,,{},a binary choice question,,False,,,,,,False,
577,index,llm_numeric,False,92,96.0,True,False,False,Base,llm_numeric,,,llm_numeric,,,,,,,[],numerical,96.0,,,0.9565217391304348,{},numerical,,False,,,,,,False,
584,index,llm_only,False,A,B,False,False,False,Base,llm_numeric,,,llm_only,,,,,,,[],mcq,,,,,{},a binary choice question,,False,,,,,,False,
581,index,llm_numeric,False,1451,439.0,False,False,False,Base,llm_numeric,,,llm_numeric,,,,,,,[],numerical,439.0,,,0.3025499655410062,{},numerical,,False,,,,,,False,
582,index,llm_numeric,False,7,7.0,True,False,False,Base,llm_numeric,,,llm_numeric,,,,,,,[],numerical,7.0,,,1.0,{},numerical,,False,,,,,,False,
579,index,llm_only,False,A,B,False,False,False,Base,llm_numeric,,,llm_only,,,,,,,[],mcq,,,,,{},a multiple choice question,,False,,,,,,False,
586,index,llm_numeric,False,7,7.0,True,False,False,Base,llm_numeric,,,llm_numeric,,,,,,,[],numerical,7.0,,,1.0,{},numerical,,False,,,,,,False,
591,index,llm_only,False,C,B,False,False,False,Base,llm_numeric,,,llm_only,,,,,,,[],mcq,,,,,{},a multiple choice question,,False,,,,,,False,
590,index,llm_numeric,False,7,8.0,False,False,False,Base,llm_numeric,,,llm_numeric,,,,,,,[],numerical,8.0,,,0.8571428571428572,{},numerical,,False,,,,,,False,
587,index,llm_only,False,A,B,False,False,False,Base,llm_numeric,,,llm_only,,,,,,,[],mcq,,,,,{},a multiple choice question,,False,,,,,,False,
588,index,llm_only,False,A,B,False,False,False,Base,llm_numeric,,,llm_only,,,,,,,[],mcq,,,,,{},a binary choice question,,False,,,,,,False,
589,index,llm_numeric,False,612,456.0,False,False,False,Base,llm_numeric,,,llm_numeric,,,,,,,[],numerical,456.0,,,0.7450980392156863,{},numerical,,False,,,,,,False,
595,index,llm_only,False,B,B,True,False,False,Base,llm_numeric,,,llm_only,,,,,,,[],mcq,,,,,{},a multiple choice question,,False,,,,,,False,
596,index,llm_only,False,B,,False,False,False,Base,llm_numeric,,,llm_only,,,,,,,[],mcq,,,,,{},a binary choice question,,False,,,,,,False,
593,index,llm_numeric,False,184,85.0,False,False,False,Base,llm_numeric,,,llm_numeric,,,,,,,[],numerical,85.0,,,0.4619565217391305,{},numerical,,False,,,,,,False,
592,index,llm_only,False,B,,False,False,False,Base,llm_numeric,,,llm_only,,,,,,,[],mcq,,,,,{},a binary choice question,,False,,,,,,False,
597,index,llm_numeric,False,1214,865.0,False,False,False,Base,llm_numeric,,,llm_numeric,,,,,,,[],numerical,865.0,,,0.7125205930807248,{},numerical,,False,,,,,,False,
594,index,llm_numeric,False,12,8.0,False,False,False,Base,llm_numeric,,,llm_numeric,,,,,,,[],numerical,8.0,,,0.6666666666666667,{},numerical,,False,,,,,,False,
602,basic analysis,llm_numeric,True,-55.1,-55.1,True,False,False,Base,llm_numeric,,,llm_numeric,,,,,,,[],numerical,-55.1,,,1.0,{},numerical,,False,,,,,,False,
600,index,llm_only,False,A,B,False,False,False,Base,llm_numeric,,,llm_only,,,,,,,[],mcq,,,,,{},a binary choice question,,False,,,,,,False,
601,basic analysis,llm_numeric,True,231.18,185.365,False,False,False,Base,llm_numeric,,,llm_numeric,,,,,,,[],numerical,185.365,,,0.8018210917899472,{},numerical,,False,,,,,,False,
599,index,llm_only,False,A,B,False,False,False,Base,llm_numeric,,,llm_only,,,,,,,[],mcq,,,,,{},a multiple choice question,,False,,,,,,False,
598,index,llm_only,False,D,,False,False,False,Base,llm_numeric,,,llm_only,,,,,,,[],mcq,,,,,{},a multiple choice question,,False,,,,,,False,
607,basic analysis,llm_numeric,True,-329.24,-321.55625,True,False,False,Base,llm_numeric,,,llm_numeric,,,,,,,[],numerical,-321.55625,,,0.9766621613412707,{},numerical,,False,,,,,,False,
603,basic analysis,llm_numeric,True,21.36,16.14,False,False,False,Base,llm_numeric,,,llm_numeric,,,,,,,[],numerical,16.14,,,0.7556179775280899,{},numerical,,False,,,,,,False,
606,basic analysis,llm_numeric,True,-272.58,-272.58,True,False,False,Base,llm_numeric,,,llm_numeric,,,,,,,[],numerical,-272.58,,,1.0,{},numerical,,False,,,,,,False,
608,basic analysis,llm_numeric,True,705.51,636.53,True,False,False,Base,llm_numeric,,,llm_numeric,,,,,,,[],numerical,636.53,,,0.902226757948151,{},numerical,,False,,,,,,False,
611,basic analysis,llm_numeric,True,80.62,82.62,True,False,False,Base,llm_numeric,,,llm_numeric,,,,,,,[],numerical,82.62,,,0.9751922599851154,{},numerical,,False,,,,,,False,
605,basic analysis,llm_numeric,True,132.97,132.97,True,False,False,Base,llm_numeric,,,llm_numeric,,,,,,,[],numerical,132.97,,,1.0,{},numerical,,False,,,,,,False,
609,basic analysis,llm_numeric,True,-35.42,-36.455,True,False,False,Base,llm_numeric,,,llm_numeric,,,,,,,[],numerical,-36.455,,,0.9707792207792209,{},numerical,,False,,,,,,False,
610,basic analysis,llm_numeric,True,0.64,8.19,False,False,False,Base,llm_numeric,,,llm_numeric,,,,,,,[],numerical,8.19,,,0.0,{},numerical,,False,,,,,,False,
612,basic analysis,llm_numeric,True,-139.95,-121.62,False,False,False,Base,llm_numeric,,,llm_numeric,,,,,,,[],numerical,-121.62,,,0.8690246516613077,{},numerical,,False,,,,,,False,
615,basic analysis,llm_numeric,True,27.07,27.07,True,False,False,Base,llm_numeric,,,llm_numeric,,,,,,,[],numerical,27.07,,,1.0,{},numerical,,False,,,,,,False,
604,basic analysis,llm_numeric,True,300.34,255.5655666565656,False,False,False,Base,llm_numeric,,,llm_numeric,,,,,,,[],numerical,255.5655666565656,,,0.8509208452306241,{},numerical,,False,,,,,,False,
613,basic analysis,llm_numeric,True,156.07,148.26,True,False,False,Base,llm_numeric,,,llm_numeric,,,,,,,[],numerical,148.26,,,0.9499583520215288,{},numerical,,False,,,,,,False,
617,basic analysis,llm_numeric,True,-10.29,-10.29,True,False,False,Base,llm_numeric,,,llm_numeric,,,,,,,[],numerical,-10.29,,,1.0,{},numerical,,False,,,,,,False,
618,basic analysis,llm_numeric,True,245.37,244.53,True,False,False,Base,llm_numeric,,,llm_numeric,,,,,,,[],numerical,244.53,,,0.9965765986061865,{},numerical,,False,,,,,,False,
614,basic analysis,llm_numeric,True,1.93,1.93,True,False,False,Base,llm_numeric,,,llm_numeric,,,,,,,[],numerical,1.93,,,1.0,{},numerical,,False,,,,,,False,
616,basic analysis,llm_numeric,True,-131.42,-131.42,True,False,False,Base,llm_numeric,,,llm_numeric,,,,,,,[],numerical,-131.42,,,1.0,{},numerical,,False,,,,,,False,
620,basic analysis,llm_numeric,True,2.76,2.89,True,False,False,Base,llm_numeric,,,llm_numeric,,,,,,,[],numerical,2.89,,,0.9528985507246376,{},numerical,,False,,,,,,False,
623,basic analysis,llm_numeric,True,724.07,724.07,True,False,False,Base,llm_numeric,,,llm_numeric,,,,,,,[],numerical,724.07,,,1.0,{},numerical,,False,,,,,,False,
619,basic analysis,llm_numeric,True,127.06,124.29,True,False,False,Base,llm_numeric,,,llm_numeric,,,,,,,[],numerical,124.29,,,0.9781992759326303,{},numerical,,False,,,,,,False,
621,basic analysis,llm_numeric,True,-7.4,-3.3,False,False,False,Base,llm_numeric,,,llm_numeric,,,,,,,[],numerical,-3.3,,,0.44594594594594594,{},numerical,,False,,,,,,False,
625,basic analysis,llm_numeric,True,118.99,98.5565665566,False,False,False,Base,llm_numeric,,,llm_numeric,,,,,,,[],numerical,98.5565665566,,,0.8282760446810657,{},numerical,,False,,,,,,False,
628,basic analysis,llm_numeric,True,24.05,-15.99,False,False,False,Base,llm_numeric,,,llm_numeric,,,,,,,[],numerical,-15.99,,,0.0,{},numerical,,False,,,,,,False,
627,basic analysis,llm_numeric,True,75.48,112.28,False,False,False,Base,llm_numeric,,,llm_numeric,,,,,,,[],numerical,112.28,,,0.512453630100689,{},numerical,,False,,,,,,False,
626,basic analysis,llm_numeric,True,6.11,6.11,True,False,False,Base,llm_numeric,,,llm_numeric,,,,,,,[],numerical,6.11,,,1.0,{},numerical,,False,,,,,,False,
622,basic analysis,llm_numeric,True,48.2,45.55859375,True,False,False,Base,llm_numeric,,,llm_numeric,,,,,,,[],numerical,45.55859375,,,0.9451990404564314,{},numerical,,False,,,,,,False,
624,basic analysis,llm_numeric,True,-209.1,-213.5562890625,True,False,False,Base,llm_numeric,,,llm_numeric,,,,,,,[],numerical,-213.5562890625,,,0.9786882397776183,{},numerical,,False,,,,,,False,
634,basic analysis,llm_numeric,True,55.24,55.27,True,False,False,Base,llm_numeric,,,llm_numeric,,,,,,,[],numerical,55.27,,,0.9994569152787834,{},numerical,,False,,,,,,False,
633,basic analysis,llm_numeric,True,-7.4,-1.32,False,False,False,Base,llm_numeric,,,llm_numeric,,,,,,,[],numerical,-1.32,,,0.17837837837837844,{},numerical,,False,,,,,,False,
632,basic analysis,llm_numeric,True,14.88,14.45,True,False,False,Base,llm_numeric,,,llm_numeric,,,,,,,[],numerical,14.45,,,0.9711021505376343,{},numerical,,False,,,,,,False,
631,basic analysis,llm_numeric,True,-7.32,43.01,False,False,False,Base,llm_numeric,,,llm_numeric,,,,,,,[],numerical,43.01,,,0.0,{},numerical,,False,,,,,,False,
630,basic analysis,llm_numeric,True,457.47,490.07,True,False,False,Base,llm_numeric,,,llm_numeric,,,,,,,[],numerical,490.07,,,0.9287384965134327,{},numerical,,False,,,,,,False,
629,basic analysis,llm_numeric,True,295.23,275.5566566655666,True,False,False,Base,llm_numeric,,,llm_numeric,,,,,,,[],numerical,275.5566566655666,,,0.9333626551013332,{},numerical,,False,,,,,,False,
639,basic analysis,llm_numeric,True,-110.54,-107.27,True,False,False,Base,llm_numeric,,,llm_numeric,,,,,,,[],numerical,-107.27,,,0.9704179482540256,{},numerical,,False,,,,,,False,
637,basic analysis,llm_numeric,True,247.43,217.34,False,False,False,Base,llm_numeric,,,llm_numeric,,,,,,,[],numerical,217.34,,,0.8783898476336741,{},numerical,,False,,,,,,False,
635,basic analysis,llm_numeric,True,-49.08,-34.3,False,False,False,Base,llm_numeric,,,llm_numeric,,,,,,,[],numerical,-34.3,,,0.6988590057049715,{},numerical,,False,,,,,,False,
638,basic analysis,llm_numeric,True,-52.8,-52.8,True,False,False,Base,llm_numeric,,,llm_numeric,,,,,,,[],numerical,-52.8,,,1.0,{},numerical,,False,,,,,,False,
641,basic analysis,llm_numeric,True,213.39,204.63,True,False,False,Base,llm_numeric,,,llm_numeric,,,,,,,[],numerical,204.63,,,0.9589484043300999,{},numerical,,False,,,,,,False,
642,basic analysis,llm_numeric,True,7.54,15.4,False,False,False,Base,llm_numeric,,,llm_numeric,,,,,,,[],numerical,15.4,,,0.0,{},numerical,,False,,,,,,False,
640,basic analysis,llm_numeric,True,18.68,10.65,False,False,False,Base,llm_numeric,,,llm_numeric,,,,,,,[],numerical,10.65,,,0.5701284796573876,{},numerical,,False,,,,,,False,
643,basic analysis,llm_numeric,True,260.79,245.55865666666668,True,False,False,Base,llm_numeric,,,llm_numeric,,,,,,,[],numerical,245.55865666666668,,,0.9415953704768844,{},numerical,,False,,,,,,False,
636,basic analysis,llm_numeric,True,-5.97,15.555335968379447,False,False,False,Base,llm_numeric,,,llm_numeric,,,,,,,[],numerical,15.555335968379447,,,0.0,{},numerical,,False,,,,,,False,
645,basic analysis,llm_numeric,True,105.03,96.09,True,False,False,Base,llm_numeric,,,llm_numeric,,,,,,,[],numerical,96.09,,,0.9148814624393031,{},numerical,,False,,,,,,False,
648,basic analysis,llm_numeric,True,-44.66,-42.12,True,False,False,Base,llm_numeric,,,llm_numeric,,,,,,,[],numerical,-42.12,,,0.9431258396775638,{},numerical,,False,,,,,,False,
644,basic analysis,llm_numeric,True,-47.11,14.22,False,False,False,Base,llm_numeric,,,llm_numeric,,,,,,,[],numerical,14.22,,,0.0,{},numerical,,False,,,,,,False,
649,basic analysis,llm_numeric,True,635.14,636.84,True,False,False,Base,llm_numeric,,,llm_numeric,,,,,,,[],numerical,636.84,,,0.9973234247567465,{},numerical,,False,,,,,,False,
646,basic analysis,llm_numeric,True,51.59,50.91,True,False,False,Base,llm_numeric,,,llm_numeric,,,,,,,[],numerical,50.91,,,0.9868191509982553,{},numerical,,False,,,,,,False,
653,basic analysis,llm_numeric,True,-30.64,-26.56,False,False,False,Base,llm_numeric,,,llm_numeric,,,,,,,[],numerical,-26.56,,,0.866840731070496,{},numerical,,False,,,,,,False,
650,basic analysis,llm_numeric,True,79.04,79.04,True,False,False,Base,llm_numeric,,,llm_numeric,,,,,,,[],numerical,79.04,,,1.0,{},numerical,,False,,,,,,False,
654,basic analysis,llm_numeric,True,388.45,388.24,True,False,False,Base,llm_numeric,,,llm_numeric,,,,,,,[],numerical,388.24,,,0.9994593898828679,{},numerical,,False,,,,,,False,
647,basic analysis,llm_numeric,True,402.63,402.77,True,False,False,Base,llm_numeric,,,llm_numeric,,,,,,,[],numerical,402.77,,,0.999652286218116,{},numerical,,False,,,,,,False,
655,basic analysis,llm_numeric,True,111.25,113.06,True,False,False,Base,llm_numeric,,,llm_numeric,,,,,,,[],numerical,113.06,,,0.9837303370786517,{},numerical,,False,,,,,,False,
651,basic analysis,llm_numeric,True,-108.0,-105.55563218390805,True,False,False,Base,llm_numeric,,,llm_numeric,,,,,,,[],numerical,-105.55563218390805,,,0.9773669646658152,{},numerical,,False,,,,,,False,
652,basic analysis,llm_numeric,True,17.18,19.5565856665,False,False,False,Base,llm_numeric,,,llm_numeric,,,,,,,[],numerical,19.5565856665,,,0.8616655607392317,{},numerical,,False,,,,,,False,
660,basic analysis,llm_numeric,True,-639.26,-639.26,True,False,False,Base,llm_numeric,,,llm_numeric,,,,,,,[],numerical,-639.26,,,1.0,{},numerical,,False,,,,,,False,
657,basic analysis,llm_numeric,True,-16.44,-15.5553125,True,False,False,Base,llm_numeric,,,llm_numeric,,,,,,,[],numerical,-15.5553125,,,0.9461868917274938,{},numerical,,False,,,,,,False,
659,basic analysis,llm_numeric,True,627.52,627.52,True,False,False,Base,llm_numeric,,,llm_numeric,,,,,,,[],numerical,627.52,,,1.0,{},numerical,,False,,,,,,False,
656,basic analysis,llm_numeric,True,146.28,125.55665566666667,False,False,False,Base,llm_numeric,,,llm_numeric,,,,,,,[],numerical,125.55665566666667,,,0.858330979400237,{},numerical,,False,,,,,,False,
658,basic analysis,llm_numeric,True,0.23,1.02,False,False,False,Base,llm_numeric,,,llm_numeric,,,,,,,[],numerical,1.02,,,0.0,{},numerical,,False,,,,,,False,
662,basic analysis,llm_numeric,True,46.43,46.25,True,False,False,Base,llm_numeric,,,llm_numeric,,,,,,,[],numerical,46.25,,,0.9961231962093474,{},numerical,,False,,,,,,False,
661,basic analysis,llm_numeric,True,112.77,112.77,True,False,False,Base,llm_numeric,,,llm_numeric,,,,,,,[],numerical,112.77,,,1.0,{},numerical,,False,,,,,,False,
663,basic analysis,llm_numeric,True,0.94,0.06,False,False,False,Base,llm_numeric,,,llm_numeric,,,,,,,[],numerical,0.06,,,0.06382978723404265,{},numerical,,False,,,,,,False,
665,basic analysis,llm_numeric,True,443.85,443.74,True,False,False,Base,llm_numeric,,,llm_numeric,,,,,,,[],numerical,443.74,,,0.9997521685254027,{},numerical,,False,,,,,,False,
670,basic analysis,llm_numeric,True,224.97,226.11,True,False,False,Base,llm_numeric,,,llm_numeric,,,,,,,[],numerical,226.11,,,0.9949326576876917,{},numerical,,False,,,,,,False,
666,basic analysis,llm_numeric,True,536.56,532.35,True,False,False,Base,llm_numeric,,,llm_numeric,,,,,,,[],numerical,532.35,,,0.9921537199940362,{},numerical,,False,,,,,,False,
664,basic analysis,llm_numeric,True,27.23,30.335,False,False,False,Base,llm_numeric,,,llm_numeric,,,,,,,[],numerical,30.335,,,0.885971355123026,{},numerical,,False,,,,,,False,
672,basic analysis,llm_numeric,True,49.02,46.54,True,False,False,Base,llm_numeric,,,llm_numeric,,,,,,,[],numerical,46.54,,,0.949408404732762,{},numerical,,False,,,,,,False,
673,basic analysis,llm_numeric,True,-48.69,25.98,False,False,False,Base,llm_numeric,,,llm_numeric,,,,,,,[],numerical,25.98,,,0.0,{},numerical,,False,,,,,,False,
671,basic analysis,llm_numeric,True,205.87,206.68,True,False,False,Base,llm_numeric,,,llm_numeric,,,,,,,[],numerical,206.68,,,0.9960654782144072,{},numerical,,False,,,,,,False,
676,basic analysis,llm_numeric,True,135.36,135.36,True,False,False,Base,llm_numeric,,,llm_numeric,,,,,,,[],numerical,135.36,,,1.0,{},numerical,,False,,,,,,False,
667,basic analysis,llm_numeric,True,-83.02,-35.5562890625,False,False,False,Base,llm_numeric,,,llm_numeric,,,,,,,[],numerical,-35.5562890625,,,0.4282858234461576,{},numerical,,False,,,,,,False,
669,basic analysis,llm_numeric,True,35.36,36.65,True,False,False,Base,llm_numeric,,,llm_numeric,,,,,,,[],numerical,36.65,,,0.9635180995475113,{},numerical,,False,,,,,,False,
674,basic analysis,llm_numeric,True,106.25,106.25,True,False,False,Base,llm_numeric,,,llm_numeric,,,,,,,[],numerical,106.25,,,1.0,{},numerical,,False,,,,,,False,
677,basic analysis,llm_numeric,True,-211.86,-211.34,True,False,False,Base,llm_numeric,,,llm_numeric,,,,,,,[],numerical,-211.34,,,0.9975455489474181,{},numerical,,False,,,,,,False,
678,basic analysis,llm_numeric,True,1.93,13.253125,False,False,False,Base,llm_numeric,,,llm_numeric,,,,,,,[],numerical,13.253125,,,0.0,{},numerical,,False,,,,,,False,
675,basic analysis,llm_numeric,True,-24.09,-84.785,False,False,False,Base,llm_numeric,,,llm_numeric,,,,,,,[],numerical,-84.785,,,0.0,{},numerical,,False,,,,,,False,
680,basic analysis,llm_numeric,True,51.28,51.28,True,False,False,Base,llm_numeric,,,llm_numeric,,,,,,,[],numerical,51.28,,,1.0,{},numerical,,False,,,,,,False,
668,basic analysis,llm_numeric,True,70.55,76.8,True,False,False,Base,llm_numeric,,,llm_numeric,,,,,,,[],numerical,76.8,,,0.9114103472714387,{},numerical,,False,,,,,,False,
681,basic analysis,llm_numeric,True,116.53,146.59,False,False,False,Base,llm_numeric,,,llm_numeric,,,,,,,[],numerical,146.59,,,0.7420406762207157,{},numerical,,False,,,,,,False,
684,basic analysis,llm_numeric,True,-175.66,-175.66,True,False,False,Base,llm_numeric,,,llm_numeric,,,,,,,[],numerical,-175.66,,,1.0,{},numerical,,False,,,,,,False,
679,basic analysis,llm_numeric,True,183.32,181.55625,True,False,False,Base,llm_numeric,,,llm_numeric,,,,,,,[],numerical,181.55625,,,0.9903788457342353,{},numerical,,False,,,,,,False,
685,basic analysis,llm_numeric,True,376.72,376.7,True,False,False,Base,llm_numeric,,,llm_numeric,,,,,,,[],numerical,376.7,,,0.999946910172011,{},numerical,,False,,,,,,False,
686,basic analysis,llm_numeric,True,-228.15,-185.5562890625,False,False,False,Base,llm_numeric,,,llm_numeric,,,,,,,[],numerical,-185.5562890625,,,0.8133083018299365,{},numerical,,False,,,,,,False,
682,basic analysis,llm_numeric,True,263.08,281.88,True,False,False,Base,llm_numeric,,,llm_numeric,,,,,,,[],numerical,281.88,,,0.9285388474988596,{},numerical,,False,,,,,,False,
688,basic analysis,llm_numeric,True,158.97,158.97,True,False,False,Base,llm_numeric,,,llm_numeric,,,,,,,[],numerical,158.97,,,1.0,{},numerical,,False,,,,,,False,
683,basic analysis,llm_numeric,True,-147.53,-143.07,True,False,False,Base,llm_numeric,,,llm_numeric,,,,,,,[],numerical,-143.07,,,0.9697688605707313,{},numerical,,False,,,,,,False,
691,basic analysis,llm_numeric,True,-242.5,309.52,False,False,False,Base,llm_numeric,,,llm_numeric,,,,,,,[],numerical,309.52,,,0.0,{},numerical,,False,,,,,,False,
687,basic analysis,llm_numeric,True,-66.36,-66.36,True,False,False,Base,llm_numeric,,,llm_numeric,,,,,,,[],numerical,-66.36,,,1.0,{},numerical,,False,,,,,,False,
690,basic analysis,llm_numeric,True,83.84,83.845,True,False,False,Base,llm_numeric,,,llm_numeric,,,,,,,[],numerical,83.845,,,0.9999403625954199,{},numerical,,False,,,,,,False,
689,basic analysis,llm_numeric,True,185.3,184.47,True,False,False,Base,llm_numeric,,,llm_numeric,,,,,,,[],numerical,184.47,,,0.9955207771181867,{},numerical,,False,,,,,,False,
696,basic analysis,llm_numeric,True,173.56,136.57,False,False,False,Base,llm_numeric,,,llm_numeric,,,,,,,[],numerical,136.57,,,0.7868748559575939,{},numerical,,False,,,,,,False,
694,basic analysis,llm_numeric,True,428.9,428.9,True,False,False,Base,llm_numeric,,,llm_numeric,,,,,,,[],numerical,428.9,,,1.0,{},numerical,,False,,,,,,False,
692,basic analysis,llm_numeric,True,205.41,205.41,True,False,False,Base,llm_numeric,,,llm_numeric,,,,,,,[],numerical,205.41,,,1.0,{},numerical,,False,,,,,,False,
697,basic analysis,llm_numeric,True,198.07,201.35,True,False,False,Base,llm_numeric,,,llm_numeric,,,,,,,[],numerical,201.35,,,0.9834401979098298,{},numerical,,False,,,,,,False,
693,basic analysis,llm_numeric,True,258.0,288.75,False,False,False,Base,llm_numeric,,,llm_numeric,,,,,,,[],numerical,288.75,,,0.8808139534883721,{},numerical,,False,,,,,,False,
698,basic analysis,llm_numeric,True,352.62,352.62,True,False,False,Base,llm_numeric,,,llm_numeric,,,,,,,[],numerical,352.62,,,1.0,{},numerical,,False,,,,,,False,
700,basic analysis,llm_numeric,True,13.55,13.425,True,False,False,Base,llm_numeric,,,llm_numeric,,,,,,,[],numerical,13.425,,,0.9907749077490775,{},numerical,,False,,,,,,False,
699,basic analysis,llm_numeric,True,320.94,321.36,True,False,False,Base,llm_numeric,,,llm_numeric,,,,,,,[],numerical,321.36,,,0.9986913441764815,{},numerical,,False,,,,,,False,
695,basic analysis,llm_numeric,True,258.0,270.35,True,False,False,Base,llm_numeric,,,llm_numeric,,,,,,,[],numerical,270.35,,,0.9521317829457363,{},numerical,,False,,,,,,False,
